Date,Adj Close,Close,High,Low,Open,Volume,SMA_20,SMA_50,EMA_12,EMA_26,MACD,Signal_Line,RSI_14,BB_Mid,BB_Upper,BB_Lower,Daily_Return_%
2007-09-17,4494.64990234375,4494.64990234375,4549.0498046875,4482.85009765625,4518.4501953125,0,,,4494.64990234375,4494.64990234375,0.0,0.0,,,,,
2007-09-18,4546.2001953125,4546.2001953125,4551.7998046875,4481.5498046875,4494.10009765625,0,,,4502.580716646635,4498.468442563657,4.1122740829778195,0.822454816595564,,,,,1.1469256580333154
2007-09-19,4732.35009765625,4732.35009765625,4739.0,4550.25,4550.25,0,,,4537.929852186576,4515.793009607552,22.136842579023323,5.085332369081116,,,,,4.094626156931791
2007-09-20,4747.5498046875,4747.5498046875,4760.85009765625,4721.14990234375,4734.85009765625,0,,,4570.179075648256,4532.960179613474,37.21889603478212,11.512045102221318,,,,,0.32118728998469237
2007-09-21,4837.5498046875,4837.5498046875,4855.7001953125,4733.7001953125,4752.9501953125,0,,,4611.313033961986,4555.522374063402,55.790659898583726,20.3677680614938,,,,,1.8957147097464544
2007-09-24,4932.2001953125,4932.2001953125,4941.14990234375,4837.14990234375,4837.14990234375,0,,,4660.680289554372,4583.424434896669,77.25585465770382,31.745385380735804,,,,,1.9565770781994951
2007-09-25,4938.85009765625,4938.85009765625,4953.89990234375,4878.14990234375,4939.10009765625,0,,,4703.475644646969,4609.752261767749,93.72338287922048,44.14098488043274,,,,,0.13482628604715163
2007-09-26,4940.5,4940.5,4980.85009765625,4930.35009765625,4937.60009765625,0,,,4739.940930085897,4634.252094229397,105.68883585650019,56.450555075646236,,,,,0.03340660905122306
2007-09-27,5000.5498046875,5000.5498046875,5016.39990234375,4942.7001953125,4942.7001953125,0,,,4780.034603101529,4661.385257967034,118.64934513449498,68.89031308741599,,,,,1.2154600685659434
2007-09-28,5021.35009765625,5021.35009765625,5055.7998046875,4996.4501953125,4996.4501953125,0,,,4817.1600638022555,4688.049320166235,129.11074363602074,80.93439919713694,,,,,0.4159601200102392
2007-10-01,5068.9501953125,5068.9501953125,5089.2998046875,5001.35009765625,5021.5,0,,,4855.897007111524,4716.264199806699,139.63280730482438,92.67408081867443,,,,,0.947954170303067
2007-10-03,5210.7998046875,5210.7998046875,5261.35009765625,5034.14990234375,5069.0,0,,,4910.497437507828,4752.896466834906,157.6009706729219,105.65945878952392,,,,,2.7984021130484704
2007-10-04,5208.64990234375,5208.64990234375,5233.10009765625,5126.0498046875,5211.64990234375,0,,,4956.367047482585,4786.655980576302,169.71106690628312,118.46978041287576,,,,,-0.0412585864806414
2007-10-05,5185.85009765625,5185.85009765625,5248.5498046875,5164.5,5208.14990234375,0,,,4991.672132124687,4816.225915174816,175.4462169498711,129.86506772027485,96.6334205664619,,,,-0.4377296442450662
2007-10-08,5085.10009765625,5085.10009765625,5249.2998046875,5024.75,5186.25,0,,,5006.045665283389,4836.142521284552,169.90314399883755,137.8726829759874,85.0686267913611,,,,-1.9427865847015946
2007-10-09,5327.25,5327.25,5348.7001953125,5000.9501953125,5062.64990234375,0,,,5055.461716778252,4872.520853041252,182.94086373699975,146.88631912818988,87.8250954382593,,,,4.76194957215017
2007-10-10,5441.4501953125,5441.4501953125,5454.7001953125,5328.14990234375,5328.14990234375,0,,,5114.844559629674,4914.663767283566,200.18079234610832,157.54521377177358,86.91308996021053,,,,2.1436988185743022
2007-10-11,5524.85009765625,5524.85009765625,5532.75,5424.25,5438.89990234375,0,,,5177.922334710686,4959.86275471858,218.0595799921066,169.6480870158402,87.78071907942797,,,,1.5326778588471646
2007-10-12,5428.25,5428.25,5549.2998046875,5402.60009765625,5525.2998046875,0,,,5216.434283216735,4994.558106220907,221.87617699582825,180.0937050118378,78.52797772384395,,,,-1.7484654958734525
2007-10-15,5670.39990234375,5670.39990234375,5682.64990234375,5419.89990234375,5428.35009765625,0,5067.165014648437,,5286.275147697814,5044.620461489265,241.6546862085488,192.40590125118,81.20561944836737,5067.165014648437,5697.947427491941,4436.382601804933,4.460920229240539
2007-10-16,5668.0498046875,5668.0498046875,5708.35009765625,5578.4501953125,5670.64990234375,0,5125.835009765625,,5345.009710311611,5090.800412837282,254.2092974743291,204.76658049580985,80.93763297227713,5125.835009765625,5750.656038324957,4501.013981206293,-0.04144500734910572
2007-10-17,5559.2998046875,5559.2998046875,5658.89990234375,5107.2998046875,5658.89990234375,0,5176.489990234375,,5377.977417138671,5125.504071492855,252.47334564581615,214.30793352581114,74.06658341271324,5176.489990234375,5766.762528287236,4586.217452181514,-1.9186493370270563
2007-10-18,5351.0,5351.0,5736.7998046875,5269.64990234375,5551.10009765625,0,5207.4224853515625,,5373.827045271183,5142.207473604495,231.619571666688,217.77026115398652,62.220605041879445,5207.4224853515625,5763.548189211965,4651.29678149116,-3.746871224895365
2007-10-19,5215.2998046875,5215.2998046875,5390.85009765625,5101.75,5360.35009765625,0,5230.809985351562,,5349.43823902754,5147.621720351384,201.81651867615528,214.5795126584203,56.26149372651008,5230.809985351562,5743.121508478562,4718.498462224563,-2.535978234208558
2007-10-22,5184.0,5184.0,5247.39990234375,5070.89990234375,5202.75,0,5248.132495117187,,5323.986202254072,5150.316407732763,173.6697945213091,206.39756903099806,53.75378848707771,5248.132495117187,5726.778816055604,4769.486174178771,-0.6001535071745612
2007-10-23,5473.7001953125,5473.7001953125,5488.5,5176.85009765625,5185.2998046875,0,5275.207495117187,,5347.019124263061,5174.270762368299,172.74836189476173,199.66772760375082,57.8230203292172,5275.207495117187,5739.657908178057,4810.757082056317,5.588352533034335
2007-10-24,5496.14990234375,5496.14990234375,5577.89990234375,5419.39990234375,5477.60009765625,0,5303.072485351562,,5369.962320890859,5198.11366162574,171.84865926511884,194.10391393602444,58.45290091844904,5303.072485351562,5749.058673309299,4857.086297393826,0.4101376807315038
2007-10-25,5568.9501953125,5568.9501953125,5605.9501953125,5469.2998046875,5499.0498046875,0,5334.4949951171875,,5400.5758400326495,5225.583034491427,174.99280554122288,190.28169225706415,60.94196493445747,5334.4949951171875,5761.054584686359,4907.935405548016,1.3245689120980009
2007-10-26,5702.2998046875,5702.2998046875,5716.89990234375,5513.35009765625,5564.25,0,5369.582495117187,,5446.994911518012,5260.895387839284,186.09952367872756,189.44525854139687,67.30596142982749,5369.582495117187,5795.9293963757455,4943.235593858629,2.3945196975768024
2007-10-29,5905.89990234375,5905.89990234375,5922.5,5708.89990234375,5708.89990234375,0,5413.809985351562,,5517.595679337356,5308.6735000248,208.92217931255618,193.34064269562873,66.58355357044401,5413.809985351562,5870.494748633258,4957.125222069867,3.5704909357604064
2007-10-30,5868.75,5868.75,5976.0,5833.89990234375,5917.5498046875,0,5453.799975585937,,5571.619420977762,5350.1606481711115,221.4587728066508,198.96426871783314,62.811822522783146,5453.799975585937,5923.228021207976,4984.371929963899,-0.6290303418282961
2007-10-31,5900.64990234375,5900.64990234375,5952.25,5861.2998046875,5868.89990234375,0,5488.29248046875,,5622.239495034069,5390.937629961677,231.3018650723916,205.43178798874484,61.62675253763703,5488.29248046875,5983.225520852891,4993.359440084609,0.5435553115015868
2007-11-01,5866.4501953125,5866.4501953125,6011.9501953125,5837.2001953125,5903.7998046875,0,5521.1824951171875,,5659.810371999982,5426.1607829506265,233.6495890493552,211.07534820086693,64.1018348347065,5521.1824951171875,6025.213011784673,5017.151978449702,-0.5795922075916726
2007-11-02,5932.39990234375,5932.39990234375,5944.75,5714.25,5854.85009765625,0,5558.509985351562,,5701.7472228221,5463.659976979747,238.0872458423537,216.47772772916431,59.50998859317477,5558.509985351562,6068.516636887697,5048.503333815427,1.1241842142279967
2007-11-05,5847.2998046875,5847.2998046875,5948.5498046875,5819.60009765625,5931.89990234375,0,5596.619970703125,,5724.139927724469,5492.077741995136,232.06218572933267,219.594619329198,56.13765176771139,5596.619970703125,6070.293730343704,5122.946211062545,-1.4344969836343813
2007-11-06,5786.5,5786.5,5957.2001953125,5759.9501953125,5847.10009765625,0,5619.582470703125,,5733.7337849976275,5513.886798143645,219.84698685398234,219.64509283415487,58.04363038430528,5619.582470703125,6082.682132933821,5156.4828084724295,-1.0397928397439027
2007-11-07,5782.35009765625,5782.35009765625,5861.35009765625,5744.2998046875,5782.39990234375,0,5636.627465820313,,5741.213217714339,5533.7729684779115,207.44024923642792,217.2041241146095,67.85169396137638,5636.627465820313,6097.208955765037,5176.045975875589,-0.0717169678346119
2007-11-08,5698.75,5698.75,5780.7998046875,5646.75,5779.2998046875,0,5645.3224609375,,5734.680414989057,5545.993489331399,188.6869256576574,211.5006844232191,70.90959237840367,5645.3224609375,6103.579039859706,5187.065882015294,-1.4457806297501041
2007-11-12,5617.10009765625,5617.10009765625,5660.60009765625,5477.5,5660.60009765625,0,5654.764965820313,,5716.591135399394,5551.26064550361,165.330489895784,202.2666455177321,67.95011950030457,5654.764965820313,6101.834610252051,5207.6953213885745,-1.4327686307304188
2007-11-13,5695.39990234375,5695.39990234375,5758.85009765625,5591.60009765625,5612.35009765625,0,5656.014965820313,,5713.330945698526,5561.937627491769,151.3933182067576,192.09198005553722,61.14070519693958,5656.014965820313,6103.408355636831,5208.621576003794,1.3939542348581302
2007-11-14,5937.89990234375,5937.89990234375,5950.2001953125,5700.0498046875,5703.9501953125,0,5669.507470703125,,5747.880015951638,5589.786684888211,158.09333106342638,185.29225025711506,68.17828180130364,5669.507470703125,6134.364515231578,5204.650426174673,4.25782217505406
2007-11-15,5912.10009765625,5912.10009765625,5966.9501953125,5895.64990234375,5942.7001953125,0,5687.147485351563,,5773.144643906194,5613.661752500659,159.48289140553516,180.1303784867991,64.68902829782084,5687.147485351563,6161.082722309474,5213.212248393652,-0.43449376230334513
2007-11-16,5906.85009765625,5906.85009765625,5948.0498046875,5817.39990234375,5913.14990234375,0,5714.939990234375,,5793.7147137138945,5635.379407697369,158.33530601652546,175.7713639927444,59.834633524508,5714.939990234375,6170.720415516981,5259.1595649517685,-0.08880093221157459
2007-11-19,5907.64990234375,5907.64990234375,5981.7998046875,5893.7998046875,5908.0498046875,0,5749.5574951171875,,5811.243204272334,5655.547592485989,155.69561178634467,171.75621355146447,50.10452148756474,5749.5574951171875,6146.989884246238,5352.125105988137,0.013540290921176812
2007-11-20,5780.89990234375,5780.89990234375,5923.7001953125,5755.7998046875,5911.25,0,5779.402490234375,,5806.5750039756285,5664.832948771749,141.74205520387932,165.75338188194743,45.26030555627269,5779.402490234375,6074.480351573252,5484.324628895499,-2.145523213041356
2007-11-21,5561.0498046875,5561.0498046875,5790.0498046875,5530.85009765625,5778.7998046875,0,5783.769970703125,,5768.80189639284,5657.145308469213,111.65658792362683,154.93402309028335,34.76718020870794,5783.769970703125,6061.895080624117,5505.644860782133,-3.8030428025075502
2007-11-22,5519.35009765625,5519.35009765625,5608.64990234375,5394.35009765625,5564.64990234375,0,5784.92998046875,,5730.424696587211,5646.938255816402,83.48644077080917,140.6445066263885,34.53482042742715,5784.92998046875,6058.154446791194,5511.705514146306,-0.7498531481609949
2007-11-23,5608.60009765625,5608.60009765625,5638.60009765625,5514.75,5524.2998046875,0,5786.9124755859375,,5711.682450597832,5644.098392248982,67.5840583488498,126.03241697088077,35.86643034771792,5786.9124755859375,6054.045991178249,5519.778959993626,1.6170382095873848
2007-11-26,5731.7001953125,5731.7001953125,5772.5498046875,5608.9501953125,5611.2998046875,0,5788.382495117187,,5714.762103630858,5650.587414698131,64.1746889327269,113.66087136325001,45.11619329269752,5788.382495117187,6053.874043062084,5522.890947172291,2.194845335963458
2007-11-27,5698.14990234375,5698.14990234375,5743.5498046875,5655.60009765625,5729.25,0,5777.9949951171875,5440.5569921875,5712.206380355919,5654.11056193114,58.09581842477837,102.54786077555569,46.17945362308007,5777.9949951171875,6040.365141973116,5515.624848261259,-0.5853462642060103
2007-11-28,5617.5498046875,5617.5498046875,5749.9501953125,5595.5,5699.5498046875,0,5765.434985351562,5463.014990234375,5697.643830253085,5651.402357690871,46.24147256221386,91.28658313288733,43.315472858931564,5765.434985351562,6033.500985720362,5497.368984982762,-1.414495916000691
2007-11-29,5634.60009765625,5634.60009765625,5725.0,5612.10009765625,5617.7998046875,0,5752.132495117187,5484.78298828125,5687.944794468956,5650.1577458364545,37.787048632501865,80.58667623281023,47.249500162250996,5752.132495117187,6018.3447676653705,5485.920222569004,0.3035183231401506
2007-11-30,5762.75,5762.75,5782.5498046875,5632.64990234375,5633.89990234375,0,5746.947485351562,5505.390986328125,5699.453287627578,5658.497912811532,40.95537481604606,72.6604159494574,56.0054390827165,5746.947485351562,6007.769721677227,5486.125249025898,2.274338908222684
2007-12-03,5865.0,5865.0,5878.7998046875,5754.60009765625,5765.4501953125,0,5743.577490234375,5527.739990234375,5724.922012607951,5673.794363714382,51.12764889356913,68.35386253827974,56.85751594139837,5743.577490234375,5995.914272280617,5491.240708188132,1.7743264934276137
2007-12-04,5858.35009765625,5858.35009765625,5897.25,5840.2998046875,5870.2001953125,0,5744.1300048828125,5548.15599609375,5745.4494103076895,5687.465158821186,57.984251486503126,66.27994032792442,46.025490647639266,5744.1300048828125,5997.469437026235,5490.79057273939,-0.11338281916026816
2007-12-05,5940.0,5940.0,5949.2998046875,5859.9501953125,5861.89990234375,0,5751.805004882813,5568.3119921875,5775.380270260353,5706.1714433529505,69.20882690740291,66.86571764382012,51.32026782912652,5751.805004882813,6019.446103302259,5484.163906463366,1.3937354542265412
2007-12-06,5954.7001953125,5954.7001953125,6027.0498046875,5919.7998046875,5941.0498046875,0,5760.422509765625,5588.628994140625,5802.967951037607,5724.58098053514,78.3869705024672,69.16996821554955,52.24427017992727,5760.422509765625,6042.8924713633705,5477.95254816788,0.24747803556397496
2007-12-07,5974.2998046875,5974.2998046875,6042.10009765625,5894.7998046875,5963.60009765625,0,5774.2,5609.304990234375,5829.326697752976,5743.078671213092,86.24802653988354,72.58557988041635,53.07184847416905,5774.2,6070.543573826071,5477.856426173928,0.32914519173321555
2007-12-10,5960.60009765625,5960.60009765625,6015.2998046875,5923.35009765625,5974.0,0,5791.375,5628.50599609375,5849.522605430402,5759.191369468141,90.33123596226142,76.13471109678537,59.24574148120383,5791.375,6089.194335872528,5493.555664127472,-0.22931067203056932
2007-12-11,6097.25,6097.25,6111.2001953125,5960.39990234375,5960.39990234375,0,5811.467504882812,5650.023994140625,5887.6345122872635,5784.232749507537,103.4017627797266,81.58812143337362,80.17107984605342,5811.467504882812,6135.124833777183,5487.810175988441,2.2925527649050315
2007-12-12,6159.2998046875,6159.2998046875,6175.64990234375,6005.4501953125,6067.0498046875,0,5822.5375,5671.830986328125,5929.429172656532,5812.015494335683,117.4136783208487,88.75323281086864,85.20270165009516,5822.5375,6177.986238748565,5467.088761251436,1.017668697978591
2007-12-13,6058.10009765625,6058.10009765625,6185.39990234375,6040.39990234375,6159.25,0,5829.8375,5688.7769921875,5949.224699579565,5830.243983470539,118.9807161090257,94.79872947050005,74.4054884353251,5829.8375,6198.772113073021,5460.902886926979,-1.643039147960168
2007-12-14,6047.7001953125,6047.7001953125,6078.5498046875,6015.0498046875,6056.2001953125,0,5836.8800048828125,5705.557998046875,5964.37477584617,5846.351851014389,118.02292483178189,99.44356854275642,69.54963532931527,5836.8800048828125,6217.205857622812,5456.554152142813,-0.17166937119070802
2007-12-17,5777.0,5777.0,6039.9501953125,5740.60009765625,6037.9501953125,0,5830.347509765625,5717.38099609375,5935.547887254452,5841.214676865175,94.33321038927716,98.42149691206058,53.77147194488234,5830.347509765625,6210.042844556823,5450.652174974426,-4.476084901204535
2007-12-18,5742.2998046875,5742.2998046875,5874.60009765625,5710.60009765625,5777.60009765625,0,5828.417504882813,5730.524990234375,5905.817413013382,5833.887649296457,71.92976371692475,93.12315027303342,56.24093739129756,5828.417504882813,6209.560780501195,5447.274229264431,-0.6006611617188851
2007-12-19,5751.14990234375,5751.14990234375,5840.7998046875,5676.7001953125,5730.25,0,5837.922509765625,5739.00298828125,5882.0224113719005,5827.75892729996,54.263484071940184,85.35121703281477,55.87893667139883,5837.922509765625,6199.995874400686,5475.8491451305645,0.15412113538595396
2007-12-20,5766.5,5766.5,5799.5,5742.75,5751.75,0,5850.280004882812,5745.503984375,5864.2497326993,5823.221228981444,41.02850371785553,76.48667436982292,50.21344432438201,5850.280004882812,6182.186766038423,5518.373243727201,0.26690484367299927
2007-12-24,5985.10009765625,5985.10009765625,6001.0498046875,5771.2998046875,5771.2998046875,0,5869.105004882813,5754.708984375,5882.842096538831,5835.21225629069,47.62984024814159,70.71530754548667,56.036398280314266,5869.105004882813,6185.648718780023,5552.561290985603,3.790862701053488
2007-12-26,6070.75,6070.75,6085.25,5988.4501953125,5988.4501953125,0,5886.0574951171875,5767.558984375,5911.751004763626,5852.659496565454,59.09150819817205,68.39054767602374,59.89011163904451,5886.0574951171875,6207.888610421982,5564.226379812393,1.4310521285565425
2007-12-27,6081.5,6081.5,6110.85009765625,6060.2001953125,6069.0,0,5905.225,5775.780986328125,5937.866234799992,5869.610644968013,68.2555898319788,68.36355610721475,57.05454595026725,5905.225,6225.594248022,5584.855751978001,0.1770786146686909
2007-12-28,6079.7001953125,6079.7001953125,6098.60009765625,6021.89990234375,6079.5498046875,0,5928.33251953125,5784.013994140625,5959.6868441096085,5885.17283388242,74.51401022718892,69.59364693120959,56.31313754057917,5928.33251953125,6227.288100891237,5629.376938171263,-0.029594749445038815
2007-12-31,6138.60009765625,6138.60009765625,6167.75,6095.0,6095.0,0,5953.53251953125,5795.6,5987.211960039862,5903.945223791592,83.26673624826981,72.32826479462165,57.9811717714142,5953.53251953125,6232.538841653495,5674.526197409004,0.9687961651326571
2008-01-01,6144.35009765625,6144.35009765625,6165.35009765625,6109.85009765625,6136.75,0,5972.612524414062,5811.467001953125,6011.387058134691,5921.752992226011,89.63406590867999,75.78942501743332,58.9954506426278,5972.612524414062,6248.8633462222615,5696.361702605863,0.09366956486047684
2008-01-02,6179.39990234375,6179.39990234375,6197.0,6060.85009765625,6144.7001953125,0,5988.33251953125,5830.74900390625,6037.235188013008,5940.837948531029,96.39723948197934,79.91098791034253,54.46588453144352,5988.33251953125,6274.4065448948295,5702.2584941676705,0.5704395766912729
2008-01-03,6178.5498046875,6178.5498046875,6230.14990234375,6126.39990234375,6184.25,0,6004.342504882812,5850.64,6058.975898270623,5958.446234172248,100.52966409837427,84.03472314794888,51.121076488218804,6004.342504882812,6295.580496150311,5713.104513615313,-0.013756961350364083
2008-01-04,6274.2998046875,6274.2998046875,6300.0498046875,6179.10009765625,6179.10009765625,0,6021.0574951171875,5866.6519921875,6092.102653103988,5981.842794951156,110.25985815283184,89.27975014892547,62.671414973765835,6021.0574951171875,6334.289245107945,5707.82574512643,1.5497164063864366
2008-01-07,6279.10009765625,6279.10009765625,6289.7998046875,6193.35009765625,6271.0,0,6037.277490234375,5882.31099609375,6120.8714907274125,6003.861854410793,117.00963631661944,94.82572738246427,63.65190377724939,6037.277490234375,6369.086897279261,5705.468083189489,0.07650722978145286
2008-01-08,6287.85009765625,6287.85009765625,6357.10009765625,6221.60009765625,6282.4501953125,0,6052.955004882812,5896.688994140625,6146.560507178003,6024.898020577123,121.66248660087967,100.19307922614735,93.62136812076648,6052.955004882812,6401.445825050013,5704.464184715612,0.13935117873444813
2008-01-09,6272.0,6272.0,6338.2998046875,6231.25,6287.5498046875,0,6068.525,5908.082998046875,6165.858890689079,6043.201870904743,122.65701978433572,104.68586733778503,96.73548727298419,6068.525,6427.3155361091,5709.734463890899,-0.252074992407314
2008-01-10,6156.9501953125,6156.9501953125,6347.0,6142.89990234375,6278.10009765625,0,6071.510009765625,5913.10400390625,6164.488322169605,6051.627672712725,112.86064945688031,106.32082376160409,80.15309495181405,6071.510009765625,6432.294612565208,5710.725406966042,-1.8343399982063135
2008-01-11,6200.10009765625,6200.10009765625,6224.2001953125,6112.5498046875,6166.64990234375,0,6073.550024414062,5919.731005859375,6169.9670568598585,6062.625630115949,107.34142674390932,106.52494435806514,80.94050798831803,6073.550024414062,6436.8771628090635,5710.222886019061,0.7008324084966766
2008-01-14,6206.7998046875,6206.7998046875,6244.14990234375,6172.0,6208.7998046875,0,6080.985009765625,5925.85400390625,6175.633633448726,6073.305198602731,102.3284348459947,105.68564245565106,72.67798865403806,6080.985009765625,6449.036098513531,5712.9339210177195,0.10805804625286797
2008-01-15,6074.25,6074.25,6260.4501953125,6053.2998046875,6226.35009765625,0,6082.3125,5930.01,6160.036151379692,6073.375183891418,86.66096748827385,101.88070746217562,50.32667585442508,6082.3125,6450.049492839457,5714.575507160543,-2.1355579180658557
2008-01-16,5935.75,5935.75,6065.0,5825.75,6065.0,0,6090.25,5930.077001953125,6125.530589628969,6063.180725825387,62.34986380358259,93.97453873045701,39.015738063976734,6090.25,6436.46247542434,5744.03752457566,-2.280116886858463
2008-01-17,5913.2001953125,5913.2001953125,6013.14990234375,5880.2998046875,5937.9501953125,0,6098.79501953125,5931.395009765625,6092.864375118744,6052.071056898507,40.79331822023687,83.338294628413,37.83249122206047,6098.79501953125,6416.075094679364,5781.514944383135,-0.3798981541928148
2008-01-18,5705.2998046875,5705.2998046875,5908.75,5677.0,5907.75,0,6096.502514648438,5929.771005859375,6033.23905659086,6026.38429747547,6.854759115390152,68.04158752580842,23.997812930549998,6096.502514648438,6424.829313957435,5768.17571533944,-3.5158693052504186
2008-01-21,5208.7998046875,5208.7998046875,5705.0,4977.10009765625,5705.0,0,6068.617504882813,5918.3,5906.402248605727,5965.822483194879,-59.42023458915173,42.5492231028164,14.668208769554582,6068.617504882813,6566.107156749051,5571.127853016575,-8.702434876289466
2008-01-22,4899.2998046875,4899.2998046875,5203.35009765625,4448.5,5203.35009765625,0,6014.327490234375,5902.31099609375,5751.463411079846,5886.820803305443,-135.35739222559732,6.967900037133653,9.956826330531356,6014.327490234375,6736.456855086191,5292.198125382558,-5.9418678314623445
2008-01-23,5203.39990234375,5203.39990234375,5328.0498046875,4891.60009765625,4903.0498046875,0,5970.959985351563,5894.0369921875,5667.14594819737,5836.197032863836,-169.05108466646652,-28.235896903586383,24.360425093443993,5970.959985351563,6778.006796308486,5163.91317439464,6.207011405288898
2008-01-24,5033.4501953125,5033.4501953125,5357.2001953125,4995.7998046875,5208.0,0,5918.5574951171875,5880.797998046875,5569.65429390739,5776.73430415633,-207.0800102489402,-64.00471957265715,18.599593726986512,5918.5574951171875,6825.324653593718,5011.790336640657,-3.2661281127883357
2008-01-25,5383.35009765625,5383.35009765625,5399.25,5035.0498046875,5035.0498046875,0,5883.739990234375,5869.707001953125,5540.992109868753,5747.594733304471,-206.60262343571867,-92.52430034526947,30.702938419255332,5883.739990234375,6817.528148795822,4949.951831672928,6.95149229189953
2008-01-28,5274.10009765625,5274.10009765625,5380.9501953125,5071.0,5380.9501953125,0,5840.514990234375,5856.947001953125,5499.931800297598,5712.521056589789,-212.58925629219084,-116.53729153465375,29.067287636052143,5840.514990234375,6804.186768366336,4876.843212102413,-2.029405444902499
2008-01-29,5280.7998046875,5280.7998046875,5391.60009765625,5225.25,5279.5498046875,0,5797.337475585938,5844.42599609375,5466.219185588352,5680.541704597026,-214.32251900867413,-136.09433702945785,29.455277601678247,5797.337475585938,6780.8681742054805,4813.806776966395,0.1270303351699198
2008-01-30,5167.60009765625,5167.60009765625,5314.2998046875,5142.25,5283.75,0,5746.747485351562,5829.625,5420.277787444951,5642.546030008821,-222.26824256386953,-153.32911813634018,29.477885483507976,5746.747485351562,6751.39359134185,4742.101379361275,-2.143609135320157
2008-01-31,5137.4501953125,5137.4501953125,5251.64990234375,5071.14990234375,5172.25,0,5694.6925048828125,5816.756005859375,5376.765850193805,5605.131523735019,-228.36567354121416,-168.336429217315,27.837901414976656,5694.6925048828125,6712.929998291465,4676.45501147416,-0.583441090138237
2008-02-01,5317.25,5317.25,5339.9501953125,5090.75,5140.60009765625,0,5646.840014648437,5811.880009765625,5367.609565548604,5583.806966421314,-216.1974008727102,-177.90862354839405,32.69727859368554,5646.840014648437,6640.033383507601,4653.646645789274,3.499786817428463
2008-02-04,5463.5,5463.5,5545.2001953125,5315.5498046875,5315.5498046875,0,5606.060009765625,5810.7630078125,5382.361940079589,5574.8953392789945,-192.53339919940572,-180.83357867859638,38.18322084170518,5606.060009765625,6555.980521141961,4656.13949838929,2.7504819220461663
2008-02-05,5483.89990234375,5483.89990234375,5500.60009765625,5412.9501953125,5463.75,0,5565.8625,5808.26900390625,5397.983165043306,5568.15493654305,-170.17177149974395,-178.70121724282592,40.838953541438926,5565.8625,6460.751639532912,4670.973360467088,0.37338523554040215
2008-02-06,5322.5498046875,5322.5498046875,5470.39990234375,5257.0498046875,5470.39990234375,0,5518.389990234375,5800.08599609375,5386.378032680875,5549.96196381301,-163.58393113213515,-175.6777600206878,38.66291929275253,5518.389990234375,6354.348227970073,4682.431752498676,-2.9422509624453808
2008-02-07,5133.25,5133.25,5344.60009765625,5113.85009765625,5322.5498046875,0,5467.20498046875,5788.787998046875,5347.435258422279,5519.0944109379725,-171.65915251569368,-174.87403851968898,38.94097652903371,5467.20498046875,6262.93038992467,4671.479571012831,-3.5565623927236167
2008-02-08,5120.35009765625,5120.35009765625,5173.85009765625,5034.25,5132.10009765625,0,5413.21748046875,5778.84400390625,5312.49907984289,5489.557795139327,-177.05871529643719,-175.31097387503863,47.89680730832901,5413.21748046875,6143.391210086587,4683.043750850913,-0.2513008784639337
2008-02-11,4857.0,4857.0,5126.39990234375,4803.60009765625,5120.5498046875,0,5345.727490234375,5763.292001953125,5242.422298328599,5442.701662166043,-200.27936383744418,-180.30465186751974,48.97160768239807,5345.727490234375,6013.951682504881,4677.503297963869,-5.143204910476607
2008-02-12,4838.25,4838.25,4949.60009765625,4820.4501953125,4877.85009765625,0,5283.927490234375,5744.802001953125,5180.241944739584,5397.9274649685585,-217.68552022897438,-187.78082553981068,39.6923019244293,5283.927490234375,5894.602788357317,4673.252192111433,-0.38604076590488257
2008-02-13,4929.4501953125,4929.4501953125,4986.5498046875,4836.5498046875,4836.5498046875,0,5233.6125,5726.091005859375,5141.658598673879,5363.2254449940365,-221.5668463201573,-194.53802969588003,46.92762008840709,5233.6125,5780.669722502094,4686.555277497906,1.8849831098537662
2008-02-14,5202.0,5202.0,5220.25,4944.64990234375,4944.64990234375,0,5198.052490234375,5712.96400390625,5150.94189118559,5351.282819438922,-200.3409282533321,-195.69860940737044,44.3859635863445,5198.052490234375,5641.818609510135,4754.286370958615,5.529010211862406
2008-02-15,5302.89990234375,5302.89990234375,5315.39990234375,5104.75,5202.85009765625,0,5177.9324951171875,5700.222001953125,5174.320046748384,5347.698899654095,-173.37885290571103,-191.23465810703857,50.89618576337608,5177.9324951171875,5556.574558748426,4799.290431485949,1.9396367232554779
2008-02-18,5276.89990234375,5276.89990234375,5348.60009765625,5224.0,5304.4501953125,0,5181.3375,5686.66599609375,5190.101562993825,5342.454529482959,-152.3529664891339,-183.45831978345765,49.880084113780015,5181.3375,5562.365606269529,4800.30939373047,-0.4902977706312872
2008-02-19,5280.7998046875,5280.7998046875,5368.4501953125,5262.0,5278.39990234375,0,5200.4125,5672.79599609375,5204.055138639005,5337.887512831443,-133.83237419243778,-173.5331306652537,53.73153210865937,5200.4125,5559.559694680148,4841.265305319853,0.07390517947891695
2008-02-20,5154.4501953125,5154.4501953125,5267.14990234375,5116.2998046875,5267.14990234375,0,5197.965014648437,5656.672998046875,5196.423608896466,5324.299563385595,-127.87595448912907,-164.40169543002878,50.526968700941026,5197.965014648437,5557.693176798969,4838.236852497906,-2.392622595972027
2008-02-21,5191.7998046875,5191.7998046875,5241.35009765625,5120.0498046875,5156.89990234375,0,5205.882495117187,5638.563994140625,5195.712254402779,5314.484766444995,-118.77251204221648,-155.27585875246632,45.73457905942323,5205.882495117187,5557.237711882279,4854.527278352096,0.7246089875689643
2008-02-22,5110.75,5110.75,5184.0,5092.7998046875,5183.39990234375,0,5192.252490234375,5617.592998046875,5182.641138340812,5299.393302263885,-116.75216392307266,-147.5711197865876,37.44973340550923,5192.252490234375,5535.680938514166,4848.824041954584,-1.5611119021639253
2008-02-25,5200.7001953125,5200.7001953125,5212.35009765625,5055.14990234375,5112.25,0,5188.582495117187,5600.445,5185.419454797995,5292.082701748967,-106.66324695097228,-139.38954521946454,40.39935204776015,5188.582495117187,5529.890405573284,4847.274584661091,1.7600194748813802
2008-02-26,5270.0498046875,5270.0498046875,5281.2001953125,5200.7998046875,5200.7998046875,0,5188.044995117188,5584.8919921875,5198.439508627149,5290.45063529997,-92.01112667282086,-129.9138615101358,48.10181288168532,5188.044995117188,5528.774796536929,4847.315193697446,1.333466778906156
2008-02-27,5268.39990234375,5268.39990234375,5368.14990234375,5249.75,5271.39990234375,0,5193.084985351563,5574.719990234375,5209.20264612201,5288.817247673584,-79.61460155157329,-119.85400951842331,55.65363179157055,5193.084985351563,5535.519205154047,4850.650765549079,-0.03130714898145204
2008-02-28,5285.10009765625,5285.10009765625,5302.85009765625,5227.14990234375,5266.35009765625,0,5200.46748046875,5565.57599609375,5220.879177127277,5288.541903227855,-67.66272610057786,-109.41575283485423,56.870028815157845,5200.46748046875,5544.215307893814,4856.719653043687,0.31698799677433165
2008-02-29,5223.5,5223.5,5290.7998046875,5098.35009765625,5285.0,0,5195.77998046875,5555.022998046875,5221.282380646157,5283.723984470236,-62.44160382407881,-100.02092303269916,68.37463304198646,5195.77998046875,5535.354044646457,4856.205916291044,-1.1655426863829366
2008-03-03,4953.0,4953.0,5222.7998046875,4936.0498046875,5222.7998046875,0,5170.25498046875,5538.752998046875,5180.008168239056,5259.225911546515,-79.21774330745848,-95.86028708765103,54.59349536287769,5170.25498046875,5501.746882919308,4838.763078018192,-5.178520149325161
2008-03-04,4864.25,4864.25,4976.7001953125,4812.9501953125,4958.5498046875,0,5139.272485351563,5516.33599609375,5131.429988509971,5229.968436617143,-98.53844810717237,-96.39591929155532,47.38487619044635,5139.272485351563,5463.075641145115,4815.469329558011,-1.791843327276399
2008-03-05,4921.39990234375,4921.39990234375,4936.75,4847.25,4866.85009765625,0,5119.214990234375,5493.348994140625,5099.1176675613215,5207.111508152448,-107.99384059112617,-98.7155035514695,36.39447036902876,5119.214990234375,5444.908459948932,4793.521520519818,1.1748964864830125
2008-03-07,4771.60009765625,4771.60009765625,4918.2998046875,4672.25,4918.2998046875,0,5101.132495117187,5467.15099609375,5048.730349114387,5174.851403671248,-126.12105455686105,-104.19661375254782,25.405032996661006,5101.132495117187,5461.822395890567,4740.442594343807,-3.043845402934231
2008-03-10,4800.39990234375,4800.39990234375,4814.9501953125,4620.5,4767.7998046875,0,5085.134985351562,5441.564990234375,5010.525664995826,5147.114255424766,-136.58859042893982,-110.67500908782623,27.99886011932675,5085.134985351562,5469.819159626741,4700.450811076384,0.6035670235996049
2008-03-11,4865.89990234375,4865.89990234375,4888.5,4732.85009765625,4796.2998046875,0,5085.57998046875,5416.110986328125,4988.275547664738,5126.2835626039505,-138.00801493921244,-116.14161025810347,31.874161932103007,5085.57998046875,5469.172028262795,4701.987932674706,1.3644696552889357
2008-03-12,4872.0,4872.0,5019.2001953125,4854.75,4869.75,0,5087.26748046875,5390.663984375,4970.387001870164,5107.447743151806,-137.06074128164255,-120.32543646281128,36.211839657676016,5087.26748046875,5466.550992415544,4707.983968521957,0.12536422406288494
2008-03-13,4623.60009765625,4623.60009765625,4868.7998046875,4580.14990234375,4868.7001953125,0,5071.9749755859375,5359.54798828125,4917.035170452638,5071.607176818802,-154.5720063661638,-127.1747504434818,27.001537219163026,5071.9749755859375,5499.62949646713,4644.320454704745,-5.098520163049058
2008-03-14,4745.7998046875,4745.7998046875,4758.9501953125,4607.5498046875,4623.7998046875,0,5049.164965820312,5330.89298828125,4890.691268027233,5047.473297401669,-156.7820293744362,-133.0962062296727,35.704476529434984,5049.164965820312,5495.85988185884,4602.470049781785,2.642955801761371
2008-03-17,4503.10009765625,4503.10009765625,4745.4501953125,4482.10009765625,4745.4501953125,0,5009.174975585937,5295.468994140625,4831.061857200928,5007.149356679786,-176.08749947885826,-141.69446487950984,25.594713219922525,5009.174975585937,5501.135412360929,4517.214538810946,-5.113989570135924
2008-03-18,4533.0,4533.0,4617.9501953125,4468.5498046875,4519.89990234375,0,4971.97998046875,5260.5469921875,4785.206186862324,4972.027182110913,-186.8209952485886,-150.7197709533256,23.482629156146814,4971.97998046875,5490.483029569601,4453.476931367899,0.6639848481118982
2008-03-19,4573.9501953125,4573.9501953125,4718.39990234375,4533.89990234375,4534.75,0,4936.6375,5226.268994140625,4752.7052650854275,4942.539997903623,-189.83473281819533,-158.54276332629956,25.702388327029865,4936.6375,5462.813759077553,4410.461240922446,0.903379556860795
2008-03-24,4609.85009765625,4609.85009765625,4649.4501953125,4539.7998046875,4576.7998046875,0,4909.407495117188,5193.02599609375,4730.7275470194,4917.896301589003,-187.16875456960315,-164.26796157496028,26.687365602455003,4909.407495117188,5444.4156282482745,4374.399361986101,0.784877421283281
2008-03-25,4877.5,4877.5,4896.7998046875,4616.7998046875,4616.7998046875,0,4893.6925048828125,5167.4369921875,4753.3079244010305,4914.903982952781,-161.5960585517505,-163.73358097031831,39.54239723447788,4893.6925048828125,5411.977843959112,4375.407165806513,5.806043508439229
2008-03-26,4828.85009765625,4828.85009765625,4912.2998046875,4808.64990234375,4878.7001953125,0,4879.597509765625,5140.0119921875,4764.9297972095255,4908.529621078964,-143.5998238694383,-159.70682955014232,45.666514978755174,4879.597509765625,5388.271895155963,4370.9231243752865,-0.9974352095079464
2008-03-27,4830.25,4830.25,4863.75,4769.60009765625,4828.7998046875,0,4861.075,5112.48099609375,4774.979059177291,4902.73113062867,-127.75207145137938,-153.31587793038975,48.73615216123934,4861.075,5346.987558490112,4375.162441509888,0.028990387264848927
2008-03-28,4942.0,4942.0,4970.7998046875,4796.35009765625,4830.0,0,4844.672509765625,5089.83599609375,4800.674588534631,4905.639935767287,-104.96534723265631,-143.64577179084307,50.735876128477706,4844.672509765625,5293.163535294677,4396.181484236574,2.3135448475751774
2008-03-31,4734.5,4734.5,4947.0,4703.85009765625,4942.14990234375,0,4817.977514648437,5065.81099609375,4790.493882606226,4892.962903488228,-102.46902088200204,-135.41042160907486,48.72718111012871,4817.977514648437,5221.586385581761,4414.368643715114,-4.198704977741807
2008-04-01,4739.5498046875,4739.5498046875,4800.75,4628.75,4735.64990234375,0,4790.7,5042.33798828125,4782.656332157191,4881.59897024373,-98.94263808653886,-128.11686490456768,47.877789444752295,4790.7,5130.0001203196,4451.3998796804,0.10665972515577771
2008-04-02,4754.2001953125,4754.2001953125,4916.75,4741.39990234375,4741.39990234375,0,4767.235009765625,5023.31599609375,4778.2784649503155,4872.162023952528,-93.88355900221268,-121.27020372409669,45.96110203028066,4767.235009765625,5038.623639919774,4495.846379611477,0.3091093295508829
2008-04-03,4771.60009765625,4771.60009765625,4833.25,4738.2001953125,4753.89990234375,0,4758.165014648437,5014.572001953125,4777.251023828152,4864.712992375026,-87.46196854687423,-114.5085566886522,46.39911176957846,4758.165014648437,5015.1561559692345,4501.17387332764,0.3659901061992654
2008-04-04,4647.0,4647.0,4791.7001953125,4632.7001953125,4766.7001953125,0,4747.302514648438,5009.526005859375,4757.212404777667,4848.586104050951,-91.37369927328382,-109.88158520557855,50.92103892529636,4747.302514648438,5003.7785852044235,4490.826444092452,-2.611285420114151
2008-04-07,4761.2001953125,4761.2001953125,4798.5498046875,4628.7998046875,4631.35009765625,0,4739.292529296875,5000.68201171875,4757.825911013795,4842.113073774029,-84.28716276023351,-104.76270071650954,50.610013190519844,4739.292529296875,4982.5402600554135,4496.044798538336,2.457503664998928
2008-04-08,4709.64990234375,4709.64990234375,4769.5498046875,4677.7998046875,4760.64990234375,0,4736.19501953125,4994.206005859375,4750.41421737225,4832.300987001416,-81.88676962916543,-100.18751449904073,59.641494158769866,4736.19501953125,4979.288219328114,4493.1018197343865,-1.0827163499552594
2008-04-09,4747.0498046875,4747.0498046875,4758.25,4667.5,4707.0498046875,0,4733.527514648437,4981.48,4749.89661542075,4825.986084607793,-76.0894691870426,-95.36790543664111,59.92211223153934,4733.527514648437,4974.818424778162,4492.236604518713,0.7941121552397679
2008-04-10,4733.0,4733.0,4799.5,4720.89990234375,4747.5498046875,0,4726.88251953125,4970.657998046875,4747.29713612525,4819.098226488696,-71.80109036344584,-90.65454242200205,57.56119822617067,4726.88251953125,4960.005889072038,4493.759149990462,-0.2959691864540037
2008-04-11,4777.7998046875,4777.7998046875,4817.39990234375,4727.25,4734.35009765625,0,4722.172509765625,4960.597998046875,4751.989854365596,4816.039084133052,-64.04922976745547,-85.33347989109274,57.91730177224956,4722.172509765625,4946.594904615854,4497.750114915397,0.9465414047644227
2008-04-15,4879.64990234375,4879.64990234375,4917.10009765625,4708.2998046875,4779.9501953125,0,4734.975,4954.838994140625,4771.629861746851,4820.750996593103,-49.12113484625206,-78.0910108821246,50.120126395995314,4734.975,4964.867532029574,4505.0824679704265,2.131736402105533
2008-04-16,4887.2998046875,4887.2998046875,4951.39990234375,4874.0498046875,4881.64990234375,0,4742.05,4949.835986328125,4789.425237583874,4825.680537933429,-36.255300349555,-69.7238687756107,53.42271478282252,4742.05,4981.841485986719,4502.2585140132815,0.1567715409270587
2008-04-17,4958.39990234375,4958.39990234375,4984.9501953125,4889.64990234375,4890.60009765625,0,4764.814990234375,4942.658984375,4815.421339854624,4835.511601963823,-20.090262109198193,-59.7971474423282,56.9378951703763,4764.814990234375,4995.361308620806,4534.268671847944,1.4547930451914715
2008-04-21,5037.0,5037.0,5053.39990234375,4955.89990234375,4955.89990234375,0,4790.014990234375,4934.128984375,4849.510364492375,4850.436668485021,-0.9263039926463534,-48.022978752391836,55.334678701865606,4790.014990234375,5024.026152010926,4556.003828457823,1.5851907713029911
2008-04-22,5049.2998046875,5049.2998046875,5074.25,4994.0498046875,5037.0498046875,0,4813.782470703125,4925.436982421875,4880.247201445471,4865.167271166686,15.079930278784559,-35.40239694615656,72.64094622024625,4813.782470703125,5051.9166964824735,4575.6482449237765,0.24418909445105275
2008-04-23,5022.7998046875,5022.7998046875,5083.5,5003.5498046875,5044.35009765625,0,4834.429956054688,4919.441982421875,4902.178371175014,4876.843755131191,25.33461604382319,-23.254994348160608,69.76207671867547,4834.429956054688,5069.706290860476,4599.1536212489,-0.524825243599103
2008-04-24,4999.85009765625,4999.85009765625,5072.7001953125,4991.35009765625,5022.89990234375,0,4840.5474609375,4916.773984375,4917.204790633666,4885.955336058973,31.24945457469221,-12.354104563590043,66.94254787340446,4840.5474609375,5086.652422460881,4594.442499414118,-0.45691064592764397
2008-04-25,5111.7001953125,5111.7001953125,5117.7001953125,4999.14990234375,4999.14990234375,0,4854.689965820313,4916.600986328125,4947.127160584256,4902.677177485161,44.449983099094425,-0.9932870310531499,70.75299842503355,4854.689965820313,5128.87127946614,4580.508652174486,2.237069021502891
2008-04-28,5089.64990234375,5089.64990234375,5147.4501953125,5079.14990234375,5112.5,0,4867.6599609375,4921.253984375,4969.053736239563,4916.527008956168,52.52672728339439,9.71071583183636,80.87464895317719,4867.6599609375,5160.85562398779,4574.46429788721,-0.43136905777397816
2008-04-29,5195.5,5195.5,5210.89990234375,5082.14990234375,5092.39990234375,0,4880.3349609375,4928.398984375,5003.891622971938,4937.191674959416,66.69994801252233,21.108562267973554,80.64924521436133,4880.3349609375,5207.06262711074,4553.60729476426,2.0797127442401697
2008-04-30,5165.89990234375,5165.89990234375,5230.75,5155.85009765625,5198.35009765625,0,4901.904956054687,4933.127978515625,5028.815973644524,4954.133025136032,74.68294850849179,31.823439516077205,83.22774231999625,4901.904956054687,5244.661983207008,4559.147928902366,-0.5697256790732408
2008-05-02,5228.2001953125,5228.2001953125,5298.85009765625,5197.60009765625,5265.2998046875,0,4926.337475585938,4933.651982421875,5059.490469285751,4974.434297000957,85.05617228479423,42.46998606982061,83.81476270546653,4926.337475585938,5289.427063246256,4563.24788792562,1.205991098288317
2008-05-05,5192.25,5192.25,5254.5,5182.60009765625,5227.25,0,4948.239965820312,4931.438984375,5079.915012472558,4990.568793519405,89.34621895315377,51.84523264648724,81.31176335073793,4948.239965820312,5320.345094423521,4576.134837217103,-0.6876208631936498
2008-05-06,5144.64990234375,5144.64990234375,5206.5,5110.89990234375,5192.35009765625,0,4966.8924560546875,4928.793984375,5089.874226298895,5001.982208987874,87.89201731102094,59.05458957939399,74.91677373266907,4966.8924560546875,5339.115504432405,4594.66940767697,-0.9167528076700848
2008-05-07,5135.5,5135.5,5159.0498046875,5101.25,5156.7001953125,0,4991.317456054688,4925.88798828125,5096.893576099065,5011.872415729513,85.02116036955249,64.24790373742569,69.88109611037291,4991.317456054688,5338.419199736088,4644.215712373288,-0.17785276972066555
2008-05-08,5081.7001953125,5081.7001953125,5143.0498046875,5062.4501953125,5135.7998046875,0,5007.342456054687,4924.43298828125,5094.5561329011325,5017.044843846771,77.51128905436144,66.90058080081285,64.09514395646256,5007.342456054687,5338.959632481435,4675.72527962794,-1.047605971911203
2008-05-09,4982.60009765625,4982.60009765625,5087.64990234375,4969.39990234375,5070.85009765625,0,5020.989965820312,4920.248994140625,5077.332127478843,5014.493381165991,62.83874631285198,66.08821390322068,51.686188374615384,5020.989965820312,5322.083938872283,4719.895992768341,-1.9501366441818546
2008-05-12,5012.64990234375,5012.64990234375,5021.75,4913.7998046875,4981.0,0,5034.269970703125,4918.2869921875,5067.381015919598,5014.356827179159,53.02418874043906,63.47540887066435,48.18024908499761,5034.269970703125,5306.540224242981,4761.999717163269,0.6030948520559631
2008-05-13,4957.7998046875,4957.7998046875,5066.0,4943.75,5008.60009765625,0,5045.5099609375,4913.428984375,5050.522368037737,5010.167418105703,40.35494993203338,58.851317082938166,43.570831600746004,5045.5099609375,5281.565273593015,4809.454648281985,-1.094233563580893
2008-05-14,5011.75,5011.75,5026.10009765625,4932.0498046875,4958.4501953125,0,5057.207470703125,4908.26298828125,5044.557388339624,5010.28464639417,34.27274194545407,53.93560205544135,49.25243264956632,5057.207470703125,5257.950510440893,4856.464430965358,1.0881882576519342
2008-05-15,5115.25,5115.25,5118.5498046875,4999.60009765625,5010.89990234375,0,5068.987475585937,4905.199990234375,5055.433174748912,5018.0598577723795,37.373316976532806,50.62314503965965,57.04000433709473,5068.987475585937,5252.795884327619,4885.179066844255,2.0651469047737736
2008-05-16,5157.7001953125,5157.7001953125,5167.39990234375,5106.39990234375,5115.64990234375,0,5082.507495117187,4902.6519921875,5071.166562527926,5028.403586479055,42.76297604887077,49.05111124150187,53.06584431780018,5082.507495117187,5249.010215918086,4916.004774316289,0.8298752810224297
2008-05-20,5104.9501953125,5104.9501953125,5160.0498046875,5072.39990234375,5157.0,0,5089.835009765625,4900.28099609375,5076.364044494783,5034.073705651903,42.290338842880374,47.69895676177758,50.97965653401364,5089.835009765625,5245.913344990745,4933.756674540505,-1.0227426566581155
2008-05-21,5117.64990234375,5117.64990234375,5135.5498046875,5048.7001953125,5105.7001953125,0,5093.867504882813,4903.573994140625,5082.715714933085,5040.264535036484,42.45117989660139,46.64940138874235,44.34023683132495,5093.867504882813,5248.357519280855,4939.3774904847705,0.2487723982676826
2008-05-22,5025.4501953125,5025.4501953125,5118.89990234375,5010.7001953125,5117.0,0,5092.675024414062,4906.797998046875,5073.905634991456,5039.167176538411,34.738458453045496,44.26721280160298,40.641054924231334,5092.675024414062,5248.971126504484,4936.37892232364,-1.8016024697004918
2008-05-23,4946.5498046875,4946.5498046875,5059.0498046875,4940.7001953125,5026.5498046875,0,5088.862524414062,4907.30099609375,5054.312430329309,5032.30663047538,22.005799853928693,39.81493021206813,31.638286791866634,5088.862524414062,5255.699709556334,4922.0253392717905,-1.5700163678588397
2008-05-26,4875.0498046875,4875.0498046875,4953.60009765625,4858.0,4953.60009765625,0,5082.622509765625,4909.369990234375,5026.733564845954,5020.657976713315,6.075588132638586,33.067061796182216,30.236747955607484,5082.622509765625,5271.373797799005,4893.871221732245,-1.4454519376767339
2008-05-27,4859.7998046875,4859.7998046875,4932.0,4846.2001953125,4877.14990234375,0,5070.027490234375,4910.55798828125,5001.0514478985,5008.742556563255,-7.69110866475512,24.91542770399475,31.50684063002649,5070.027490234375,5282.709727757351,4857.3452527114,-0.31281731697051507
2008-05-28,4918.35009765625,4918.35009765625,4926.89990234375,4835.64990234375,4862.7001953125,0,5061.4625,4911.6069921875,4988.328163245846,5002.046818866439,-13.718655620593381,17.188611039077124,36.75188672331851,5061.4625,5284.36868676095,4838.556313239049,1.2047881666293225
2008-05-29,4835.2998046875,4835.2998046875,4957.39990234375,4801.89990234375,4926.2998046875,0,5043.452490234375,4910.87298828125,4964.7853388522535,4989.695188186517,-24.909849334263527,8.768918964408993,35.485381489509564,5043.452490234375,5278.627834792012,4808.277145676737,-1.6885803434026792
2008-05-30,4870.10009765625,4870.10009765625,4908.85009765625,4833.4501953125,4844.0498046875,0,5028.6625,4915.80298828125,4950.218378668253,4980.836292591683,-30.617913923430024,0.8915523868411901,42.82983684144354,5028.6625,5268.571763472535,4788.753236527466,0.7197132416693952
2008-06-02,4739.60009765625,4739.60009765625,4908.7998046875,4713.0,4869.25,0,5004.232495117188,4915.678994140625,4917.8155662048675,4962.966944818687,-45.15137861381936,-8.317033813290921,34.57260618634061,5004.232495117188,5257.712874364646,4750.752115869729,-2.679616381248584
2008-06-03,4715.89990234375,4715.89990234375,4739.2998046875,4634.0,4739.2998046875,0,4980.414990234375,4919.934990234375,4886.751617918541,4944.665682413136,-57.91406449459464,-18.236439949551666,35.83394573326433,4980.414990234375,5248.601127003737,4712.228853465013,-0.5000463082153295
2008-06-04,4585.60009765625,4585.60009765625,4731.5,4564.5,4718.7001953125,0,4952.4625,4920.9869921875,4840.420614801266,4918.068231690404,-77.64761688913768,-30.118675337468872,27.092431345931047,4952.4625,5261.932990941646,4642.992009058354,-2.7629891937007045
2008-06-05,4676.9501953125,4676.9501953125,4690.60009765625,4536.25,4586.9501953125,0,4929.535009765625,4923.0469921875,4815.271319495302,4900.207636403152,-84.93631690784969,-41.082203651545036,26.127487013753765,4929.535009765625,5249.669137934106,4609.400881597143,1.9921078094651046
2008-06-06,4627.7998046875,4627.7998046875,4746.2998046875,4614.25,4680.5498046875,0,4906.839990234375,4923.405986328125,4786.4295479864095,4880.0292784982885,-93.59973051187899,-51.58570902361183,21.347479232099886,4906.839990234375,5245.380650047536,4568.299330421215,-1.0509068639272923
2008-06-09,4500.9501953125,4500.9501953125,4626.4501953125,4411.60009765625,4626.4501953125,0,4882.757495117187,4915.874990234375,4742.509647575039,4851.949346410453,-109.43969883541376,-63.15650698597222,19.763740110210293,4882.757495117187,5264.389460972065,4501.12552926231,-2.7410349351437824
2008-06-10,4449.7998046875,4449.7998046875,4522.5498046875,4369.7998046875,4522.0,0,4854.614990234375,4908.293984375,4697.477364053879,4822.160491468012,-124.6831274141332,-75.46183107160442,17.80674116681753,4854.614990234375,5276.775937366413,4432.454043102337,-1.136435383761203
2008-06-11,4523.60009765625,4523.60009765625,4541.0498046875,4468.0498046875,4469.64990234375,0,4832.905004882812,4902.160986328125,4670.727015377321,4800.044906741215,-129.31789136389398,-86.23304313006233,25.371787431186192,4832.905004882812,5276.820986499942,4388.989023265683,1.6585081623449183
2008-06-12,4539.35009765625,4539.35009765625,4550.0,4392.0,4524.39990234375,0,4809.285009765625,4894.10798828125,4650.515181881771,4780.734180142328,-130.21899826055687,-95.03023415616124,28.696295925410666,4809.285009765625,5263.289997422747,4355.280022108503,0.34817401317503993
2008-06-13,4517.10009765625,4517.10009765625,4563.35009765625,4491.35009765625,4539.5,0,4779.377514648438,4889.759990234375,4629.989784308615,4761.205729587804,-131.21594527918933,-102.26737638076688,30.255444235738494,4779.377514648438,5227.282766427823,4331.472262869052,-0.49015827202859574
2008-06-16,4572.5,4572.5,4617.7001953125,4536.2998046875,4536.2998046875,0,4750.117504882813,4886.418994140625,4621.145202107289,4747.227527396115,-126.08232528882581,-107.03036616237867,34.82467090331366,4750.117504882813,5169.512579558976,4330.72243020665,1.226448410397074
2008-06-17,4653.0,4653.0,4664.0498046875,4561.75,4572.5,0,4727.519995117187,4884.394990234375,4626.0459402446295,4740.247710551958,-114.20177030732884,-108.46464699136871,36.301701004187855,4727.519995117187,5113.81159720376,4341.228393030614,1.7605248769819504
2008-06-18,4582.39990234375,4582.39990234375,4679.75,4569.89990234375,4652.7998046875,0,4700.757495117187,4880.610986328125,4619.331165182955,4728.555280314314,-109.2241151313583,-108.61654061936665,36.77441595019649,4700.757495117187,5045.136288229584,4356.37870200479,-1.5173027650171922
2008-06-19,4504.25,4504.25,4585.7001953125,4488.9501953125,4582.5498046875,0,4674.697485351562,4877.755986328125,4601.626370539424,4711.940074365105,-110.31370382568093,-108.9559732606295,31.69744122137405,4674.697485351562,4993.557937038928,4355.8370336641965,-1.7054361035530485
2008-06-20,4347.5498046875,4347.5498046875,4532.0,4333.60009765625,4504.2001953125,0,4644.747485351562,4869.482978515625,4562.537668100666,4684.9482025371335,-122.41053443646706,-111.64688549579702,30.887731828064588,4644.747485351562,4968.581039990957,4320.913930712168,-3.478940896098126
2008-06-23,4266.39990234375,4266.39990234375,4351.14990234375,4225.5,4351.14990234375,0,4614.314990234375,4860.617978515625,4516.9780118303715,4653.9446247450305,-136.96661291465898,-116.71083097956942,29.24938801455241,4614.314990234375,4960.63665783,4267.993322638749,-1.866566364720068
2008-06-24,4191.10009765625,4191.10009765625,4305.89990234375,4156.10009765625,4271.0498046875,0,4580.8800048828125,4849.498984375,4466.842948111276,4619.659844960676,-152.8168968494001,-123.93204415353557,30.814134074232385,4580.8800048828125,4955.382875122158,4206.377134643467,-1.7649495221048972
2008-06-25,4252.64990234375,4252.64990234375,4264.5498046875,4093.199951171875,4189.60009765625,0,4547.594995117188,4839.891982421875,4433.890171839349,4592.473923285348,-158.58375144599904,-130.86238561202828,28.74886464738161,4547.594995117188,4914.0545852862015,4181.135404948174,1.4685835044102147
2008-06-26,4315.85009765625,4315.85009765625,4324.75,4230.0,4252.60009765625,0,4521.622509765625,4830.65298828125,4415.730160426565,4571.983269535044,-156.2531091084793,-135.94053031131847,34.592795133152904,4521.622509765625,4875.646070822185,4167.598948709066,1.4861368032592637
2008-06-27,4136.64990234375,4136.64990234375,4315.2998046875,4119.2001953125,4315.2998046875,0,4484.95,4815.79298828125,4372.794736106132,4539.7363534468,-166.94161734066802,-142.1407477171884,32.89189165639,4484.95,4838.934851957486,4130.965148042514,-4.152141322281233
2008-06-30,4040.550048828125,4040.550048828125,4163.0,4021.699951171875,4136.25,0,4449.997497558594,4798.8579931640625,4321.680168832592,4502.7595901417135,-181.07942130912124,-149.92848243557498,31.559514178591712,4449.997497558594,4834.817661722767,4065.1773333944207,-2.323132384521509
2008-07-01,3896.75,3896.75,4075.39990234375,3878.199951171875,4039.75,0,4409.040002441407,4777.624995117188,4256.306296704501,4457.869990871956,-201.56369416745565,-160.25552478195112,23.43067225238552,4409.040002441407,4845.59096542974,3972.489039453073,-3.5589225994077545
2008-07-02,4093.35009765625,4093.35009765625,4107.14990234375,3848.25,3895.300048828125,0,4384.427502441406,4758.751997070312,4231.23611223554,4430.868517300423,-199.63240506488364,-168.13090083853763,33.60896729143697,4384.427502441406,4834.365668074883,3934.4893368079306,5.0452325054532565
2008-07-03,3925.75,3925.75,4097.35009765625,3874.85009765625,4094.60009765625,0,4346.867492675781,4736.281000976563,4184.238248814687,4393.452330833726,-209.21408201903887,-176.34753707463787,30.364908214415067,4346.867492675781,4818.864619110864,3874.870366240699,-4.094448157566921
2008-07-04,4016.0,4016.0,4033.5,3896.39990234375,3926.64990234375,0,4316.277502441406,4716.145004882813,4158.355441304735,4365.492898920116,-207.1374576153812,-182.50552118278654,31.940029549774763,4316.277502441406,4790.906775764149,3841.648229118663,2.298923772527539
2008-07-07,4030.0,4030.0,4114.5,4002.0,4002.0,0,4292.729992675781,4696.748002929688,4138.608450334776,4340.641573074182,-202.03312273940628,-186.4110414941105,28.869898336028342,4292.729992675781,4775.443288707862,3810.0166966437005,0.3486055776892538
2008-07-08,3988.550048828125,3988.550048828125,4028.699951171875,3896.050048828125,4028.699951171875,0,4269.667504882813,4674.285,4115.522542410676,4314.560719426326,-199.03817701565004,-188.9364685984184,29.45227385040357,4269.667504882813,4764.700633985563,3774.6343757800623,-1.0285347685328738
2008-07-09,4157.10009765625,4157.10009765625,4169.39990234375,3990.89990234375,3990.89990234375,0,4251.342504882812,4655.63400390625,4121.919089371533,4302.8969696655795,-180.97788029404637,-187.344750937544,38.695501052279425,4251.342504882812,4733.77015788617,3768.914851879455,4.225847658039217
2008-07-10,4162.2001953125,4162.2001953125,4187.9501953125,4110.39990234375,4155.64990234375,0,4232.485009765625,4634.9680078125,4128.11618259322,4292.474986380166,-164.35880378694583,-182.7475615074244,43.30311824637234,4232.485009765625,4696.650127218351,3768.3198923128994,0.12268402339230544
2008-07-11,4049.0,4049.0,4215.5,4014.449951171875,4166.0,0,4209.080004882812,4612.630009765625,4115.944462194263,4274.439802203858,-158.49534000959466,-177.89711720785846,42.3229097264467,4209.080004882812,4659.831210087016,3758.3287996786084,-2.7197200999602766
2008-07-14,4039.699951171875,4039.699951171875,4118.10009765625,4004.25,4047.449951171875,0,4182.440002441406,4588.860004882812,4104.214537421588,4257.051665090377,-152.83712766878944,-172.88511930004466,44.39217440953861,4182.440002441406,4604.841855970914,3760.0381489118977,-0.22968754823722293
2008-07-15,3861.10009765625,3861.10009765625,4040.699951171875,3835.5,4039.300048828125,0,4142.845007324218,4562.237006835938,4066.8123159192282,4227.721919354516,-160.90960343528786,-170.49001612709333,36.654295571536274,4142.845007324218,4526.178900040248,3759.511114608189,-4.421116807544456
2008-07-16,3816.699951171875,3816.699951171875,3920.050048828125,3790.199951171875,3861.550048828125,0,4104.560009765625,4535.6780078125,4028.3334905734814,4197.275847637284,-168.94235706380232,-170.18048431443512,32.76594525109056,4104.560009765625,4454.5481056093995,3754.5719139218513,-1.149935131475266
2008-07-17,3947.199951171875,3947.199951171875,3968.75,3823.14990234375,3823.14990234375,0,4076.7075073242186,4511.912006835937,4015.8514075886187,4178.751707158364,-162.90029956974558,-168.72444736549724,43.23127329732706,4076.7075073242186,4378.048468697235,3775.3665459512017,3.4191841556717506
2008-07-18,4092.25,4092.25,4110.5498046875,3926.300048828125,3962.949951171875,0,4063.942517089844,4492.123002929688,4027.6050371903693,4172.344173294782,-144.73913610441286,-163.92738511328037,51.784725507947634,4063.942517089844,4337.30651224712,3790.578521932568,3.6747580721129047
2008-07-21,4159.5,4159.5,4168.14990234375,4072.75,4092.199951171875,0,4058.597521972656,4475.661000976563,4047.8965699303126,4171.392753050724,-123.49618312041184,-155.84114471470667,59.5764802192522,4058.597521972656,4319.175123716357,3798.019920228955,1.6433502352006801
2008-07-22,4240.10009765625,4240.10009765625,4262.4501953125,4137.9501953125,4158.4501953125,0,4061.0475219726563,4460.210004882812,4077.4663434266104,4176.482185984467,-99.01584255785656,-144.47608428333666,55.84265364221056,4061.0475219726563,4327.72077500236,3794.3742689429523,1.9377352483772148
2008-07-23,4476.7998046875,4476.7998046875,4491.5498046875,4246.7001953125,4246.7001953125,0,4072.255017089844,4450.5900048828125,4138.90226054367,4198.727935518025,-59.825674974355024,-127.54600242154034,70.79511390832056,4072.255017089844,4387.289114799771,3757.2209193799176,5.582408471019051
2008-07-24,4433.5498046875,4433.5498046875,4539.4501953125,4385.85009765625,4476.2001953125,0,4078.140002441406,4439.0260009765625,4184.232651950413,4216.122148049098,-31.889496098684504,-108.41470115696917,66.33670100051887,4078.140002441406,4415.910865955924,3740.369138926888,-0.9660918934707441
2008-07-25,4311.85009765625,4311.85009765625,4440.85009765625,4297.14990234375,4440.85009765625,0,4086.900012207031,4422.958002929688,4203.866105135927,4223.213107279257,-19.34700214333043,-90.60116135424143,60.17032142027781,4086.900012207031,4439.808450290146,3733.991574123916,-2.744972141794355
2008-07-28,4332.10009765625,4332.10009765625,4352.64990234375,4282.25,4282.25,0,4101.477514648437,4406.446000976563,4223.594411677515,4231.278810270145,-7.684398592629805,-74.01780880191912,62.589323944533945,4101.477514648437,4470.062412583984,3732.8926167128902,0.469635992471229
2008-07-29,4189.85009765625,4189.85009765625,4332.2001953125,4159.14990234375,4332.2001953125,0,4116.13251953125,4388.143999023438,4218.402978751166,4228.21001674319,-9.807037992023652,-61.17565463994003,51.223704457274884,4116.13251953125,4473.5829660035115,3758.682073058989,-3.2836268043981764
2008-07-30,4313.5498046875,4313.5498046875,4327.0,4191.2001953125,4191.2001953125,0,4127.142504882812,4372.061997070313,4233.040951972141,4234.5314825168425,-1.490530544701869,-49.2386298208924,55.19477124095376,4127.142504882812,4495.0502602490415,3759.234749516583,2.9523659354888654
2008-07-31,4332.9501953125,4332.9501953125,4342.0,4285.5498046875,4314.35009765625,0,4147.502514648438,4358.2119970703125,4248.411604793734,4241.821757538743,6.589847254990673,-38.072934405715785,60.41675249818992,4147.502514648438,4513.547900860048,3781.4571284368276,0.4497546453252399
2008-08-01,4413.5498046875,4413.5498046875,4422.9501953125,4235.7001953125,4331.60009765625,0,4167.3800048828125,4347.551997070313,4273.817481700467,4254.542353623837,19.275128076630608,-26.60332190924651,63.03294559623197,4167.3800048828125,4546.307792604194,3788.452217161431,1.8601554539490195
2008-08-04,4395.35009765625,4395.35009765625,4436.14990234375,4362.89990234375,4426.10009765625,0,4185.647509765625,4337.958002929688,4292.514807232126,4264.9725568854965,27.54225034662977,-15.774207458071254,70.96990888297992,4185.647509765625,4571.845669216363,3799.449350314887,-0.4123598426808428
2008-08-05,4502.85009765625,4502.85009765625,4515.14990234375,4376.0,4395.7998046875,0,4211.362512207032,4330.8190087890625,4324.874082681992,4282.593115461108,42.28096722088412,-4.163172522280179,75.66104464401313,4211.362512207032,4610.572965310912,3812.1520591031513,2.44576649439876
2008-08-06,4517.5498046875,4517.5498046875,4615.89990234375,4503.89990234375,4506.25,0,4229.384997558594,4322.803002929688,4354.516501452071,4299.997314663063,54.51918678900802,7.573299339977461,73.35300615275425,4229.384997558594,4650.23944964609,3808.5305454710965,0.3264533953484472
2008-08-07,4523.85009765625,4523.85009765625,4580.14990234375,4493.7001953125,4515.25,0,4247.467492675782,4316.574008789063,4380.567823945022,4316.579002292187,63.988821652834304,18.856403802548833,69.93720094209864,4247.467492675782,4686.837639154216,3808.097346197347,0.13946261228183765
2008-08-08,4529.5,4529.5,4546.35009765625,4464.0,4518.35009765625,0,4271.492492675781,4309.762006835937,4403.480466415019,4332.350928048321,71.12953836669749,29.311030715378564,68.1230615575654,4271.492492675781,4717.66406074228,3825.3209246092833,0.12489145797907053
2008-08-11,4620.39990234375,4620.39990234375,4625.2001953125,4529.35009765625,4529.35009765625,0,4300.527490234375,4307.378002929688,4436.852687327131,4353.687889107242,83.16479821988924,40.0817842162807,68.4414852558851,4300.527490234375,4758.607246626363,3842.447733842387,2.0068418665139642
2008-08-12,4552.25,4552.25,4649.85009765625,4525.75,4620.9501953125,0,4335.084985351563,4304.105004882813,4454.606120046034,4368.396193617817,86.20992642821784,49.30741265866813,54.37367676195867,4335.084985351563,4756.38858371612,3913.781386987006,-1.4749784387533271
2008-08-13,4529.0498046875,4529.0498046875,4572.64990234375,4497.25,4548.0498046875,0,4370.702478027344,4302.9739990234375,4466.05899460626,4380.29646110446,85.76253350180014,56.598436827294535,55.66766235587718,4370.702478027344,4722.131626764251,4019.2733292904372,-0.5096423815146411
2008-08-14,4430.7001953125,4430.7001953125,4529.7998046875,4421.25,4524.2001953125,0,4394.877490234375,4298.048999023437,4460.619179330297,4384.030071045796,76.58910828450098,60.596571118735824,57.25448657232253,4394.877490234375,4684.775233653093,4104.979746815657,-2.17152854608067
2008-08-18,4393.0498046875,4393.0498046875,4447.39990234375,4379.85009765625,4430.7001953125,0,4409.91748046875,4293.353999023438,4450.223890923713,4384.6981994637,65.52569146001315,61.58239518699129,53.64292372463378,4409.91748046875,4662.520455510784,4157.314505426716,-0.8497616395898855
2008-08-19,4368.25,4368.25,4393.7001953125,4316.5498046875,4393.10009765625,0,4420.35498046875,4290.699995117187,4437.612523089296,4383.479814318241,54.13270877105515,60.09245790380407,62.40440275273898,4420.35498046875,4645.106391929552,4195.603569007948,-0.5645236405250387
2008-08-20,4415.75,4415.75,4434.89990234375,4365.4501953125,4365.4501953125,0,4429.137475585938,4290.018999023438,4434.249057998635,4385.870198442815,48.37885955581987,57.749738234207236,57.94838143238412,4429.137475585938,4637.350132154274,4220.924819017601,1.0873919761918316
2008-08-21,4283.85009765625,4283.85009765625,4418.5498046875,4271.2998046875,4416.2001953125,0,4419.489990234375,4285.2239990234375,4411.110756407499,4378.3131539401065,32.79760246739261,52.75931108084431,46.75005510462769,4419.489990234375,4636.114656801633,4202.865323667117,-2.9870328334654417
2008-08-22,4327.4501953125,4327.4501953125,4337.0,4248.0,4283.85009765625,0,4414.185009765625,4280.9860009765625,4398.239900854423,4374.545527375099,23.694373479323986,46.94632356054025,44.007539003399756,4414.185009765625,4634.524679795361,4193.845339735889,1.0177783223578318
2008-08-25,4335.35009765625,4335.35009765625,4398.7998046875,4317.9501953125,4317.9501953125,0,4415.360009765625,4277.351000976562,4388.564546516242,4371.642162210739,16.92238430550333,40.941535709532864,45.763307929730495,4415.360009765625,4633.6429526716865,4197.077066859564,0.18255328166012497
2008-08-26,4337.5,4337.5,4345.0498046875,4283.2998046875,4335.2001953125,0,4415.6300048828125,4272.6510009765625,4380.70846243682,4369.113113158091,11.595349278728463,35.07229842337199,36.28368049733035,4415.6300048828125,4633.492281628417,4197.767728137208,0.049590051445025374
2008-08-27,4292.10009765625,4292.10009765625,4364.25,4282.64990234375,4336.85009765625,0,4420.742504882813,4265.433002929687,4367.076406316733,4363.408445343141,3.6679609735920167,28.791430933416,32.204608785135335,4420.742504882813,4620.328488772024,4221.156520993602,-1.0466836275216163
2008-08-28,4214.0,4214.0,4304.5,4201.85009765625,4290.75,0,4415.7650146484375,4258.065004882813,4343.526189960312,4352.3411530955,-8.814963135188009,21.2701521196952,28.03259041604153,4415.7650146484375,4630.961797912039,4200.568231384836,-1.81962433026428
2008-08-29,4360.0,4360.0,4368.7998046875,4230.60009765625,4230.60009765625,0,4417.117504882813,4255.180004882813,4346.06062227411,4352.908475088426,-6.8478528143159565,15.64655113289297,39.977526117515545,4417.117504882813,4630.454757885348,4203.780251880277,3.4646416706217265
2008-09-01,4348.64990234375,4348.64990234375,4365.0,4281.35009765625,4356.10009765625,0,4413.872509765625,4255.202006835938,4346.458973054055,4352.593025255487,-6.134052201432496,11.290430466027878,32.262902598685685,4413.872509765625,4629.401336002384,4198.343683528867,-0.26032334073967656
2008-09-02,4504.0,4504.0,4522.39990234375,4343.10009765625,4358.85009765625,0,4419.305004882813,4259.954008789063,4370.696054122662,4363.808356718044,6.8876974046179384,10.40988385374589,47.17257544682098,4419.305004882813,4638.3170692666135,4200.292940499012,3.572375361201696
2008-09-04,4447.75,4447.75,4514.60009765625,4419.4501953125,4512.9501953125,0,4416.55,4265.087006835937,4382.55050733456,4370.026256220411,12.524251114149592,10.832757305826632,45.41352687558329,4416.55,4632.501936574817,4200.598063425184,-1.2488898756660705
2008-09-05,4352.2998046875,4352.2998046875,4444.7001953125,4328.89990234375,4444.7001953125,0,4408.2875,4267.080004882812,4377.8965530811665,4368.713185736491,9.18336734467539,10.502879313596384,45.5625789021028,4408.2875,4620.582792731237,4195.992207268764,-2.1460332822775596
2008-09-08,4482.2998046875,4482.2998046875,4558.0,4358.2998046875,4358.2998046875,0,4406.209985351563,4270.408999023438,4393.958591789833,4377.127009362492,16.831582427341345,11.768619936345377,54.57340507302075,4406.209985351563,4614.5194311166515,4197.900539586474,2.9869265867206174
2008-09-09,4468.7001953125,4468.7001953125,4497.5,4418.9501953125,4485.14990234375,0,4403.169995117188,4277.050004882813,4405.457300024089,4383.910208321751,21.54709170233764,13.72431428954383,55.20710256869756,4403.169995117188,4605.595127472207,4200.744862762168,-0.30340695552710795
2008-09-10,4400.25,4400.25,4467.5,4382.35009765625,4467.5,0,4392.1625,4284.24400390625,4404.656176943459,4385.120563260881,19.535613682578514,14.886574168150768,49.21359715880264,4392.1625,4566.899645326601,4217.4253546734,-1.53176969411154
2008-09-11,4290.2998046875,4290.2998046875,4399.2998046875,4272.75,4397.25,0,4379.064990234375,4292.115,4387.062888904081,4378.096803366556,8.966085537525032,13.70247644202562,50.33468450366914,4379.064990234375,4542.159530524477,4215.970449944272,-2.4987261022101026
2008-09-12,4228.4501953125,4228.4501953125,4323.89990234375,4200.14990234375,4291.60009765625,0,4364.035009765625,4294.817001953125,4362.660936043838,4367.011869436626,-4.350933392787738,10.09179447506295,44.95823896443375,4364.035009765625,4524.31145103218,4203.758568499069,-1.441615089636028
2008-09-15,4072.89990234375,4072.89990234375,4237.25,3955.39990234375,4231.9501953125,0,4346.144995117187,4297.76,4318.082315474594,4345.225797800116,-27.1434823255222,2.644739114945919,38.381506488655546,4346.144995117187,4549.244610316082,4143.045379918292,-3.678659692886699
2008-09-16,4074.89990234375,4074.89990234375,4090.10009765625,3919.35009765625,4072.550048828125,0,4330.2375,4298.937998046875,4280.669636531387,4325.201657395941,-44.53202086455349,-6.790612880953962,38.37332730314289,4330.2375,4565.205706682919,4095.269293317081,0.04910506145385796
2008-09-17,4008.25,4008.25,4116.7001953125,3974.60009765625,4074.800048828125,0,4312.2375,4298.502998046875,4238.758923218866,4301.723756848093,-62.96483362922754,-18.025457030608678,37.66459409071831,4312.2375,4586.770127232075,4037.704872767926,-1.6356206027395959
2008-09-18,4038.14990234375,4038.14990234375,4050.10009765625,3799.550048828125,4005.25,0,4293.357495117188,4299.4949951171875,4207.895996930387,4282.19976762555,-74.30377069516271,-29.281119763519484,42.023854398428774,4293.357495117188,4589.038282477373,3997.6767077570016,0.7459590181188691
2008-09-19,4245.25,4245.25,4262.64990234375,4040.800048828125,4040.800048828125,0,4291.427490234375,4301.257993164062,4213.642766633404,4279.4627478014345,-65.81998116803061,-36.58889204442171,45.06854696220243,4291.427490234375,4587.872497176456,3994.982483292294,5.1285886523442015
2008-09-22,4223.0498046875,4223.0498046875,4303.25,4202.39990234375,4248.9501953125,0,4286.207470703125,4302.474985351562,4215.090003257111,4275.284011274476,-60.19400801736538,-41.30991523901045,44.652130361871905,4286.207470703125,4583.6566970438125,3988.7582443624383,-0.5229420013544539
2008-09-23,4126.89990234375,4126.89990234375,4224.7001953125,4117.89990234375,4223.89990234375,0,4275.7849609375,4304.032983398438,4201.522295424286,4264.292595798126,-62.770300373839746,-45.60199226597631,33.09119968472561,4275.7849609375,4580.503132729811,3971.066789145189,-2.2767882641835158
2008-09-24,4161.25,4161.25,4207.9501953125,4115.85009765625,4125.75,0,4266.9724609375,4306.463984375,4195.326557666704,4256.65981092419,-61.33325325748683,-48.748244464278415,36.89627017867017,4266.9724609375,4574.358327870286,3959.5865940047133,0.8323462761173905
2008-09-25,4110.5498046875,4110.5498046875,4172.60009765625,4077.5,4162.14990234375,0,4257.894946289062,4311.452978515625,4182.283980285288,4245.83684749925,-63.5528672139626,-51.709169014215256,38.47107849849061,4257.894946289062,4572.787563564751,3943.002329013374,-1.2183885926704718
2008-09-26,3985.25,3985.25,4110.7001953125,3970.35009765625,4108.75,0,4246.457446289062,4314.823979492187,4151.971060241397,4226.534118054861,-74.56305781346418,-56.279946774065046,26.189230913173645,4246.457446289062,4583.874768488841,3909.040124089284,-3.0482492766445324
2008-09-29,3850.050048828125,3850.050048828125,3997.550048828125,3777.300048828125,3990.199951171875,0,4220.959948730469,4312.8809814453125,4105.521673870125,4198.646409223251,-93.1247353531262,-63.64890448987728,23.456473804672896,4220.959948730469,4597.099368541729,3844.820528919208,-3.3925086549620453
2008-09-30,3921.199951171875,3921.199951171875,3966.85009765625,3715.050048828125,3848.699951171875,0,4199.587451171875,4309.45998046875,4077.1644857627016,4178.094819737964,-100.93033397526233,-71.10519038695429,29.493599212262197,4199.587451171875,4593.3412504826665,3805.833651861083,1.848025387758434
2008-10-01,3950.75,3950.75,4000.5,3861.25,3921.85009765625,0,4171.924951171875,4305.28498046875,4057.7161033376706,4161.254462720337,-103.53835938266639,-77.59182418609672,34.39066633685103,4171.924951171875,4553.169052513556,3790.680849830194,0.7535970926270563
2008-10-03,3818.300048828125,3818.300048828125,3969.550048828125,3804.85009765625,3953.550048828125,0,4140.452453613281,4296.848979492188,4020.882864182356,4135.850432061655,-114.96756787929871,-85.06697292473712,32.29440707829551,4140.452453613281,4529.664697100653,3751.240210125909,-3.3525267650920676
2008-10-06,3602.35009765625,3602.35009765625,3820.85009765625,3581.60009765625,3817.300048828125,0,4102.954968261719,4279.3599853515625,3956.4932077937247,4096.331888772365,-139.8386809786407,-96.02131453551783,30.693806983345993,4102.954968261719,4546.887852463061,3659.0220840603774,-5.655656926127428
2008-10-07,3606.60009765625,3606.60009765625,3732.64990234375,3537.0,3606.949951171875,0,4059.1699829101562,4262.820991210938,3902.663498541805,4060.055459800801,-157.39196125899616,-108.29544388021351,30.82153156911106,4059.1699829101562,4518.055608096792,3600.2843577235203,0.11797853858694918
2008-10-08,3513.64990234375,3513.64990234375,3604.39990234375,3329.449951171875,3604.39990234375,0,4011.4174682617186,4246.856987304687,3842.8152529728736,4019.5809740632417,-176.76572109036806,-121.98949932224443,30.171583539067584,4011.4174682617186,4489.24306760454,3533.5918689188975,-2.5772248875860604
2008-10-10,3279.949951171875,3279.949951171875,3502.050048828125,3198.949951171875,3502.050048828125,0,3955.4024658203125,4225.813984375,3756.2205911573355,3964.7934908861034,-208.57289972876788,-139.30617940354912,23.87319698140611,3955.4024658203125,4499.385354858322,3411.4195767823035,-6.651201959990027
2008-10-13,3490.699951171875,3490.699951171875,3510.199951171875,3272.89990234375,3272.89990234375,0,3915.422473144531,4211.830981445312,3715.371261928803,3929.6754509072716,-214.30418897846857,-154.30578131853304,24.06420881846624,3915.422473144531,4473.130522630584,3357.7144236584777,6.425402921916601
2008-10-14,3518.64990234375,3518.64990234375,3648.25,3491.5,3494.10009765625,0,3879.9324584960937,4195.9329833984375,3685.1064373772565,3899.2291139766403,-214.1226765993838,-166.26916037470318,25.883321369260543,3879.9324584960937,4444.068140288967,3315.7967767032205,0.8006976125946252
2008-10-15,3338.39990234375,3338.39990234375,3518.5,3324.550048828125,3517.89990234375,0,3843.2074584960938,4176.041977539063,3631.7669704490245,3857.686209411241,-225.9192389622167,-178.1991760922059,24.47393978633862,3843.2074584960938,4448.574616852663,3237.8403001395245,-5.122703451682897
2008-10-16,3269.300048828125,3269.300048828125,3333.85009765625,3099.89990234375,3333.85009765625,0,3802.9274658203126,4153.156982421875,3576.0028286611937,3814.1020493680476,-238.09922070685388,-190.17918501513552,21.760326450501637,3802.9274658203126,4449.207249312495,3156.6476823281296,-2.0698494948766633
2008-10-17,3074.35009765625,3074.35009765625,3335.949951171875,3046.60009765625,3269.050048828125,0,3756.232470703125,4126.736982421875,3498.825485429664,3759.3056085005073,-260.48012307084355,-204.23937262627715,19.93907744139986,3756.232470703125,4471.336819377955,3041.128122028294,-5.963048611636445
2008-10-20,3122.800048828125,3122.800048828125,3238.39990234375,3058.949951171875,3108.199951171875,0,3710.464978027344,4099.135981445313,3440.9754182601964,3712.1570485247753,-271.18163026457887,-217.62782415393752,23.811977949425895,3710.464978027344,4465.642686942047,2955.2872691126413,1.5759412439335208
2008-10-21,3234.89990234375,3234.89990234375,3254.85009765625,3117.35009765625,3125.39990234375,0,3659.947473144531,4073.4829833984377,3409.271492734589,3676.804667326181,-267.5331745915919,-227.60889424146842,31.055393643875945,3659.947473144531,4399.509259850519,2920.3856864385434,3.5897224209949785
2008-10-22,3065.14990234375,3065.14990234375,3235.75,3051.800048828125,3234.699951171875,0,3602.0524780273436,4044.3089794921875,3356.3297095975367,3631.496906957112,-275.1671973595753,-237.12055486508982,25.14588686440527,3602.0524780273436,4337.283709529784,2866.821246524904,-5.247457575951975
2008-10-23,2943.14990234375,2943.14990234375,3085.10009765625,2917.14990234375,3064.800048828125,0,3542.8649780273436,4012.5819775390623,3292.7635854046466,3580.508239948715,-287.74465454406845,-247.24537480088557,22.23629685439819,3542.8649780273436,4290.676966817198,2795.0529892374893,-3.980229479371089
2008-10-24,2584.0,2584.0,2936.25,2525.050048828125,2936.25,0,3464.002478027344,3971.8539794921876,3183.7230338039317,3506.692814767329,-322.96978096339717,-262.3902560333879,19.766807560144443,3464.002478027344,4267.801915280061,2660.2030407746265,-12.202908932968192
2008-10-27,2524.199951171875,2524.199951171875,2585.300048828125,2252.75,2583.75,0,3384.6849853515623,3931.292978515625,3082.2579441682306,3433.91556561211,-351.65762144387963,-280.24372911548625,21.404123227223266,3384.6849853515623,4231.763474698398,2537.6064960047274,-2.3142433757014302
2008-10-29,2697.050048828125,2697.050048828125,2781.25,2631.89990234375,2685.300048828125,0,3320.2749877929687,3894.6529833984373,3022.9951910389836,3379.3329347392223,-356.33774370023866,-295.46253203243674,27.856356495401485,3320.2749877929687,4170.973135408085,2469.576840177853,6.847718128510505
2008-10-31,2885.60009765625,2885.60009765625,2921.35009765625,2696.300048828125,2696.300048828125,0,3272.052490234375,3863.7509814453124,3001.857484364717,3342.7601319923356,-340.90264762761853,-304.55055515147313,35.389770888177466,3272.052490234375,4105.471234620197,2438.633745848553,6.990973300997894
2008-11-03,3043.85009765625,3043.85009765625,3062.050048828125,2885.39990234375,2885.39990234375,0,3228.1849975585938,3836.7669873046875,3008.317886409568,3320.61864796744,-312.3007615578722,-306.100596432753,44.30782842887907,3228.1849975585938,4008.398744824569,2447.9712502926186,5.484127898683333
2008-11-04,3142.10009765625,3142.10009765625,3152.300048828125,2985.0,3050.25,0,3187.7525024414062,3812.2439892578127,3028.899765062904,3307.3950516480927,-278.49528658518875,-300.5795344632402,41.11349254962693,3187.7525024414062,3890.2441249077883,2485.260879975024,3.227819926994835
2008-11-05,2994.949951171875,2994.949951171875,3240.550048828125,2971.0,3155.75,0,3146.584997558594,3783.82798828125,3023.6767167719763,3284.2509701313356,-260.5742533593593,-292.57847824246403,37.4146883580961,3146.584997558594,3787.273134950453,2505.8968601667348,-4.683178190094484
2008-11-06,2892.64990234375,2892.64990234375,3007.800048828125,2860.25,2998.449951171875,0,3111.099987792969,3756.003984375,3003.51874532148,3255.2434836285515,-251.72473830707168,-284.40773025538556,38.87099538770286,3111.099987792969,3723.491952465407,2498.708023120531,-3.4157515316106224
2008-11-07,2973.0,2973.0,3010.0,2860.10009765625,2893.25,0,3079.4199829101562,3728.91498046875,2998.8235537335595,3234.3365589153254,-235.51300518176595,-274.62878524066167,42.643626116583526,3079.4199829101562,3647.8605840646874,2510.979381755625,2.7777332331557547
2008-11-10,3148.25,3148.25,3161.25,2973.300048828125,2973.300048828125,0,3061.1499877929687,3705.172978515625,3021.8122377745503,3227.9597767734494,-206.1475389988991,-260.93253599230917,51.85287070268714,3061.1499877929687,3593.1469208735693,2529.153054712368,5.894719138916926
2008-11-11,2938.64990234375,2938.64990234375,3147.199951171875,2919.449951171875,3147.199951171875,0,3044.0849853515624,3677.1959765625,3009.0180323236577,3206.529415704583,-197.51138338092505,-248.24830547003236,45.728069286154835,3044.0849853515624,3568.3703758198867,2519.799594883238,-6.657670059755416
2008-11-12,2848.449951171875,2848.449951171875,2975.199951171875,2794.949951171875,2937.89990234375,0,3011.9724853515627,3648.3229736328126,2984.3152506079987,3180.0050109243825,-195.68976031638385,-237.73659643930267,40.943076435585375,3011.9724853515627,3498.3859863775697,2525.5589843255557,-3.0694350864978848
2008-11-14,2810.35009765625,2810.35009765625,2938.800048828125,2778.800048828125,2848.0,0,2976.5574951171875,3620.2499755859376,2957.5513809231143,3152.6231654971134,-195.07178457399914,-229.203634066242,43.635733654788766,2976.5574951171875,3407.635970832971,2545.479019401404,-1.3375644357012662
2008-11-17,2799.550048828125,2799.550048828125,2835.699951171875,2694.5,2813.39990234375,0,2949.6150024414064,3589.0409765625,2933.243483677731,3126.4696012994104,-193.22611762167935,-222.00813077732948,46.20226839218848,2949.6150024414064,3351.863903709325,2547.366101173488,-0.3842954953239386
2008-11-18,2683.14990234375,2683.14990234375,2802.449951171875,2664.300048828125,2802.449951171875,0,2920.3074951171875,3555.7309765625,2894.7675480878875,3093.631105080473,-198.86355699258547,-217.37921602038068,53.00846154347608,2920.3074951171875,3309.6919943596704,2530.9229958747046,-4.157816236687728
2008-11-19,2635.0,2635.0,2772.39990234375,2617.89990234375,2682.75,0,2898.339990234375,3518.3509765625,2854.80330992052,3059.6584306300674,-204.85512070954746,-214.87439695821405,53.38589472770091,2898.339990234375,3300.496332481758,2496.1836479869917,-1.7945289714037527
2008-11-20,2553.14990234375,2553.14990234375,2634.199951171875,2502.89990234375,2634.199951171875,0,2869.8574829101562,3480.458974609375,2808.3950933702477,3022.1392803866365,-213.74418701638888,-214.64835496984904,45.343641419902006,2869.8574829101562,3285.5408141918997,2454.174151628413,-3.106265565702082
2008-11-21,2693.449951171875,2693.449951171875,2718.60009765625,2539.800048828125,2553.60009765625,0,2842.7849853515627,3447.2819775390626,2790.7112253397286,2997.791922667024,-207.08069732729564,-213.13482344133837,43.5819469562876,2842.7849853515627,3227.7580529913444,2457.811917711781,5.495174752541243
2008-11-24,2708.25,2708.25,2740.35009765625,2633.800048828125,2690.85009765625,0,2824.939990234375,3411.8009814453126,2778.02488297977,2976.344372839837,-198.31948986006682,-210.17175672508407,37.60251287081493,2824.939990234375,3199.458594170534,2450.4213862982156,0.5494829715207983
2008-11-25,2654.0,2654.0,2790.699951171875,2638.199951171875,2708.300048828125,0,2810.4824951171877,3375.5069775390625,2758.944131752113,2952.467011888738,-193.52288013662474,-206.8419814073922,31.363118913499108,2810.4824951171877,3188.098671994416,2432.8663182399596,-2.003138558109485
2008-11-26,2752.25,2752.25,2762.60009765625,2643.35009765625,2652.449951171875,0,2818.8949951171876,3342.5469775390625,2757.9142653287113,2937.636122119202,-179.72185679049062,-201.4179564840119,40.37363615077529,2818.8949951171876,3182.5034284352555,2455.2865617991197,3.701959306706848
2008-11-28,2755.10009765625,2755.10009765625,2779.0,2690.300048828125,2745.699951171875,0,2830.4400024414062,3311.8429833984374,2757.481316456025,2924.1149351219465,-166.6336186659214,-194.46108892039382,44.07700303948301,2830.4400024414062,3168.4096575223857,2492.470347360427,0.10355518780089668
2008-12-01,2682.89990234375,2682.89990234375,2832.85009765625,2669.5,2755.14990234375,0,2829.7324951171877,3280.9319775390627,2746.007252746444,2906.247154916154,-160.23990216971015,-187.6168515702571,37.4197755939941,2829.7324951171877,3168.9348898823464,2490.530100352029,-2.62060153001048
2008-12-02,2657.800048828125,2657.800048828125,2672.89990234375,2570.699951171875,2672.89990234375,0,2818.342492675781,3252.62998046875,2732.4369136820874,2887.8436655763003,-155.4067518942129,-181.17483163504826,25.54720127566081,2818.342492675781,3164.865580956357,2471.8194043952053,-0.9355493842203355
2008-12-03,2656.449951171875,2656.449951171875,2693.64990234375,2611.949951171875,2657.5,0,2798.9724853515627,3224.2609814453126,2720.7466117574395,2870.703390435232,-149.9567786777925,-174.9312210435971,32.242648515999875,2798.9724853515627,3135.5882313933166,2462.3567393098087,-0.05079756307647676
2008-12-04,2788.0,2788.0,2793.800048828125,2646.35009765625,2656.5,0,2781.26748046875,3199.8559814453124,2731.0932868716795,2864.5772133659557,-133.48392649427615,-166.64176213373293,46.38435795240319,2781.26748046875,3076.6130427285993,2485.9219182089005,4.952099653527919
2008-12-05,2714.39990234375,2714.39990234375,2821.14990234375,2701.35009765625,2786.64990234375,0,2767.2399780273436,3173.3809814453125,2728.5250738673826,2853.4529681050517,-124.92789423766908,-158.29898855452015,44.49480061701175,2767.2399780273436,3046.0394395045564,2488.4405165501307,-2.639888725116568
2008-12-08,2784.0,2784.0,2861.550048828125,2714.699951171875,2714.699951171875,0,2761.807482910156,3144.1559814453126,2737.0596778877853,2848.3083038009736,-111.24862591318833,-148.88891602625378,49.16420120478481,2761.807482910156,3034.4848217580043,2489.130144062308,2.5641062540620485
2008-12-10,2928.25,2928.25,2940.14990234375,2785.699951171875,2785.699951171875,0,2759.5699829101563,3118.2599853515626,2766.473573597357,2854.2299109268274,-87.75633732947063,-136.66240028689714,62.790937676779514,2759.5699829101563,3025.604063402386,2493.5359024179265,5.181393678160928
2008-12-11,2920.14990234375,2920.14990234375,2945.300048828125,2861.550048828125,2934.050048828125,0,2748.1649780273438,3094.1249853515624,2790.1160857121863,2859.1128732540064,-68.99678754182014,-123.12927773788174,65.53018134549677,2748.1649780273438,2957.5698485451203,2538.760107509567,-0.2766190610859698
2008-12-12,2921.35009765625,2921.35009765625,2936.800048828125,2812.550048828125,2915.35009765625,0,2747.2999877929688,3069.3269873046875,2810.3059337035806,2863.7230380245433,-53.41710432096261,-109.18684305449793,71.9847031802388,2747.2999877929688,2953.51041386081,2541.0895617251276,0.04110046924428179
2008-12-15,2981.199951171875,2981.199951171875,3012.10009765625,2917.89990234375,2917.89990234375,0,2753.9374877929686,3046.739990234375,2836.5973210063953,2872.425031591012,-35.82771058461685,-94.51501656052173,69.00718278196531,2753.9374877929686,2981.3160331831023,2526.558942402835,2.0487052737582445
2008-12-16,3041.75,3041.75,3052.550048828125,2963.300048828125,2983.60009765625,0,2765.5074829101563,3027.869990234375,2868.159271620796,2884.9676218435297,-16.80835022273368,-78.97368329296413,70.77362127729205,2765.5074829101563,3026.096341452874,2504.9186243674385,2.031062988724508
2008-12-17,2954.35009765625,2954.35009765625,3076.199951171875,2943.5,3040.449951171875,0,2773.2474853515623,3009.9559912109376,2881.419398703174,2890.107064496324,-8.68766579314979,-64.91647979300126,67.96673369076925,2773.2474853515623,3046.9590553155967,2499.535915387528,-2.8733427251993127
2008-12-18,3060.75,3060.75,3072.550048828125,2922.64990234375,2955.35009765625,0,2792.127490234375,2992.7469921875,2909.0087219796087,2902.7472819410405,6.261440038568253,-50.680895826687355,68.27605577742256,2792.127490234375,3090.6401688175074,2493.6148116512422,3.601465595704423
2008-12-19,3077.5,3077.5,3106.800048828125,3036.300048828125,3063.0,0,2814.252490234375,2975.2819921875,2934.930457059669,2915.691927723186,19.238529336483225,-36.69701079405324,68.79005452537878,2814.252490234375,3128.888370076202,2499.6166103925475,0.5472514906477155
2008-12-22,3039.300048828125,3039.300048828125,3110.449951171875,3027.800048828125,3077.25,0,2838.5599975585938,2959.7019921875,2950.987317331739,2924.84808484207,26.13923248966921,-24.129762137308752,71.62884349548625,2838.5599975585938,3143.22011678647,2533.8998783307175,-1.24126567577173
2008-12-23,2968.64990234375,2968.64990234375,3040.0,2957.050048828125,3039.25,0,2852.3199951171873,2947.02798828125,2953.7046381028176,2928.092663916268,25.61197418654956,-14.18141487253709,67.87622614298442,2852.3199951171873,3154.231171070485,2550.40881916389,-2.3245531980830902
2008-12-24,2916.85009765625,2916.85009765625,2968.0,2900.449951171875,2967.39990234375,0,2862.75,2933.23298828125,2948.034708803346,2927.259881230341,20.77482757300504,-7.1901663834286635,64.15371806818155,2862.75,3158.0452035504973,2567.4547964495027,-1.7448943591025667
2008-12-26,2857.25,2857.25,2960.949951171875,2844.800048828125,2919.85009765625,0,2872.9125,2920.104990234375,2934.067830525908,2922.073964102168,11.9938664237402,-3.3533598219948915,54.083376617094764,2872.9125,3151.4744580573984,2594.3505419426015,-2.0433034150140195
2008-12-29,2922.199951171875,2922.199951171875,2931.800048828125,2812.89990234375,2857.14990234375,0,2881.4099975585937,2912.949990234375,2932.2420029329796,2922.083296477702,10.158706455277752,-0.6509465665403629,62.37936594417375,2881.4099975585937,3154.794360067641,2608.0256350495465,2.27316304740135
2008-12-30,2979.5,2979.5,2999.14990234375,2899.75,2922.550048828125,0,2892.629992675781,2902.7259912109375,2939.5124640202134,2926.336385627502,13.176078392711588,2.1144584253100276,61.81983071342201,2892.629992675781,3162.585149912289,2622.674835439273,1.9608531170205001
2008-12-31,2959.14990234375,2959.14990234375,3002.64990234375,2937.35009765625,2979.800048828125,0,2906.442492675781,2891.5359912109375,2942.5336083776806,2928.767016495372,13.766591882308603,4.4448851167097425,52.19740421362145,2906.442492675781,3158.917597161809,2653.967388189753,-0.683003781045477
2009-01-02,3046.75,3046.75,3079.85009765625,3021.800048828125,3034.60009765625,0,2925.889990234375,2885.7029931640627,2958.566899396499,2937.5064967549743,21.060402641524888,7.767988621672772,58.08842843461144,2925.889990234375,3156.715283399674,2695.0646970690764,2.960312946189969
2009-01-05,3121.449951171875,3121.449951171875,3131.949951171875,3056.449951171875,3058.75,0,2949.139990234375,2882.7459912109375,2983.6258304388643,2951.1319378228927,32.49389261597162,12.713169420532541,61.68671228559981,2949.139990234375,3158.357084486605,2739.9228959821453,2.4517912914375994
2009-01-06,3112.800048828125,3112.800048828125,3141.800048828125,3056.10009765625,3121.5,0,2965.379992675781,2883.514990234375,3003.498787114135,2963.10735345291,40.391433661225165,18.248822268671066,58.17493562075545,2965.379992675781,3172.3428824309685,2758.4171029205936,-0.2771116781962957
2009-01-07,2920.39990234375,2920.39990234375,3147.199951171875,2888.199951171875,3112.800048828125,0,2975.6799926757812,2879.4669873046873,2990.714343303307,2959.943838555935,30.770504747371888,20.753158764411232,43.522813042100346,2975.6799926757812,3147.5858310557614,2803.774154295801,-6.180934961010676
2009-01-09,2873.0,2873.0,2929.85009765625,2810.25,2919.949951171875,0,2980.129992675781,2872.2289892578124,2972.6044443335672,2953.5035542184582,19.100890115108996,20.422705034550788,45.46417074679398,2980.129992675781,3134.897113712892,2825.36287163867,-1.6230620438560273
2009-01-12,2773.10009765625,2773.10009765625,2869.199951171875,2748.550048828125,2868.85009765625,0,2972.3724975585938,2866.3879931640627,2941.9114679216723,2940.1403352138504,1.7711327078218346,16.692390569204996,33.84443120787701,2972.3724975585938,3151.6942386973665,2793.050756419821,-3.477198132396453
2009-01-13,2744.949951171875,2744.949951171875,2802.60009765625,2720.800048828125,2775.0,0,2963.6125,2862.423994140625,2911.6096961140115,2925.681788247778,-14.072092133766546,10.539494028610687,31.558809138734617,2963.6125,3168.9114740397663,2758.313525960234,-1.0151146908893294
2009-01-14,2835.300048828125,2835.300048828125,2853.25,2748.39990234375,2748.39990234375,0,2959.3099975585938,2867.4499951171874,2899.869750377721,2918.986844587063,-19.117094209341758,4.608176381020199,39.30593744288755,2959.3099975585938,3171.81840999996,2746.8015851172277,3.291502550626757
2009-01-15,2736.699951171875,2736.699951171875,2832.300048828125,2701.75,2832.300048828125,0,2947.084997558594,2871.6999951171874,2874.7667043460524,2905.4841117414935,-30.717407395441114,-2.4569403742720635,38.18691655254375,2947.084997558594,3181.3121570405874,2712.8578380766003,-3.4775895304979487
2009-01-16,2828.449951171875,2828.449951171875,2835.64990234375,2724.199951171875,2737.0,0,2936.4199951171877,2874.3279931640627,2867.6410500115635,2899.7778776252253,-32.13682761366181,-8.392917822150013,45.673871563973684,2936.4199951171877,3171.9191007754325,2700.920889458943,3.352577982131799
2009-01-19,2846.199951171875,2846.199951171875,2868.199951171875,2819.89990234375,2828.699951171875,0,2931.012487792969,2873.539990234375,2864.342419420842,2895.8091423323845,-31.466722911542547,-13.007678840028522,49.436135889494054,2931.012487792969,3169.72285256294,2692.302123022998,0.6275522037307413
2009-01-20,2796.60009765625,2796.60009765625,2842.89990234375,2758.0,2842.89990234375,0,2917.8049926757812,2868.594990234375,2853.9205237647507,2888.460324208226,-34.53980044347554,-17.314103160717927,43.48886357060826,2917.8049926757812,3155.5193908332935,2680.090594518269,-1.7426693263487336
2009-01-21,2706.14990234375,2706.14990234375,2787.300048828125,2690.199951171875,2777.39990234375,0,2899.2374877929688,2859.875986328125,2831.1865820076737,2874.9558485145612,-43.76926650688756,-22.605135829951855,36.3003061881726,2899.2374877929688,3142.38092773253,2656.0940478534076,-3.2342913592938727
2009-01-22,2713.800048828125,2713.800048828125,2744.85009765625,2681.39990234375,2714.699951171875,0,2882.9624877929687,2854.25298828125,2813.127115364666,2863.0183818711216,-49.891266506455395,-28.062361965252563,37.54506604150303,2882.9624877929687,3130.1726004706006,2635.7523751153367,0.2826948528516171
2009-01-23,2678.550048828125,2678.550048828125,2765.550048828125,2661.64990234375,2705.449951171875,0,2868.4574951171876,2849.9709912109374,2792.4229512821216,2849.3540609049737,-56.93110962285209,-33.836111496772475,30.259499451691667,2868.4574951171876,3128.2226542568606,2608.6923359775146,-1.2989166248715267
2009-01-27,2771.35009765625,2771.35009765625,2777.300048828125,2685.25,2686.050048828125,0,2861.1824951171875,2845.9379931640624,2789.1809738012184,2843.5759895532165,-54.39501575199802,-37.947892347817586,31.587267714054377,2861.1824951171875,3123.3795665206862,2598.9854237136888,3.4645628095963943
2009-01-28,2849.5,2849.5,2855.39990234375,2765.60009765625,2771.10009765625,0,2860.7949951171877,2839.9629931640625,2798.460823985646,2844.014805141867,-45.55398115622074,-39.46911010949822,37.09567068167183,2860.7949951171877,3123.039440444556,2598.5505497898193,2.8199216840139263
2009-01-29,2823.949951171875,2823.949951171875,2873.85009765625,2795.35009765625,2849.35009765625,0,2855.8824951171873,2837.668994140625,2802.3822281681432,2842.5285196626082,-40.146291494465004,-39.60454638649158,44.348748313102966,2855.8824951171873,3116.96205296933,2594.8029372650444,-0.8966502483988448
2009-01-30,2874.800048828125,2874.800048828125,2881.0,2774.10009765625,2824.050048828125,0,2850.647497558594,2838.19599609375,2813.523431346602,2844.9190033044983,-31.39557195789621,-37.962751500772505,50.10504480040348,2850.647497558594,3105.412828627865,2595.8821664893226,1.8006727645845322
2009-02-02,2766.64990234375,2766.64990234375,2873.449951171875,2760.699951171875,2872.35009765625,0,2841.022497558594,2837.3219921875,2806.3121191923174,2839.121292122221,-32.809172929903525,-36.93203578659871,49.627178227434264,2841.022497558594,3093.05864273296,2588.9863523842278,-3.762005866406637
2009-02-03,2783.89990234375,2783.89990234375,2831.699951171875,2752.89990234375,2773.5,0,2827.879992675781,2837.0089892578126,2802.864085830999,2835.0308188052973,-32.16673297429816,-35.9789752241386,52.280039935962975,2827.879992675781,3061.485694969461,2594.2742903821013,0.6234977539220532
2009-02-04,2803.050048828125,2803.050048828125,2842.199951171875,2780.699951171875,2780.699951171875,0,2811.959997558594,2839.4069921875,2802.892695522865,2832.661872881062,-29.76917735819734,-34.737015650950354,47.94048331039368,2811.959997558594,3000.349010186042,2623.5709849311456,0.6878891898466799
2009-02-05,2780.050048828125,2780.050048828125,2816.800048828125,2754.85009765625,2802.75,0,2795.3224975585936,2842.3079931640623,2799.3784421852124,2828.764700728993,-29.386258543780514,-33.66686422951639,53.06425827009072,2795.3224975585936,2919.763881459578,2670.881113657609,-0.8205347603270852
2009-02-06,2843.10009765625,2843.10009765625,2852.5,2778.64990234375,2779.35009765625,0,2791.4575073242186,2848.1069970703124,2806.104850719218,2829.8265819828634,-23.721731263645324,-31.677837636342183,51.079358489765106,2791.4575073242186,2903.7507836118766,2679.1642310365605,2.2679465376784336
2009-02-09,2919.89990234375,2919.89990234375,2926.75,2840.14990234375,2843.050048828125,0,2793.8025024414064,2852.63599609375,2823.611781738377,2836.4986797873735,-12.8868980489965,-27.91964971887305,54.99524923873643,2793.8025024414064,2914.8807678705416,2672.7242370122713,2.70126981286416
2009-02-10,2934.5,2934.5,2957.39990234375,2891.75,2919.699951171875,0,2801.8724975585938,2857.16099609375,2840.6715076247806,2843.758036840161,-3.086529215380324,-22.953025618174504,59.812136629674434,2801.8724975585938,2937.75127095865,2665.9937241585376,0.5000204851039802
2009-02-11,2925.699951171875,2925.699951171875,2937.5,2877.60009765625,2933.0,0,2810.9099975585937,2862.5949951171874,2853.7528066320256,2849.82780827214,3.924998359885649,-17.577420822562473,67.67569913472754,2810.9099975585937,2954.6634259988414,2667.156569118346,-0.2998823931887884
2009-02-12,2893.050048828125,2893.050048828125,2939.0,2886.550048828125,2927.39990234375,0,2813.797497558594,2865.41099609375,2859.798536200656,2853.0294557207317,6.769080479924469,-12.708120562065087,63.872758974870585,2813.797497558594,2961.868845361765,2665.7261497554227,-1.1159689267066564
2009-02-13,2948.35009765625,2948.35009765625,2969.75,2896.85009765625,2896.949951171875,0,2824.3800048828125,2869.27599609375,2873.4218533476705,2860.090244012252,13.331609335418761,-7.500174582568318,70.25220765540453,2824.3800048828125,2979.343444034404,2669.416565731221,1.9114791619496918
2009-02-16,2848.5,2848.5,2953.199951171875,2839.10009765625,2948.25,0,2825.3825073242188,2872.587998046875,2869.587722063414,2859.2317074187517,10.356014644662082,-3.9289367371222386,55.730510107267314,2825.3825073242188,2980.715785677422,2670.0492289710155,-3.3866431851368173
2009-02-17,2770.5,2770.5,2854.64990234375,2757.300048828125,2853.85009765625,0,2821.597509765625,2874.8419970703126,2854.3434571305806,2852.658988350696,1.68446877988481,-2.806255633720829,44.1307620591959,2821.597509765625,2978.4764302175395,2664.7185893137107,-2.738283307003686
2009-02-18,2776.14990234375,2776.14990234375,2806.5,2736.64990234375,2755.14990234375,0,2820.575,2877.23599609375,2842.313679471068,2846.9916486464776,-4.677969175409544,-3.180598342058572,46.34052795803071,2820.575,2978.4036435040375,2662.746356495962,0.20393078302654022
2009-02-19,2789.35009765625,2789.35009765625,2802.14990234375,2767.60009765625,2776.699951171875,0,2824.735009765625,2877.262998046875,2834.165436114942,2842.721904128683,-8.556468013740869,-4.255772276395032,43.05793401920358,2824.735009765625,2974.0194160452775,2675.4506034859724,0.4754856825762932
2009-02-20,2736.449951171875,2736.449951171875,2789.300048828125,2709.300048828125,2789.300048828125,0,2825.8675048828127,2877.7039990234375,2819.1322845852396,2834.849907613364,-15.717623028124308,-6.5481424267408865,47.30454056753717,2825.8675048828127,2971.917061296246,2679.817948469379,-1.896504369559937
2009-02-24,2733.89990234375,2733.89990234375,2746.199951171875,2677.550048828125,2737.25,0,2828.6349975585936,2876.7019970703127,2806.019610394241,2827.3721294452444,-21.352519051003128,-9.509017751593335,45.41705268151649,2828.6349975585936,2964.6862055300285,2692.5837895871587,-0.09318821369390662
2009-02-25,2762.5,2762.5,2789.35009765625,2733.449951171875,2733.449951171875,0,2828.192492675781,2873.3869970703126,2799.324285718204,2822.5667865233745,-23.242500805170494,-12.255714362308769,46.346516198087436,2828.192492675781,2965.0831790597013,2691.301806291861,1.0461281933450195
2009-02-26,2785.64990234375,2785.64990234375,2797.800048828125,2731.89990234375,2762.199951171875,0,2824.9999877929686,2870.6969970703126,2797.2205344298263,2819.8322025100692,-22.611668080242907,-14.326905105895598,50.50440011417558,2824.9999877929686,2962.773681305108,2687.2262942808293,0.8380055147058751
2009-02-27,2763.64990234375,2763.64990234375,2787.199951171875,2708.449951171875,2785.699951171875,0,2821.9849853515625,2867.5429931640624,2792.0558218011993,2815.6705506458975,-23.61472884469822,-16.184469853656125,42.272137921208234,2821.9849853515625,2962.4679725794053,2681.5019981237197,-0.7897618427028408
2009-03-02,2674.60009765625,2674.60009765625,2764.60009765625,2659.550048828125,2764.60009765625,0,2811.974987792969,2861.41099609375,2773.985710394284,2805.220887461479,-31.235177067194854,-19.194611296363874,26.69583240170597,2811.974987792969,2964.616538489633,2659.333437096305,-3.2221810950793794
2009-03-03,2622.39990234375,2622.39990234375,2688.5,2611.550048828125,2672.14990234375,0,2804.762487792969,2853.023994140625,2750.664816848048,2791.678592267573,-41.013775419525246,-23.55844412099615,22.32666417287517,2804.762487792969,2978.58411492095,2630.9408606649877,-1.9517009424415588
2009-03-04,2645.199951171875,2645.199951171875,2655.699951171875,2611.949951171875,2611.949951171875,0,2797.827490234375,2846.8409912109373,2734.439452897868,2780.8283225567807,-46.38886965891288,-28.124529228579497,25.731111749497273,2797.827490234375,2985.656848721676,2609.9981317470742,0.8694344751823513
2009-03-05,2576.699951171875,2576.699951171875,2663.89990234375,2564.10009765625,2645.89990234375,0,2786.5099853515626,2837.159990234375,2710.171837247715,2765.7077024541954,-55.535865206480594,-33.60679642415972,24.228118453953627,2786.5099853515626,2998.7103711091554,2574.30959959397,-2.5895962976127063
2009-03-06,2620.14990234375,2620.14990234375,2628.10009765625,2539.449951171875,2576.75,0,2778.5149780273437,2828.01298828125,2696.322308800951,2754.9256431867548,-58.60333438580392,-38.60610401648856,22.736336408445908,2778.5149780273437,3003.4094848735676,2553.6204711811197,1.6862635151645877
2009-03-09,2573.14990234375,2573.14990234375,2621.25,2555.60009765625,2620.10009765625,0,2765.017468261719,2818.6899853515624,2677.3727078075353,2741.4607734946803,-64.08806568714499,-43.702496350619846,24.92487471708516,2765.017468261719,3005.4570798862396,2524.5778566371982,-1.793790498702308
2009-03-12,2617.449951171875,2617.449951171875,2646.10009765625,2574.5,2574.5,0,2749.894970703125,2811.665986328125,2668.15382217128,2732.274786655954,-64.120964484674,-47.78618997743068,35.150873452951984,2749.894970703125,2987.3450374965264,2512.444903909724,1.7216272082622996
2009-03-13,2719.25,2719.25,2726.14990234375,2616.60009765625,2616.60009765625,0,2739.132470703125,2807.713984375,2676.0147726064674,2731.309987644402,-55.29521503793467,-49.287994989531484,45.34751783243223,2739.132470703125,2960.3066134806872,2517.9583279255626,3.8892834906947282
2009-03-16,2777.25,2777.25,2781.949951171875,2701.949951171875,2716.050048828125,0,2731.7099731445314,2806.113984375,2691.589422974703,2734.7129515225947,-43.12352854789151,-48.05510170120349,49.07815844470253,2731.7099731445314,2935.8276681301727,2527.59227815889,2.1329410683092798
2009-03-17,2757.449951171875,2757.449951171875,2805.60009765625,2738.699951171875,2776.35009765625,0,2724.929968261719,2802.818984375,2701.721811928114,2736.3971737188376,-34.6753617907234,-45.37915371910748,51.68485184680259,2724.929968261719,2915.008464956739,2534.851471566699,-0.7129372158835134
2009-03-18,2794.699951171875,2794.699951171875,2836.050048828125,2752.25,2757.64990234375,0,2717.2474609375,2799.1229833984376,2716.026141042539,2740.715897974618,-24.689756932079035,-41.2412743617018,54.620765715969405,2717.2474609375,2879.720191425849,2554.774730449151,1.3508858060748974
2009-03-19,2807.14990234375,2807.14990234375,2822.25,2771.35009765625,2797.050048828125,0,2715.1799560546874,2796.0829833984376,2730.0451812427254,2745.6369353352948,-15.591754092569317,-36.1113703078753,53.47876138245034,2715.1799560546874,2871.5582572518706,2558.801654857504,0.44548435930140684
2009-03-20,2807.050048828125,2807.050048828125,2816.10009765625,2773.64990234375,2807.35009765625,0,2717.007458496094,2791.288984375,2741.892083948171,2750.1860548532823,-8.29397090511111,-30.547890427322464,51.729444655995295,2717.007458496094,2876.9221288582185,2557.0927881339694,-0.0035571137665835195
2009-03-23,2939.89990234375,2939.89990234375,2949.75,2807.25,2807.25,0,2725.194958496094,2787.6579833984374,2772.3548252397986,2764.2389324451688,8.115892794629872,-22.815133782931998,62.079367225346324,2725.194958496094,2912.3131835900513,2538.0767334021366,4.732721227079173
2009-03-24,2938.699951171875,2938.699951171875,3017.39990234375,2914.5,2923.800048828125,0,2732.662451171875,2784.1759814453126,2797.946383075503,2777.1619708693693,20.784412206133766,-14.095224585118846,70.57814193637734,2732.662451171875,2941.2497164391875,2524.0751859045627,-0.04081605536699895
2009-03-25,2984.35009765625,2984.35009765625,2996.5,2923.300048828125,2938.800048828125,0,2745.0574584960937,2785.4549853515623,2826.623877626387,2792.509239520249,34.114638106138045,-4.453252046867467,78.4932890626982,2745.0574584960937,2982.112049790701,2508.0028672014864,1.55341297998699
2009-03-26,3082.25,3082.25,3103.35009765625,2982.25,2982.25,0,2762.474963378906,2789.6399853515627,2865.950973376174,2813.9715180743046,51.979455301869166,6.833289422879861,80.7673494585937,2762.474963378906,3043.2380610873593,2481.711865670453,3.280442948722251
2009-03-27,3108.64990234375,3108.64990234375,3123.35009765625,3055.89990234375,3079.39990234375,0,2779.7824584960936,2796.3509814453123,2903.289270140416,2835.799546538708,67.48972360170819,18.96457625864553,89.80769462656495,2779.7824584960936,3100.399858264062,2459.165058728125,0.8565139863330407
2009-03-30,2978.14990234375,2978.14990234375,3110.199951171875,2962.39990234375,3108.75,0,2789.4074584960936,2801.01498046875,2914.8062904793906,2846.3440173390813,68.46227314030921,28.864115634978265,73.7023397034492,2789.4074584960936,3122.097011681143,2456.717905311044,-4.197963878197097
2009-03-31,3020.949951171875,3020.949951171875,3054.300048828125,2966.39990234375,2981.699951171875,0,2802.2724609375,2804.727978515625,2931.1360844320807,2859.277790215585,71.85829421649578,37.462951351281774,79.81359483370963,2802.2724609375,3150.313419734608,2454.231502140392,1.4371354777824363
2009-04-01,3060.35009765625,3060.35009765625,3069.300048828125,2965.699951171875,3023.85009765625,0,2821.5599609375,2811.2009814453127,2951.015163389645,2874.1720352111897,76.84312817845512,45.33898671671645,79.68102355183612,2821.5599609375,3182.331969087119,2460.787952787881,1.3042303620121487
2009-04-02,3211.050048828125,3211.050048828125,3228.75,3061.050048828125,3061.050048828125,0,2850.992468261719,2818.8529833984376,2991.02053038018,2899.1259621457775,91.89456823440241,54.650103020253646,80.93083017972134,2850.992468261719,3238.414568746353,2463.570367777085,4.924271614783149
2009-04-06,3256.60009765625,3256.60009765625,3303.89990234375,3211.35009765625,3211.35009765625,0,2881.5624755859376,2827.060986328125,3031.878925345729,2925.605527739146,106.27339760658288,64.9747619375195,80.62744983034476,2881.5624755859376,3296.147094771651,2466.977856400224,1.4185406062029005
2009-04-08,3342.949951171875,3342.949951171875,3357.050048828125,3149.25,3255.35009765625,0,2919.8749755859376,2837.9879833984373,3079.7360062420594,2956.5199294749036,123.21607676715576,76.62302490344675,84.47769811312075,2919.8749755859376,3356.8531688081794,2482.896782363696,2.6515338367081087
2009-04-09,3342.050048828125,3342.050048828125,3401.14990234375,3307.050048828125,3346.0,0,2955.9699829101564,2850.705986328125,3120.0920127937616,2985.077716093661,135.01429670010066,88.30127926277754,83.67274232492306,2955.9699829101564,3407.715580455649,2504.2243853646637,-0.02691940821413219
2009-04-13,3382.60009765625,3382.60009765625,3417.800048828125,3334.14990234375,3342.199951171875,0,2996.442492675781,2864.0819873046876,3160.477872003375,3014.5238184316304,145.95405357174468,99.83183412457097,84.21837798915253,2996.442492675781,3448.8171541356837,2544.0678312158784,1.2133285928002113
2009-04-15,3484.14990234375,3484.14990234375,3497.550048828125,3311.800048828125,3381.449951171875,0,3039.777490234375,2880.193984375,3210.2735689788174,3049.310935758454,160.9626332203634,112.05799394372946,85.9280573750168,3039.777490234375,3505.1507289496094,2574.4042515191404,3.002122679469621
2009-04-16,3369.5,3369.5,3511.25,3354.199951171875,3484.35009765625,0,3072.289990234375,2892.156982421875,3234.769942982076,3073.0286442207907,161.74129876128518,121.9946549072406,73.24425274602179,3072.289990234375,3534.220949317783,2610.3590311509674,-3.290613365016992
2009-04-17,3384.39990234375,3384.39990234375,3489.85009765625,3359.25,3369.5,0,3102.6474853515624,2902.85498046875,3257.789936730026,3096.0931818595286,161.69675487049744,129.93507489989196,73.76307101871356,3102.6474853515624,3562.7363676712334,2642.5586030318914,0.44219920889598807
2009-04-20,3377.10009765625,3377.10009765625,3441.10009765625,3339.449951171875,3384.75,0,3133.629992675781,2913.9179833984376,3276.1453461032916,3116.908508955582,159.2368371477096,135.7954273494555,71.83280566666232,3133.629992675781,3579.063675342699,2688.1963100088633,-0.21568977952176605
2009-04-21,3365.300048828125,3365.300048828125,3414.699951171875,3309.35009765625,3376.85009765625,0,3162.1599975585937,2923.7279833984376,3289.8614542148043,3135.307882279474,154.55357193533018,139.54705626663045,67.40027477285614,3162.1599975585937,3588.890839676356,2735.4291554408314,-0.3494136533386816
2009-04-22,3330.300048828125,3330.300048828125,3401.10009765625,3296.89990234375,3364.60009765625,0,3188.3175048828125,2935.000986328125,3296.082776463007,3149.751746468263,146.3310299947443,140.90385101225323,63.48319796358754,3188.3175048828125,3586.610140098146,2790.024869667479,-1.0400261341388495
2009-04-23,3423.699951171875,3423.699951171875,3439.89990234375,3310.5,3330.5,0,3219.15,2947.7969873046877,3315.716187956679,3170.044206075938,145.671981880741,141.85747718595078,78.38443073054363,3219.15,3587.518530683112,2850.781469316888,2.804549168974013
2009-04-24,3480.75,3480.75,3491.35009765625,3402.89990234375,3423.60009765625,0,3246.1925048828125,2961.350986328125,3341.1060051941126,3193.059450070313,148.04655512379986,143.0952927735206,78.76989200793984,3246.1925048828125,3607.587763040912,2884.797246724713,1.666327354667807
2009-04-27,3470.0,3470.0,3517.25,3435.300048828125,3481.300048828125,0,3272.7575073242188,2975.1499853515625,3360.9358505488644,3213.573564879919,147.36228566894533,143.94869135260558,76.58513321672118,3272.7575073242188,3616.668501663323,2928.8465129851147,-0.30884148531207245
2009-04-28,3362.35009765625,3362.35009765625,3471.949951171875,3351.5,3469.5,0,3291.657507324219,2985.5349853515627,3361.1534270269235,3224.5940487892767,136.5593782376468,142.47082872961383,60.400070214843325,3291.657507324219,3609.3826336174534,2973.9323810309843,-3.102302661203171
2009-04-29,3473.949951171875,3473.949951171875,3486.39990234375,3366.699951171875,3371.64990234375,0,3311.2425048828127,2996.615986328125,3378.506738433839,3243.064856373173,135.4418820606661,141.0650393958243,63.69652368777898,3311.2425048828127,3622.8483807119997,2999.6366290536257,3.3191027190599964
2009-05-04,3654.0,3654.0,3664.5,3478.699951171875,3478.699951171875,0,3338.510009765625,3011.005986328125,3420.8903171363254,3273.504496641827,147.3858204944986,142.32919561555917,67.53087639452545,3338.510009765625,3670.262979116818,3006.757040414432,5.182862486760587
2009-05-05,3661.89990234375,3661.89990234375,3682.199951171875,3618.75,3664.5,0,3372.697509765625,3025.7299853515624,3457.9687148605444,3302.2745266938214,155.69418816672305,145.00219412579196,67.88570991703608,3372.697509765625,3688.6359007198125,3056.7591188114375,0.2161987505131302
2009-05-06,3625.050048828125,3625.050048828125,3717.050048828125,3608.64990234375,3662.0,0,3402.9025146484373,3040.3699853515627,3483.6735354709417,3326.1838246296957,157.48971084124605,147.4996974688828,63.61391601794105,3402.9025146484373,3691.5799635950875,3114.225065701787,-1.006304227268462
2009-05-07,3683.89990234375,3683.89990234375,3692.050048828125,3617.14990234375,3617.14990234375,0,3434.0800048828123,3055.0809814453123,3514.477591912912,3352.6813118677737,161.79628004513825,150.3590139841339,61.78119906231461,3434.0800048828123,3700.8408225798084,3167.319187185816,1.6234218210214646
2009-05-08,3620.699951171875,3620.699951171875,3711.25,3582.85009765625,3681.800048828125,0,3454.5625,3070.52498046875,3530.819493337368,3372.534544408818,158.28494892854997,151.94420097301713,65.77296520371188,3454.5625,3711.9625886426566,3197.1624113573434,-1.715571889770029
2009-05-11,3554.60009765625,3554.60009765625,3660.199951171875,3534.550048828125,3615.75,0,3469.4625,3086.206982421875,3534.478047847965,3386.0208816864056,148.4571661615596,151.24679401072564,60.041321028439604,3469.4625,3712.724773433451,3226.200226566549,-1.8256098104520113
2009-05-12,3681.10009765625,3681.10009765625,3691.64990234375,3534.199951171875,3554.64990234375,0,3486.370007324219,3104.305986328125,3557.035286280009,3407.8786013878757,149.1566848921334,150.8287721870072,65.72360844529751,3486.370007324219,3739.4172492681964,3233.3227653802414,3.558768821376246
2009-05-13,3635.25,3635.25,3709.60009765625,3610.199951171875,3668.75,0,3501.0300048828126,3121.223984375,3569.068319160008,3424.7209272109963,144.34739194901158,149.53249613940807,63.487391893134756,3501.0300048828126,3752.842381922325,3249.2176278433003,-1.2455542212895132
2009-05-14,3593.449951171875,3593.449951171875,3631.89990234375,3537.60009765625,3631.89990234375,0,3511.5724975585936,3138.363984375,3572.819339469526,3437.219373430321,135.5999660392049,146.74599011936743,63.05890927911892,3511.5724975585936,3760.142266798065,3263.002728319122,-1.1498534854033404
2009-05-15,3671.64990234375,3671.64990234375,3686.25,3597.85009765625,3597.85009765625,0,3520.9474975585936,3157.118984375,3588.024041450176,3454.5845977942786,133.43944365589732,144.0846808266734,62.49307753188887,3520.9474975585936,3779.120382370839,3262.7746127463483,2.17618033462168
2009-05-18,4323.14990234375,4323.14990234375,4384.2998046875,3673.14990234375,3673.14990234375,0,3568.629992675781,3188.331982421875,3701.1203277414947,3518.9227685016467,182.19755923984803,151.70725650930834,76.54399625819097,3568.629992675781,4001.9094890902634,3135.3504962612988,17.74406649131017
2009-05-19,4318.4501953125,4318.4501953125,4509.39990234375,4167.64990234375,4324.9501953125,0,3615.3325073242186,3218.98798828125,3796.0941535216493,3578.1470223394876,217.94713118216168,164.955231443879,76.83696724567504,3615.3325073242186,4153.6319626602,3077.033051988237,-0.10871024917969985
2009-05-20,4270.2998046875,4270.2998046875,4362.85009765625,4244.7001953125,4318.75,0,3659.9924926757812,3249.120986328125,3869.0488690856264,3629.417598809711,239.63127027591554,179.8904392102863,79.84223495347003,3659.9924926757812,4259.769141619887,3060.215843731676,-1.11499238030498
2009-05-21,4210.89990234375,4210.89990234375,4319.0,4199.2001953125,4270.35009765625,0,3702.2724853515624,3279.846982421875,3921.6413357407223,3672.4903620344544,249.1509737062679,193.74254610948265,75.08254217432714,3702.2724853515624,4332.999804511767,3071.5451661913576,-1.3910007507797695
2009-05-22,4238.5,4238.5,4249.5,4155.85009765625,4211.85009765625,0,3747.682482910156,3312.168984375,3970.388822549842,3714.417001883754,255.9718206660882,206.18840102080378,72.19733303268511,3747.682482910156,4396.173137675232,3099.1918281450803,0.6554441638683572
2009-05-25,4237.5498046875,4237.5498046875,4270.0498046875,4205.10009765625,4238.10009765625,0,3788.3749755859376,3344.0159814453127,4011.490512109482,3753.1675798692168,258.32293224026535,216.61530726469613,71.97724373947445,3788.3749755859376,4453.198394504814,3123.5515566670615,-0.02241819777043519
2009-05-26,4116.7001953125,4116.7001953125,4256.0498046875,4092.25,4239.5498046875,0,3820.1724853515625,3374.815986328125,4027.676617217639,3780.0959217539043,247.58069546373463,222.80838490450384,67.63894331658196,3820.1724853515625,4483.8775623545025,3156.4674083486225,-2.8518746668491857
2009-05-27,4276.0498046875,4276.0498046875,4286.4501953125,4115.25,4117.2998046875,0,3860.4749755859375,3407.933984375,4065.8878768283867,3816.833246415652,249.0546304127347,228.05763400615,69.81561873165452,3860.4749755859375,4532.489008223465,3188.46094294841,3.870809187330293
2009-05-28,4337.10009765625,4337.10009765625,4354.85009765625,4254.85009765625,4276.14990234375,0,3909.2124755859377,3443.21298828125,4107.612833878828,3855.3715316927332,252.24130218609434,232.8943676421389,74.00805173294873,3909.2124755859377,4570.415497221407,3248.009453950468,1.4277264240894816
2009-05-29,4448.9501953125,4448.9501953125,4488.0498046875,4340.75,4340.75,0,3957.9624877929687,3479.8429931640626,4160.1262740993925,3899.3403215904937,260.78595250889884,238.4726846154909,79.07982759409039,3957.9624877929687,4627.7592970885435,3288.165678497394,2.578914369919505
2009-06-01,4529.89990234375,4529.89990234375,4545.39990234375,4450.39990234375,4450.39990234375,0,4001.7574829101563,3516.0559912109375,4217.014524598525,3946.0484386833273,270.9660859151977,244.97136487543227,78.44122675698006,4001.7574829101563,4701.733582879364,3301.7813829409483,1.819523786005517
2009-06-02,4525.25,4525.25,4586.39990234375,4451.2998046875,4530.4501953125,0,4044.9249877929688,3551.0159912109375,4264.435366967983,3988.952258040118,275.48310892786503,251.07371368591885,80.66851480004186,4044.9249877929688,4762.9066087764695,3326.943366809468,-0.10264911905325524
2009-06-03,4530.7001953125,4530.7001953125,4574.89990234375,4478.60009765625,4525.5,0,4090.2074951171876,3586.48099609375,4305.399186713294,4029.0817348751093,276.3174518381843,256.1224613163719,83.12658504194995,4090.2074951171876,4810.921485664648,3369.4935045697275,0.12043965112424893
2009-06-04,4572.64990234375,4572.64990234375,4582.2001953125,4453.4501953125,4530.2998046875,0,4134.644995117187,3622.0399951171876,4346.514681425671,4069.34604357649,277.1686378491813,260.3316966229338,82.68283455462736,4134.644995117187,4859.461793027525,3409.8281972068485,0.925898983001594
2009-06-05,4586.89990234375,4586.89990234375,4636.85009765625,4561.9501953125,4573.2998046875,0,4182.954992675781,3657.6349951171874,4383.497023105376,4107.683366448139,275.8136566572366,263.4280886297944,67.7933082719646,4182.954992675781,4892.168787279069,3473.7411980724933,0.31163549154935577
2009-06-08,4429.89990234375,4429.89990234375,4611.39990234375,4404.64990234375,4582.35009765625,0,4226.719982910156,3690.0919921875,4390.635927603587,4131.551257995962,259.0846696076251,262.5594048253605,56.23704424290286,4226.719982910156,4878.360731139408,3575.0792346809053,-3.4227910646094206
2009-06-09,4550.9501953125,4550.9501953125,4562.4501953125,4365.10009765625,4427.75,0,4270.212487792969,3722.312998046875,4415.299661097266,4162.617845945335,252.681815151931,260.5838868906746,64.52116231549545,4270.212487792969,4883.505861293957,3656.919114291981,2.7325740002546173
2009-06-10,4655.25,4655.25,4688.9501953125,4551.7001953125,4551.7001953125,0,4321.212487792969,3756.6439990234376,4452.215097851533,4199.10911661605,253.10598123548243,259.08830575963617,71.97034918222207,4321.212487792969,4879.342475351689,3763.082500234249,2.291824788478891
2009-06-11,4637.7001953125,4637.7001953125,4679.5498046875,4586.14990234375,4657.39990234375,0,4373.425,3789.7110009765624,4480.751266691682,4231.597344667639,249.1539220240429,257.10142901251754,69.93610201828277,4373.425,4831.262336085491,3915.587663914509,-0.37698952123945695
2009-06-12,4583.39990234375,4583.39990234375,4693.2001953125,4566.14990234375,4637.5498046875,0,4419.0125,3819.7339990234377,4496.543364484308,4257.656793384388,238.88657109991982,253.45845742999802,66.39800492379325,4419.0125,4745.302052969095,4092.722947030905,-1.1708452612705145
2009-06-15,4484.0,4484.0,4601.0498046875,4469.60009765625,4584.64990234375,0,4427.055004882813,3847.2410009765626,4494.613616102107,4274.422956837397,220.19065926471012,246.80489779694045,67.77659198369591,4427.055004882813,4751.318784323244,4102.791225442382,-2.168693643618602
2009-06-16,4517.7998046875,4517.7998046875,4537.9501953125,4405.9501953125,4478.10009765625,0,4437.022485351563,3878.0339990234374,4498.180722038321,4292.45087149296,205.72985054536093,238.58988834662455,63.31882827539381,4437.022485351563,4759.480428529341,4114.5645421737845,0.7537869020405985
2009-06-17,4356.14990234375,4356.14990234375,4517.7998046875,4332.7998046875,4515.35009765625,0,4441.314990234375,3904.737998046875,4476.329826700694,4297.169318222648,179.1605084780458,226.7040123729088,50.94479074340457,4441.314990234375,4756.634796073587,4125.995184395163,-3.5780669647209273
2009-06-18,4251.39990234375,4251.39990234375,4375.2998046875,4222.14990234375,4352.9501953125,0,4443.339990234375,3928.558994140625,4441.7252229534715,4293.778991120508,147.94623183296335,210.95245626491973,40.132839125351374,4443.339990234375,4752.896845029176,4133.783135439575,-2.40464635855715
2009-06-19,4313.60009765625,4313.60009765625,4326.2001953125,4206.7001953125,4251.10009765625,0,4447.094995117188,3950.6099951171873,4422.013665215438,4295.247221234267,126.7664439811706,194.1152538081699,38.99013296880825,4447.094995117188,4747.887592680849,4146.302397553527,1.463052094398587
2009-06-22,4235.25,4235.25,4352.25,4221.89990234375,4314.2001953125,0,4446.980004882813,3970.1829931640623,4393.280793643832,4290.802982624322,102.47781101951023,175.78776525043799,36.268939393939405,4446.980004882813,4748.111463403788,4145.848546361838,-1.8163505165632032
2009-06-23,4247.0,4247.0,4267.4501953125,4143.25,4223.2998046875,0,4453.4949951171875,3988.263994140625,4370.776056160165,4287.558317244742,83.21773891542307,157.273759983435,36.64688659168318,4453.4949951171875,4729.095424998128,4177.894565236247,0.277433445487274
2009-06-24,4292.9501953125,4292.9501953125,4307.0,4218.25,4247.2998046875,0,4454.340014648437,4007.2819970703126,4358.802846798986,4287.957715620132,70.84513117885399,139.98803422251882,36.88457140659123,4454.340014648437,4727.744531414227,4180.935497882648,1.0819447919119485
2009-06-25,4241.85009765625,4241.85009765625,4337.9501953125,4221.14990234375,4293.85009765625,0,4449.5775146484375,4024.4669970703126,4340.810116161642,4284.542336511697,56.26777964994562,123.24398330800418,34.360708765556026,4449.5775146484375,4734.650277310036,4164.504751986839,-1.190325890853483
2009-06-26,4375.5,4375.5,4383.75,4243.9501953125,4243.9501953125,0,4445.905004882812,4042.2939990234377,4346.147021367544,4291.279941214534,54.86708015300974,109.5686026770053,47.481020208181945,4445.905004882812,4732.897804404468,4158.912205361156,3.1507455300600062
2009-06-29,4390.9501953125,4390.9501953125,4439.9501953125,4350.89990234375,4375.39990234375,0,4438.95751953125,4062.7230029296875,4353.039817359076,4298.662922999569,54.37689435950688,98.53026101350562,41.78813549977396,4438.95751953125,4724.110352193721,4153.804686868779,0.3531069663466946
2009-06-30,4291.10009765625,4291.10009765625,4426.75,4267.35009765625,4391.5,0,4427.250024414063,4080.8570068359377,4343.510629712487,4298.1027137148785,45.40791599760814,87.90579201032614,31.224556896632464,4427.250024414063,4716.680234732267,4137.819814095858,-2.2739974997403434
2009-07-01,4340.89990234375,4340.89990234375,4362.2998046875,4249.7001953125,4292.2998046875,0,4417.760009765625,4100.133002929688,4343.108979348066,4301.272875835536,41.83610351252992,78.6918543107669,35.18961335648363,4417.760009765625,4705.348886545282,4130.171132985968,1.1605370080903121
2009-07-02,4348.85009765625,4348.85009765625,4383.64990234375,4288.75,4373.5,0,4406.57001953125,4119.80400390625,4343.992228318556,4304.7971144889225,39.195113829633556,70.79250621454024,37.7282630244046,4406.57001953125,4686.08589772075,4127.05414134175,0.18314624827464598
2009-07-03,4424.25,4424.25,4434.4501953125,4298.9501953125,4347.2998046875,0,4398.437524414063,4141.683002929687,4356.3395778080085,4313.645476378632,42.69410142937613,65.17282525750743,46.79332501755747,4398.437524414063,4665.027813176981,4131.847235651145,1.7337894075582394
2009-07-06,4165.7001953125,4165.7001953125,4479.7998046875,4133.7001953125,4429.60009765625,0,4385.2275390625,4156.5230078125,4327.010442039469,4302.68656667003,24.32387536943952,57.00303527989385,34.77605108794971,4385.2275390625,4670.763424417286,4099.691653707714,-5.843923934847717
2009-07-07,4202.14990234375,4202.14990234375,4231.7998046875,4155.5,4166.0,0,4367.787524414062,4170.951005859375,4307.801128240128,4295.239406349565,12.561721890562694,48.11477260202762,42.53297270985625,4367.787524414062,4653.312475383355,4082.2625734447697,0.8749959267895902
2009-07-08,4078.89990234375,4078.89990234375,4201.85009765625,4061.10009765625,4201.85009765625,0,4338.97001953125,4183.12900390625,4272.5855550253,4279.2142579046895,-6.628702879389493,37.1660775057442,41.78336820502133,4338.97001953125,4618.614069703908,4059.3259693585915,-2.9330224495622392
2009-07-09,4080.949951171875,4080.949951171875,4114.89990234375,4039.85009765625,4078.75,0,4311.132507324219,4197.501000976563,4243.103154432465,4264.5280129615185,-21.42485852905338,25.447890298784685,38.2446498406073,4311.132507324219,4576.021708122129,4046.2433065263085,0.05025984645876669
2009-07-10,4003.89990234375,4003.89990234375,4129.9501953125,3976.800048828125,4081.39990234375,0,4282.157507324218,4208.1,4206.302654111124,4245.222226989832,-38.919572878708095,12.574397663286131,38.294960907854794,4282.157507324218,4548.42259011689,4015.8924245315466,-1.8880419938989812
2009-07-13,3974.050048828125,3974.050048828125,4003.39990234375,3918.75,4003.39990234375,0,4256.660009765625,4214.501000976563,4170.5714840675855,4225.135398977854,-54.56391491026807,-0.8532648514247079,36.43861524805016,4256.660009765625,4538.738223812956,3974.581795718293,-0.7455194746040505
2009-07-14,4111.39990234375,4111.39990234375,4128.89990234375,3974.10009765625,3974.10009765625,0,4236.340014648437,4223.491000976563,4161.46816380238,4216.710547375327,-55.24238357294689,-11.731088595729146,41.73079600443201,4236.340014648437,4496.945393587047,3975.7346357098277,3.4561681868130245
2009-07-15,4233.5,4233.5,4249.5498046875,4118.75,4120.7998046875,0,4230.20751953125,4235.66,4172.54998475586,4217.95421053271,-45.40422577684967,-18.46571603195325,49.64277642161448,4230.20751953125,4484.641269916664,3975.773769145836,2.969793757757433
2009-07-16,4231.39990234375,4231.39990234375,4305.0,4205.5,4223.5,0,4229.20751953125,4246.61,4181.60381823092,4218.950187703898,-37.34636947297804,-22.241846720158208,43.05340636526479,4229.20751953125,4483.447703538685,3974.9673355238147,-0.04960665303531675
2009-07-17,4374.9501953125,4374.9501953125,4390.39990234375,4230.14990234375,4231.4501953125,0,4232.2750244140625,4261.695004882812,4211.34941470501,4230.505743823054,-19.156329118044596,-21.624743199735487,49.313481391842735,4232.2750244140625,4492.2189319693625,3972.3311168587625,3.392501211933152
2009-07-20,4502.25,4502.25,4510.2998046875,4377.89990234375,4377.89990234375,0,4245.625024414063,4280.648002929687,4256.103350904239,4250.634947984309,5.468402919929758,-16.20611397580244,58.85139336755978,4245.625024414063,4532.266062930957,3958.983985897169,2.909742945734428
2009-07-21,4469.10009765625,4469.10009765625,4524.0,4436.60009765625,4501.5,0,4256.730029296875,4296.408002929687,4288.872081173779,4266.817551663712,22.05452951006737,-8.553985278628481,55.450226931910464,4256.730029296875,4560.304332593103,3953.155726000647,-0.7362963483536045
2009-07-22,4398.89990234375,4398.89990234375,4557.9501953125,4380.4501953125,4469.2998046875,0,4262.027514648437,4311.681000976562,4305.799438276852,4276.601429491863,29.198008784988815,-1.0035864659050224,52.020826925958346,4262.027514648437,4571.8955864258405,3952.1594428710337,-1.5707904002713047
2009-07-23,4523.75,4523.75,4532.39990234375,4405.9501953125,4409.7001953125,0,4276.122509765625,4330.287001953125,4339.330293926567,4294.908731010984,44.4215629155824,8.081443410392463,53.86317809793987,4276.122509765625,4607.055706234267,3945.1893132969835,2.8382118354120633
2009-07-24,4568.5498046875,4568.5498046875,4578.75,4504.85009765625,4524.7998046875,0,4285.775,4348.225,4374.594834043633,4315.178440172208,59.4163938714255,18.34843350259907,68.75376763800125,4285.775,4639.39660370688,3932.153396293119,0.9903245026250396
2009-07-27,4572.2998046875,4572.2998046875,4596.75,4528.5,4568.64990234375,0,4294.84248046875,4353.207998046875,4405.010983373459,4334.224467173341,70.78651620011806,28.83605004210287,67.77259651565984,4294.84248046875,4668.54920233279,3921.1357586047106,0.08208294010831896
2009-07-28,4564.10009765625,4564.10009765625,4599.89990234375,4529.14990234375,4572.7998046875,0,4308.49248046875,4358.12099609375,4429.486231724657,4351.252291653556,78.23394007110073,38.71562804790244,76.19023521635033,4308.49248046875,4701.089394504566,3915.8955664329333,-0.17933441334804234
2009-07-29,4513.5,4513.5,4573.85009765625,4420.7998046875,4565.7998046875,0,4317.122485351562,4362.985,4442.411426843941,4363.27064041996,79.1407864239809,46.80065972311813,72.18547026848336,4317.122485351562,4720.167971281623,3914.076999421501,-1.1086544241708074
2009-07-30,4571.4501953125,4571.4501953125,4582.35009765625,4474.5,4513.10009765625,0,4328.252490234375,4370.196005859375,4462.263545069873,4378.691348189777,83.57219688009536,54.15496715451358,79.69135720474759,4328.252490234375,4746.976191424812,3909.5287890439376,1.283930327074323
2009-07-31,4636.4501953125,4636.4501953125,4669.75,4571.60009765625,4571.60009765625,0,4338.8625,4378.155009765625,4489.061491261046,4397.784596124794,91.27689513625228,61.57935275086132,83.42416230507743,4338.8625,4778.080504280126,3899.6444957198746,1.4218682742436872
2009-08-03,4711.39990234375,4711.39990234375,4723.75,4617.75,4633.7998046875,0,4366.147485351563,4387.63201171875,4523.267400658386,4421.015359548421,102.25204110996492,69.71389042268204,82.31017770597738,4366.147485351563,4827.323028243005,3904.9719424601208,1.6165321285457779
2009-08-04,4680.5,4680.5,4731.4501953125,4642.60009765625,4706.25,0,4390.064990234375,4398.9080078125,4547.457031326327,4440.236444026315,107.22058730001118,77.21522979814787,76.69294782451496,4390.064990234375,4864.8447268442305,3915.285253624519,-0.6558539496589577
2009-08-05,4694.14990234375,4694.14990234375,4717.2001953125,4629.85009765625,4680.9501953125,0,4420.827490234375,4407.270009765625,4570.025165329007,4459.044848346125,110.98031698288196,83.9682472350947,77.25747852677452,4420.827490234375,4890.416859707071,3951.238120761678,0.2916334225777195
2009-08-06,4585.5,4585.5,4718.14990234375,4559.2001953125,4694.35009765625,0,4446.054992675781,4412.2380078125,4572.405909124544,4468.4118966167825,103.99401250776191,87.97340028962815,62.93384156144569,4446.054992675781,4892.400172282939,3999.7098130686236,-2.314581012623862
2009-08-07,4481.39990234375,4481.39990234375,4591.89990234375,4463.9501953125,4591.89990234375,0,4469.929992675781,4412.887001953125,4558.404985004422,4469.3739711150765,89.03101388934556,88.18492300957163,48.68162437363187,4469.929992675781,4864.808233252879,4075.051752098683,-2.2702016717097373
2009-08-10,4437.64990234375,4437.64990234375,4562.5,4399.85009765625,4486.5,0,4493.1099853515625,4411.042001953125,4539.827279979703,4467.024040094978,72.80323988472537,85.10858638460239,48.03767326117316,4493.1099853515625,4812.669143040473,4173.550827662652,-0.9762574408304636
2009-08-11,4471.35009765625,4471.35009765625,4510.7998046875,4398.89990234375,4435.0,0,4511.107495117188,4409.96400390625,4529.292328853018,4467.344488803221,61.94784004979738,80.4764371176414,54.73623797570499,4511.107495117188,4776.021964168666,4246.193026065709,0.7594153674606252
2009-08-12,4457.5,4457.5,4473.7998046875,4359.39990234375,4473.7998046875,0,4522.3074951171875,4408.5,4518.247355183323,4466.61526741039,51.63208777293312,74.70756724869975,44.9338503036404,4522.3074951171875,4754.755566408471,4289.859423825904,-0.30975202911330824
2009-08-13,4605.0,4605.0,4614.14990234375,4458.5498046875,4458.5498046875,0,4540.9875,4409.147001953125,4531.59391592435,4476.865988342954,54.727927581396216,70.71163931523904,52.40897526419666,4540.9875,4731.214220108596,4350.760779891404,3.3090297251822776
2009-08-14,4580.0498046875,4580.0498046875,4619.0,4559.35009765625,4605.14990234375,0,4551.24248046875,4409.01,4539.048668041758,4484.509233998106,54.53943404365236,67.47719826092171,50.498232079717134,4551.24248046875,4725.198711241336,4377.286249696163,-0.5418066300217128
2009-08-17,4387.89990234375,4387.89990234375,4578.7998046875,4374.60009765625,4578.7998046875,0,4545.524975585938,4408.17,4515.795011780526,4477.352987208894,38.44202457163192,61.670163523063756,40.839130730588835,4545.524975585938,4733.234379220618,4357.815571951257,-4.195367092888203
2009-08-18,4458.89990234375,4458.89990234375,4491.4501953125,4372.64990234375,4389.5,0,4545.014965820313,4406.328994140625,4507.041918021022,4475.986092033698,31.05582598732417,55.54729601591585,47.220237642448495,4545.014965820313,4733.6518127872,4356.378118853426,1.6180861364243126
2009-08-19,4394.10009765625,4394.10009765625,4477.5498046875,4353.4501953125,4457.75,0,4544.774975585938,4401.10599609375,4489.666253349518,4469.920462820553,19.74579052896479,48.386994918525644,41.03341168942548,4544.774975585938,4734.2050731843065,4355.344877987569,-1.4532688803675309
2009-08-20,4453.4501953125,4453.4501953125,4492.7998046875,4394.35009765625,4394.35009765625,0,4541.259985351562,4397.42099609375,4484.094552113053,4468.700443005142,15.39410910791139,41.7884177564028,40.69459796861453,4541.259985351562,4734.894982013487,4347.624988689638,1.3506769608618185
2009-08-21,4528.7998046875,4528.7998046875,4538.7001953125,4400.89990234375,4453.4501953125,0,4539.272485351563,4396.328994140625,4490.972283278353,4473.152247574206,17.820035704146903,36.994741345951624,40.71870732749699,4539.272485351563,4732.543743005041,4346.001227698085,1.6919378475212188
2009-08-24,4642.7998046875,4642.7998046875,4656.2998046875,4536.9501953125,4536.9501953125,0,4542.7974853515625,4399.504990234375,4514.330363495144,4485.718733286301,28.611630208843053,35.31811911852991,48.23302389319692,4542.7974853515625,4741.110921445148,4344.484049257977,2.517223214018105
2009-08-25,4659.35009765625,4659.35009765625,4672.89990234375,4582.5,4641.64990234375,0,4547.559985351562,4402.33599609375,4536.641091827622,4498.580315832223,38.060775995399126,35.86665049390375,48.37338513912613,4547.559985351562,4752.491872347401,4342.6280983557235,0.3564722509042939
2009-08-26,4680.85009765625,4680.85009765625,4697.7998046875,4659.10009765625,4659.4501953125,0,4555.927490234375,4408.83,4558.827092724335,4512.081781152522,46.745311571812636,38.04238270948552,54.85217389575816,4555.927490234375,4768.526440886946,4343.328539581804,0.46143774452180875
2009-08-27,4688.2001953125,4688.2001953125,4707.89990234375,4645.14990234375,4679.0,0,4561.764990234375,4417.566005859375,4578.730646968668,4525.127589608817,53.603057359850936,41.154517639558605,61.67307657325677,4561.764990234375,4782.417408804478,4341.112571664271,0.15702484597681643
2009-08-28,4732.35009765625,4732.35009765625,4743.75,4651.39990234375,4688.39990234375,0,4566.559985351562,4425.941005859375,4602.364408612912,4540.477405019738,61.887003593173176,45.30101483028152,66.627179551037,4566.559985351562,4797.952627777497,4335.167342925628,0.9417239133237887
2009-08-31,4662.10009765625,4662.10009765625,4730.85009765625,4635.0,4730.85009765625,0,4564.094995117188,4434.4780078125,4611.554514619579,4549.486493363184,62.068021256394786,48.654416115504176,60.33595231644541,4564.094995117188,4789.97569211864,4338.214298115736,-1.4844632909723265
2009-09-01,4625.35009765625,4625.35009765625,4735.89990234375,4600.64990234375,4662.2001953125,0,4561.3375,4442.045009765625,4613.676912009836,4555.106019607115,58.570892402721256,50.63771137294759,58.874854068098635,4561.3375,4782.532774960822,4340.142225039177,-0.7882713633384886
2009-09-02,4608.35009765625,4608.35009765625,4650.4501953125,4576.60009765625,4624.0,0,4557.047509765625,4448.3530078125,4612.8574021092845,4559.050025388532,53.80737672075247,51.271644442508574,50.205489668011836,4557.047509765625,4770.592959485632,4343.502060045619,-0.3675397459883989
2009-09-03,4593.5498046875,4593.5498046875,4647.35009765625,4581.0498046875,4608.75,0,4557.45,4455.387001953125,4609.887002505933,4561.605564595863,48.28143791007005,50.67360313602087,50.83850931677019,4557.45,4771.251439645008,4343.648560354992,-0.32116251272396035
2009-09-04,4680.39990234375,4680.39990234375,4697.2001953125,4580.35009765625,4608.7001953125,0,4567.4,4461.485,4620.735140942521,4570.405145169781,50.3299957727404,50.60488166336478,70.90180922912018,4567.4,4784.791485431303,4350.008514568696,1.8906967671847852
2009-09-07,4782.89990234375,4782.89990234375,4790.0,4679.2998046875,4682.39990234375,0,4584.6625,4469.323994140625,4645.683565773479,4586.145497553037,59.538068220442256,52.391518974780276,72.15535513236078,4584.6625,4813.216659030886,4356.108340969115,2.1899838077654943
2009-09-08,4805.25,4805.25,4842.2001953125,4782.64990234375,4782.85009765625,0,4601.357495117188,4479.6069921875,4670.232247962174,4602.375460697256,67.85678726491824,55.48457263280787,79.84752165982187,4601.357495117188,4843.44075810572,4359.274232128655,0.4672917709462876
2009-09-09,4814.25,4814.25,4825.0498046875,4783.5,4804.89990234375,0,4619.194995117187,4489.073994140625,4692.388825198763,4618.069871015978,74.31895418278509,59.25144894280332,78.25811277576707,4619.194995117187,4869.093992040248,4369.295998194127,0.18729514593414098
2009-09-10,4819.39990234375,4819.39990234375,4889.0498046875,4807.89990234375,4814.35009765625,0,4629.914990234375,4498.484990234375,4711.928990913376,4632.983206669887,78.94578424348856,63.19031600294038,75.5719595247814,4629.914990234375,4895.172484690707,4364.657495778043,0.10697205886172068
2009-09-11,4829.5498046875,4829.5498046875,4856.14990234375,4791.5498046875,4819.39990234375,0,4642.389990234375,4506.590986328125,4730.0245007247795,4647.543695411933,82.48080531284631,67.04841386492157,70.10872879841008,4642.389990234375,4920.909503732765,4363.870476735984,0.21060510747019645
2009-09-14,4808.60009765625,4808.60009765625,4832.25,4786.25,4830.35009765625,0,4663.425,4519.448984375,4742.113054098852,4659.473799281883,82.6392548169697,70.1665820553312,65.92,4663.425,4923.9845110950255,4402.865488904975,-0.4337817783950926
2009-09-15,4892.10009765625,4892.10009765625,4899.4501953125,4808.35009765625,4808.35009765625,0,4685.085009765625,4533.24798828125,4765.187983876914,4676.705376939243,88.48260693767043,73.82978703179906,69.90108337258596,4685.085009765625,4946.079925489742,4424.090094041508,1.7364721187918875
2009-09-16,4958.39990234375,4958.39990234375,4966.2998046875,4894.64990234375,4894.64990234375,0,4713.3,4550.83798828125,4794.912894410273,4697.571638080318,97.34125632995529,78.5320808914303,72.9099407553997,4713.3,4963.634194149347,4462.965805850653,1.3552421938231252
2009-09-17,4965.5498046875,4965.5498046875,5003.0498046875,4944.14990234375,4958.5498046875,0,4738.90498046875,4568.529985351563,4821.164726760616,4717.421872643813,103.74285411680285,83.57423553650482,71.09642035852072,4738.90498046875,4981.983908124842,4495.826052812658,0.1441977751808654
2009-09-18,4976.0498046875,4976.0498046875,4980.85009765625,4931.89990234375,4963.9501953125,0,4761.26748046875,4587.9729833984375,4844.993200287829,4736.579497239642,108.41370304818702,88.54212903884127,81.84398961528822,4761.26748046875,5005.250585458999,4517.284375478502,0.2114569466222571
2009-09-22,5020.2001953125,5020.2001953125,5036.2998046875,4977.10009765625,4977.10009765625,0,4780.1375,4608.895986328125,4871.948122599316,4757.588437837631,114.35968476168455,93.70564018340993,89.45738189178086,4780.1375,5043.175158537566,4517.099841462434,0.8872578120783681
2009-09-23,4969.9501953125,4969.9501953125,5030.75,4957.0498046875,5019.9501953125,0,4795.667504882813,4626.0669921875,4887.02536455519,4773.318938391326,113.70642616386431,97.70579737950081,83.8830614203894,4795.667504882813,5065.272474498121,4526.062535267505,-1.0009560982631727
2009-09-24,4986.5498046875,4986.5498046875,5016.7001953125,4904.0498046875,4977.14990234375,0,4810.952490234375,4641.12798828125,4902.3368168832385,4789.113817376228,113.22299950701017,100.80923780500268,86.70157173109298,4810.952490234375,5087.7168354161795,4534.18814505257,0.33399951151735774
2009-09-25,4958.9501953125,4958.9501953125,4994.35009765625,4931.25,4985.10009765625,0,4824.489990234375,4655.678994140625,4911.046567410817,4801.694289815952,109.35227759486497,102.51784576297516,79.25033302466382,4824.489990234375,5102.457350985273,4546.522629483477,-0.5534810732072848
2009-09-29,5006.85009765625,5006.85009765625,5020.25,4959.10009765625,4959.14990234375,0,4838.214990234375,4668.3169921875,4925.785572063961,4816.891016322641,108.89455574131989,103.79318775864411,76.56278233634337,4838.214990234375,5124.023443307409,4552.4065371613415,0.9659282803248903
2009-09-30,5083.9501953125,5083.9501953125,5087.60009765625,5004.35009765625,5007.64990234375,0,4859.3074951171875,4679.95099609375,4950.118591025274,4836.673177729297,113.44541329597723,105.72363286611075,79.25686342853628,4859.3074951171875,5152.558672405751,4566.056317828624,1.539892270638199
2009-10-01,5083.39990234375,5083.39990234375,5110.5,5057.0498046875,5087.2001953125,0,4882.209985351563,4692.2369921875,4970.623408151194,4854.949231404442,115.67417674675198,107.713741642239,78.7646048916929,4882.209985351563,5170.023179018474,4594.396791684651,-0.010824121944730258
2009-10-05,5003.2001953125,5003.2001953125,5076.0498046875,4991.9501953125,5076.0498046875,0,4901.952490234375,4704.322998046875,4975.635221560626,4865.93078428652,109.70443727410566,108.11188076861234,66.92767145415283,4901.952490234375,5163.654259618212,4640.250720850538,-1.577678494156498
2009-10-06,5027.39990234375,5027.39990234375,5034.7001953125,4921.0498046875,5003.64990234375,0,4923.644995117187,4714.39599609375,4983.599018604183,4877.891459698167,105.70755890601595,107.63101639609307,67.76196684116073,4923.644995117187,5146.795012091417,4700.494978142957,0.4836845636103648
2009-10-07,4985.75,4985.75,5077.0,4972.9501953125,5031.7001953125,0,4938.9125,4722.74,4983.929938818924,4885.880981202006,98.0489576169175,105.71460464025797,65.33369962595887,4938.9125,5131.707777418302,4746.117222581699,-0.8284581125987844
2009-10-08,5002.25,5002.25,5035.10009765625,4980.7001953125,5011.25,0,4949.8800048828125,4731.33900390625,4986.748409769858,4894.5009085203765,92.2475012494815,103.02118396210268,60.78528679711114,4949.8800048828125,5129.835306489107,4769.924703276518,0.3309431880860414
2009-10-09,4945.2001953125,4945.2001953125,5032.60009765625,4934.5498046875,4993.0,0,4956.877514648438,4738.961005859375,4980.356376776418,4898.2564112457185,82.09996553069959,98.83694027582206,48.68371207510238,4956.877514648438,5123.546638290285,4790.20839100659,-1.1404828764555952
2009-10-12,5054.25,5054.25,5068.0498046875,4945.4501953125,4945.4501953125,0,4968.877514648438,4749.776005859375,4991.724626503123,4909.811491894184,81.91313460893889,95.45217914244543,57.351265341271464,4968.877514648438,5126.629570371182,4811.125458925693,2.2051646117555945
2009-10-14,5118.2001953125,5118.2001953125,5127.39990234375,5054.35009765625,5054.35009765625,0,4983.817529296875,4760.711005859375,5011.18240631995,4925.247692147392,85.93471417255842,93.54868614846804,60.82227651294924,4983.817529296875,5138.530678657438,4829.104379936312,1.2652756652816954
2009-10-15,5108.85009765625,5108.85009765625,5152.25,5077.10009765625,5118.5498046875,0,4997.782543945313,4770.15900390625,5026.208204987073,4938.847870333233,87.36033465384025,92.31101584954249,57.12678537641972,4997.782543945313,5144.056211677244,4851.508876213381,-0.1826833124818572
2009-10-16,5142.14990234375,5142.14990234375,5149.64990234375,5093.2001953125,5108.64990234375,0,5014.460034179688,4778.77400390625,5044.045389195793,4953.90728011179,90.13810908400319,91.87643449643463,64.23141520390432,5014.460034179688,5145.1425304646245,4883.777537894751,0.6518062587660634
2009-10-20,5114.4501953125,5114.4501953125,5181.9501953125,5102.64990234375,5145.60009765625,0,5025.5775390625,4787.4530078125,5054.876897829132,4965.799347904435,89.07754992469654,91.31665758208702,60.379863208033164,5025.5775390625,5150.118122537553,4901.036955587448,-0.5386794931556693
2009-10-21,5063.60009765625,5063.60009765625,5117.4501953125,5051.64990234375,5114.85009765625,0,5030.837548828125,4794.84201171875,5056.218928571765,4973.043847886051,83.17508068571442,89.6883422028125,58.18409683309824,5030.837548828125,5152.27951804164,4909.395579614611,-0.9942436765315477
2009-10-22,4988.60009765625,4988.60009765625,5064.25,4968.4501953125,5063.35009765625,0,5031.990063476563,4802.904013671875,5045.81603150784,4974.196162683844,71.61986882399651,86.07464752704931,48.63080340657988,5031.990063476563,5151.240943121906,4912.73918383122,-1.4811596206958488
2009-10-23,4997.0498046875,4997.0498046875,5054.9501953125,4983.25,4986.5498046875,0,5033.040063476563,4813.21701171875,5038.313535073941,4975.889025054485,62.42451001945665,81.34462002553079,42.73163591692178,5033.040063476563,5150.574495195643,4915.505631757483,0.16938032445654727
2009-10-26,4970.89990234375,4970.89990234375,5033.75,4961.35009765625,4997.14990234375,0,5030.575048828125,4823.88201171875,5027.942206961604,4975.519460409245,52.42274655235906,75.56024533089644,40.97687825051695,5030.575048828125,5151.26877953746,4909.881318118789,-0.5233068183394973
2009-10-27,4846.7001953125,4846.7001953125,4970.5498046875,4829.5,4970.5498046875,0,5024.412548828125,4831.389013671875,5000.058820554049,4965.9772926243,34.08152792974852,67.26450185066686,38.27536961382233,5024.412548828125,5168.46531677037,4880.35978088588,-2.4985356670065073
2009-10-28,4826.14990234375,4826.14990234375,4867.0,4784.10009765625,4846.5498046875,0,5016.392553710937,4838.76201171875,4973.30360236785,4955.619708159074,17.6838942087752,57.34838032228853,34.83990236567557,5016.392553710937,5185.075553156762,4847.709554265112,-0.42400586255830763
2009-10-29,4750.5498046875,4750.5498046875,4826.10009765625,4738.39990234375,4826.10009765625,0,5005.9725341796875,4841.6730078125,4939.033787340104,4940.429344938958,-1.395557598853884,45.599592738060046,33.14458515992857,5005.9725341796875,5211.3515109462705,4800.5935574131045,-1.5664680788206709
2009-10-30,4711.7001953125,4711.7001953125,4853.64990234375,4687.5,4751.10009765625,0,4991.2150390625,4844.306015625,4904.059388566627,4923.4864449666275,-19.427056400000765,32.59426291044788,29.824298482362025,4991.2150390625,5235.129284358089,4747.300793766912,-0.8177918550957175
2009-11-03,4563.89990234375,4563.89990234375,4729.85009765625,4538.5,4712.25,0,4965.2125244140625,4847.826015625,4851.7271599169535,4896.85040477234,-45.123244855386474,17.05076135728101,26.48614859107134,4965.2125244140625,5270.627878189854,4659.797170638271,-3.136878129805265
2009-11-04,4710.7998046875,4710.7998046875,4717.7998046875,4565.0,4567.2998046875,0,4946.58251953125,4852.864013671875,4830.046028343191,4883.068878840129,-53.02285049693819,3.0360389864371715,29.764895278228153,4946.58251953125,5266.743364320753,4626.421674741747,3.218736288854873
2009-11-05,4765.5498046875,4765.5498046875,4776.35009765625,4610.60009765625,4711.64990234375,0,4934.7,4860.2930078125,4820.123532396162,4874.363762236231,-54.24022984006933,-8.41921477886413,28.99513259717355,4934.7,5263.536061626035,4605.863938373965,1.1622230251754795
2009-11-06,4796.14990234375,4796.14990234375,4836.2001953125,4764.85009765625,4767.5,0,4923.1375,4867.147001953125,4816.4352816188675,4868.570142984936,-52.134861366068435,-17.16234409630499,31.83452543580573,4923.1375,5254.501989350892,4591.773010649108,0.6421105414982975
2009-11-09,4898.39990234375,4898.39990234375,4905.25,4789.89990234375,4796.14990234375,0,4918.769995117187,4874.53900390625,4829.045223268849,4870.779754789292,-41.73453152044294,-22.076781581132586,36.89021924217484,4918.769995117187,5248.9602558734005,4588.579734360974,2.1319183528861974
2009-11-10,4881.7001953125,4881.7001953125,4947.7001953125,4860.10009765625,4898.89990234375,0,4912.742504882813,4879.31701171875,4837.145988198642,4871.5886763095305,-34.44268811088841,-24.54996288708375,37.33194641845355,4912.742504882813,5240.911359201674,4584.573650563952,-0.34092167573455123
2009-11-11,5003.9501953125,5003.9501953125,5016.7001953125,4870.0498046875,4882.2998046875,0,4915.680004882813,4886.209013671875,4862.808173908466,4881.393233272714,-18.585059364247172,-23.35698218251644,46.98752873441339,4915.680004882813,5246.116095841737,4585.243913923889,2.5042504682566635
2009-11-12,4952.64990234375,4952.64990234375,5014.39990234375,4924.75,5004.39990234375,0,4910.6,4891.645009765625,4876.629978283126,4886.671505055754,-10.041526772628458,-20.693891100538846,48.1398970432786,4910.6,5235.137581723946,4586.062418276055,-1.0251959145557876
2009-11-13,4998.9501953125,4998.9501953125,5017.89990234375,4942.64990234375,4952.35009765625,0,4904.6375,4897.860009765625,4895.448473210721,4894.988445074772,0.46002813594895997,-16.463107253241287,50.09462209994934,4904.6375,5217.279530733753,4591.995469266247,0.9348589922909545
2009-11-16,5058.0498046875,5058.0498046875,5073.2001953125,4994.0,4996.5,0,4902.097485351563,4904.37400390625,4920.464062668688,4907.0670643053445,13.3969983633433,-10.49108612992437,54.20141303329483,4902.097485351563,5208.517374001461,4595.677596701665,1.1822404118052132
2009-11-17,5062.25,5062.25,5074.0,5010.14990234375,5058.9501953125,0,4898.102490234375,4912.377001953125,4942.277283796582,4918.562096579023,23.715187217559105,-3.6498314604276745,61.75106105229981,4898.102490234375,5193.21956569524,4602.9854147735105,0.08303981721586862
2009-11-18,5054.7001953125,5054.7001953125,5079.2998046875,5041.64990234375,5061.5,0,4895.114990234375,4920.96400390625,4959.573116337492,4928.64640018891,30.926716148582273,3.2654780613743153,62.63896021977654,4895.114990234375,5182.108453465963,4608.121527002787,-0.14913930934861153
2009-11-19,4989.0,4989.0,5053.4501953125,4963.7001953125,5043.9501953125,0,4891.384985351562,4928.577001953125,4964.100329208647,4933.117037211954,30.98329199669297,8.809040848438046,63.33241237419625,4891.384985351562,5171.00270657715,4611.767264125974,-1.2997842161524664
2009-11-20,5052.4501953125,5052.4501953125,5063.2998046875,4932.7998046875,4988.75,0,4894.577490234375,4937.755009765625,4977.692616301548,4941.956530404586,35.73608589696141,14.19444985814272,68.54218766440323,4894.577490234375,5180.26086840049,4608.894112068259,1.271801870364797
2009-11-23,5103.5498046875,5103.5498046875,5113.10009765625,5052.10009765625,5052.9501953125,0,4899.902490234375,4946.2180078125,4997.055260668618,4953.926402573691,43.12885809492673,19.981331505499522,82.81943480169122,4899.902490234375,5197.355876282794,4602.4491041859565,1.0113827430185962
2009-11-24,5090.5498046875,5090.5498046875,5112.85009765625,5053.5,5105.0,0,4905.884985351562,4952.371005859375,5011.439036671523,4964.046654582122,47.39238208940151,25.46354162227992,77.58808572466401,4905.884985351562,5213.9734607389,4597.796509964224,-0.2547246621961041
2009-11-25,5108.14990234375,5108.14990234375,5138.0,5078.35009765625,5091.5498046875,0,4918.957470703125,4958.42900390625,5026.317631390328,4974.720969231132,51.59666215919606,30.69016572966315,76.30932623797014,4918.957470703125,5238.448307726629,4599.466633679622,0.3457406042868483
2009-11-26,5005.5498046875,5005.5498046875,5116.4501953125,4986.0498046875,5116.4501953125,0,4927.927465820312,4962.255,5023.122581128354,4977.004586672344,46.11799445600991,33.775731474932506,64.47931641984755,4927.927465820312,5246.519482532805,4609.335449107819,-2.008556906467729
2009-11-27,4941.75,4941.75,5005.0498046875,4806.7001953125,5005.0498046875,0,4937.487475585937,4964.702001953125,5010.603722493222,4974.393135807726,36.21058668549631,34.26270251704527,53.16585874823398,4937.487475585937,5244.948897841858,4630.026053330017,-1.2745813582306975
2009-11-30,5032.7001953125,5032.7001953125,5066.35009765625,4942.25,4942.25,0,4953.5374755859375,4968.765009765625,5014.003179850034,4978.712177252524,35.29100259750976,34.46836253313817,59.94860470921898,4953.5374755859375,5244.439164676114,4662.635786495761,1.8404450915667558
2009-12-01,5122.0,5122.0,5130.35009765625,5038.85009765625,5039.7001953125,0,4981.44248046875,4975.0330078125,5030.618075257721,4989.326090048633,41.291985209088125,35.83308706832816,58.130709616841074,4981.44248046875,5216.725697531175,4746.1592634063245,1.7743915040016711
2009-12-02,5123.25,5123.25,5161.75,5111.75,5122.75,0,5002.064990234375,4979.656005859375,5044.869140602687,4999.246379674661,45.622760928026764,37.79102184026789,62.62021913782479,5002.064990234375,5207.930336905094,4796.199643563656,0.02440452948067051
2009-12-03,5131.7001953125,5131.7001953125,5181.0,5106.60009765625,5124.5498046875,0,5020.372509765625,4983.12201171875,5058.227764404197,5009.057773425611,49.1699909785857,40.06681566793145,60.40279293440246,5020.372509765625,5201.2883771171855,4839.456642414065,0.1649381801102745
2009-12-04,5108.89990234375,5108.89990234375,5161.7998046875,5081.85009765625,5131.7001953125,0,5036.010009765625,4985.989013671875,5066.023477933359,5016.453486678807,49.569991254551496,41.967450785255465,54.22518125423467,5036.010009765625,5186.89568343634,4885.12433609491,-0.44430290354017243
2009-12-07,5066.7001953125,5066.7001953125,5131.2998046875,5051.5498046875,5108.85009765625,0,5044.425024414062,4987.802021484375,5066.1275882993805,5020.1754650961175,45.952123203263,42.76438526885698,50.34780737104338,5044.425024414062,5181.0997495707625,4907.750299257362,-0.82600379412191
2009-12-08,5147.9501953125,5147.9501953125,5152.5498046875,5058.89990234375,5068.5498046875,0,5057.737524414062,4990.357021484375,5078.715681686014,5029.640259926961,49.075421759052915,44.02659256689616,56.535144331914815,5057.737524414062,5178.632037142744,4936.843011685381,1.6036078091845374
2009-12-09,5112.0,5112.0,5147.64990234375,5090.60009765625,5147.64990234375,0,5063.1400146484375,4993.198017578125,5083.836346042011,5035.740981413854,48.09536462815777,44.840346979148485,58.995170751982904,5063.1400146484375,5183.570074462802,4942.709954834073,-0.6983399984179073
2009-12-10,5134.64990234375,5134.64990234375,5146.4501953125,5084.64990234375,5112.39990234375,0,5072.240014648438,4996.16001953125,5091.6538162422785,5043.067568149401,48.58624809287721,45.589527201894235,56.39288532566139,5072.240014648438,5184.761868272128,4959.718161024748,0.44307320703735886
2009-12-11,5117.2998046875,5117.2998046875,5182.5498046875,5088.39990234375,5136.0498046875,0,5078.157495117188,4999.32701171875,5095.59935292616,5048.5662523374085,47.03310058875104,45.878241879265595,51.12862112637671,5078.157495117188,5186.832966989748,4969.482023244628,-0.3379022520762387
2009-12-14,5105.7001953125,5105.7001953125,5156.7001953125,5090.14990234375,5117.4501953125,0,5080.540014648437,5001.304013671875,5097.153328677904,5052.798396261489,44.35493241641507,45.57357998669549,51.24643279514603,5080.540014648437,5189.448430562411,4971.631598734463,-0.2266744145882349
2009-12-15,5033.0498046875,5033.0498046875,5129.4501953125,5018.25,5105.75,0,5079.080004882812,5000.286005859375,5087.291248063995,5051.335537626379,35.95571043761629,43.650006076879656,44.33463605455958,5079.080004882812,5189.788838131125,4968.3711716345,-1.422927078477887
2009-12-16,5042.0498046875,5042.0498046875,5067.25,5001.7998046875,5032.9501953125,0,5078.447485351562,4999.45900390625,5080.3310260060725,5050.647705556832,29.683320449240455,40.85666895135182,53.206253291951256,5078.447485351562,5189.884960243501,4967.010010459623,0.1788180198737166
2009-12-17,5041.75,5041.75,5064.2001953125,5013.14990234375,5046.64990234375,0,5081.084985351563,5000.23,5074.3954835436,5049.988616256325,24.40686728727451,37.56670861853637,59.887281132866136,5081.084985351563,5185.909350758702,4976.2606199444235,-0.005946087387342924
2009-12-18,4987.7001953125,4987.7001953125,5043.39990234375,4979.0498046875,5042.0,0,5077.847485351563,4999.436005859375,5061.057746892661,5045.3746591493755,15.683087743285796,33.18998444348625,45.200509945818254,5077.847485351563,5190.129874376409,4965.565096326716,-1.0720445219913666
2009-12-21,4952.60009765625,4952.60009765625,4997.85009765625,4943.9501953125,4983.64990234375,0,5070.3,4998.7730078125,5044.371954702444,5038.502469409144,5.869485293299476,27.7258846134489,29.570687114960407,5070.3,5194.923094004929,4945.676905995071,-0.7037331090837706
2009-12-22,4985.85009765625,4985.85009765625,4997.2998046875,4953.35009765625,4953.35009765625,0,5065.065014648438,4998.445009765625,5035.368592079953,5034.602293723745,0.7662983562076988,22.33396736200066,34.61712132791479,5065.065014648438,5194.797921556465,4935.332107740411,0.6713645225612908
2009-12-23,5144.60009765625,5144.60009765625,5150.60009765625,4990.0498046875,4990.0498046875,0,5066.887524414063,5002.4330078125,5052.173439091691,5042.750279200226,9.42315989146482,19.751805867893495,51.08057500873246,5066.887524414063,5200.145145848918,4933.629902979207,3.184010688059491
2009-12-24,5178.39990234375,5178.39990234375,5197.89990234375,5129.0498046875,5144.7998046875,0,5075.530029296875,5004.916005859375,5071.592894976623,5052.79839943308,18.794495543543235,19.560343803023443,55.71640623368445,5075.530029296875,5214.342592577875,4936.717466015875,0.656995763439383
2009-12-29,5187.9501953125,5187.9501953125,5214.60009765625,5175.85009765625,5180.75,0,5087.8400390625,5006.311005859375,5089.494018105219,5062.809643572296,26.684374532922448,20.985149949003244,60.53889613211647,5087.8400390625,5220.217392326616,4955.462685798384,0.184425559030843
2009-12-30,5169.4501953125,5169.4501953125,5197.0498046875,5160.10009765625,5188.75,0,5094.6775390625,5007.5230078125,5101.7949684448,5070.7089437012,31.08602474360032,23.00532490792266,52.09756097560976,5094.6775390625,5229.172825210484,4960.182252914516,-0.3565955590073999
2009-12-31,5201.0498046875,5201.0498046875,5221.85009765625,5168.75,5171.2001953125,0,5098.630029296875,5008.701005859375,5117.06494325137,5080.3638222927775,36.70112095859258,25.744484118056643,58.762167408161886,5098.630029296875,5240.92606091857,4956.33399767518,0.611276019327045
2010-01-04,5232.2001953125,5232.2001953125,5238.4501953125,5167.10009765625,5200.89990234375,0,5104.0775390625,5011.056005859375,5134.778058953082,5091.610961034979,43.167097918103536,29.229006878066023,59.44065725418888,5104.0775390625,5258.19308147463,4949.961996650371,0.5989250592625561
2010-01-05,5277.89990234375,5277.89990234375,5288.35009765625,5242.39990234375,5277.14990234375,0,5111.387524414063,5015.342001953125,5156.796804090108,5105.410141872665,51.38666221744279,33.66053794594138,64.73396711400437,5111.387524414063,5283.802316234774,4938.972732593352,0.8734319277804437
2010-01-06,5281.7998046875,5281.7998046875,5310.85009765625,5260.0498046875,5278.14990234375,0,5120.03251953125,5021.20599609375,5176.028034951245,5118.476042821912,57.551992129332575,38.43882878261962,66.38746262688683,5120.03251953125,5308.512324550893,4931.552714511607,0.07389117671630085
2010-01-07,5263.10009765625,5263.10009765625,5302.5498046875,5244.75,5281.7998046875,0,5129.852514648437,5026.527001953125,5189.423736905861,5129.188935772604,60.23480113325695,42.79802325274709,73.79752883880073,5129.852514648437,5326.903068834065,4932.801960462809,-0.3540404355093951
2010-01-08,5244.75,5244.75,5276.75,5234.7001953125,5264.25,0,5134.6925048828125,5032.00400390625,5197.935469689574,5137.749014604263,60.186455085311536,46.275709619259985,70.57037920891771,5134.6925048828125,5338.262107764877,4931.122902000748,-0.3486556842120736
2010-01-11,5249.39990234375,5249.39990234375,5287.2001953125,5227.7998046875,5263.7998046875,0,5141.5625,5040.057998046875,5205.853074713294,5146.019450733113,59.833623980180164,48.98729249144402,70.88825952373233,5141.5625,5351.094143574108,4932.030856425892,0.08865822667905032
2010-01-12,5210.39990234375,5210.39990234375,5300.5,5200.9501953125,5251.10009765625,0,5145.35,5047.742998046875,5206.552586656441,5150.788373074642,55.764213581799595,50.34267670951514,73.10165276279334,5145.35,5357.082488474786,4933.6175115252145,-0.7429420643412454
2010-01-13,5233.9501953125,5233.9501953125,5239.2001953125,5169.5498046875,5212.60009765625,0,5151.18251953125,5057.411005859375,5210.7676033727585,5156.948508055223,53.81909531753536,51.03796043111919,79.90225027789857,5151.18251953125,5366.0648066121885,4936.300232450312,0.45198628531673
2010-01-14,5259.89990234375,5259.89990234375,5272.85009765625,5232.5,5234.5,0,5158.892504882812,5068.375,5218.326418599065,5164.574537261781,53.75188133728352,51.58074461235206,79.58546382296817,5158.892504882812,5377.9288331396965,4939.856176625928,0.4957958341768487
2010-01-15,5252.2001953125,5252.2001953125,5279.85009765625,5242.4501953125,5259.89990234375,0,5169.850024414062,5082.141005859375,5223.53776886267,5171.06532674702,52.472442115650665,51.75908411301179,67.23812891224523,5169.850024414062,5384.256884291821,4955.443164536304,-0.14638504865499558
2010-01-18,5274.85009765625,5274.85009765625,5292.5,5228.9501953125,5253.64990234375,0,5181.4900390625,5093.42201171875,5231.431973292451,5178.753087555111,52.67888573734035,51.943044437877504,66.02433056864348,5181.4900390625,5391.923803023831,4971.0562751011685,0.4312459826638859
2010-01-19,5225.64990234375,5225.64990234375,5287.7998046875,5218.64990234375,5274.2001953125,0,5190.685034179687,5102.624013671875,5230.542423915728,5182.2269256876025,48.31549822812576,51.217535195927155,55.53432241841769,5190.685034179687,5391.249033218535,4990.121035140839,-0.9327316303142097
2010-01-20,5221.7001953125,5221.7001953125,5256.7001953125,5201.39990234375,5226.10009765625,0,5202.385034179688,5111.13501953125,5229.182081053693,5185.1508715857435,44.03120946794934,49.780270050331595,58.012603557030495,5202.385034179688,5378.957312229643,5025.812756129732,-0.07558307780011209
2010-01-21,5094.14990234375,5094.14990234375,5220.35009765625,5085.4501953125,5220.2001953125,0,5209.4625244140625,5115.05001953125,5208.407899713702,5178.410059049299,29.997840664403157,45.82378417314591,37.33412013815367,5209.4625244140625,5351.933142935539,5066.991905892586,-2.4426965968527115
2010-01-22,5036.0,5036.0,5094.14990234375,4954.85009765625,5094.14990234375,0,5211.97001953125,5118.136015625,5181.883607450055,5167.8611657863885,14.022441663666541,39.463515671250036,28.151378391604595,5211.97001953125,5338.773552409407,5085.166486653093,-1.1415035571881393
2010-01-25,5007.89990234375,5007.89990234375,5035.7001953125,4983.0498046875,5034.5498046875,0,5205.135009765625,5118.215009765625,5155.116883587546,5156.012183309156,-0.8952997216101721,31.391752592677996,18.706494353179266,5205.135009765625,5359.064217657036,5051.205801874214,-0.5579844649771681
2010-01-27,4853.10009765625,4853.10009765625,5008.5,4833.0498046875,5008.5,0,5188.87001953125,5116.224013671875,5108.6527626750385,5133.574251038571,-24.921488363532262,20.129104401435946,13.18905973674876,5188.87001953125,5409.142707079341,4968.59733198316,-3.0911121968522637
2010-01-28,4867.25,4867.25,4929.89990234375,4824.9501953125,4863.0,0,5172.835009765625,5113.590009765625,5071.513876109648,5113.846528739417,-42.332652629769655,7.636752995194826,15.742065581446056,5172.835009765625,5435.9205192993295,4909.74950023192,0.29156419729696736
2010-01-29,4882.0498046875,4882.0498046875,4893.7001953125,4766.0,4866.14990234375,0,5158.464990234375,5110.070009765625,5042.365557429317,5096.676401031868,-54.31084360255136,-4.752766324354411,18.416867920677575,5158.464990234375,5451.9669169198005,4864.96306354895,0.30406912912834816
2010-02-01,4899.7001953125,4899.7001953125,4918.7998046875,4827.14990234375,4882.0498046875,0,5143.397509765625,5106.819013671875,5020.417040180576,5082.085570978582,-61.66853079800603,-16.135919219084734,20.223102732862955,5143.397509765625,5457.884973464795,4828.910046066455,0.36153647199692607
2010-02-02,4830.10009765625,4830.10009765625,4951.14990234375,4814.10009765625,4907.85009765625,0,5123.292504882813,5102.32701171875,4991.137510561448,5063.419980362113,-72.28246980066524,-27.365229335400837,19.221436960483828,5123.292504882813,5464.180311695996,4782.404698069629,-1.4204970688377228
2010-02-03,4931.85009765625,4931.85009765625,4949.14990234375,4831.0,4831.0,0,5105.990014648438,5101.184013671875,4982.016370114495,5053.674063124641,-71.65769301014643,-36.22372207034996,28.297391552026895,5105.990014648438,5448.958659687565,4763.021369609311,2.106581601680957
2010-02-04,4845.35009765625,4845.35009765625,4931.2998046875,4832.35009765625,4931.2998046875,0,5084.167529296875,5097.04201171875,4960.990789736303,5038.242658275131,-77.2518685388286,-44.42935136404569,22.60260976085152,5084.167529296875,5435.474937416171,4732.860121177579,-1.7539057004410386
2010-02-05,4718.64990234375,4718.64990234375,4827.0,4692.35009765625,4819.64990234375,0,5056.94501953125,5089.344013671875,4923.707576291295,5014.569120798733,-90.86154450743834,-53.71578999272422,19.53057424264985,5056.94501953125,5433.353314669609,4680.536724392891,-2.6148821603992345
2010-02-08,4760.39990234375,4760.39990234375,4799.0498046875,4675.39990234375,4755.35009765625,0,5032.727514648437,5082.741015625,4898.583318760903,4995.7417712835495,-97.15845252264626,-62.40432249870864,21.248534583821808,5032.727514648437,5420.415334547654,4645.03969474922,0.8847869806840825
2010-02-09,4792.64990234375,4792.64990234375,4810.39990234375,4739.35009765625,4760.5498046875,0,5009.8900146484375,5076.431015625,4882.285870081341,4980.69792913986,-98.41205905851893,-69.6058698106707,25.333262866266494,5009.8900146484375,5397.6482342923755,4622.1317950044995,0.6774640925465425
2010-02-10,4757.2001953125,4757.2001953125,4826.85009765625,4748.10009765625,4793.0,0,4987.230029296875,5071.4640234375,4863.041920116904,4964.142541448944,-101.10062133203974,-75.90482011494451,24.45557081956261,4987.230029296875,5378.603187156442,4595.856871437308,-0.7396681951234108
2010-02-11,4826.85009765625,4826.85009765625,4843.7998046875,4757.25,4757.25,0,4966.875024414063,5069.166025390625,4857.47394743065,4953.972730797634,-96.49878336698384,-80.02361276535238,34.30048948586203,4966.875024414063,5346.386029447006,4587.36401938112,1.4640944144494794
2010-02-15,4801.9501953125,4801.9501953125,4845.60009765625,4783.89990234375,4827.89990234375,0,4943.9775390625,5064.551025390625,4848.931831720165,4942.711802243179,-93.77997052301362,-82.77488431688462,35.69464821418126,4943.9775390625,5303.7981339589505,4584.1569441660495,-0.5158623499793458
2010-02-16,4855.75,4855.75,4880.0,4791.35009765625,4801.7998046875,0,4924.155029296875,5059.226025390625,4849.980780686294,4936.270187262203,-86.2894065759092,-83.47778876868955,40.98370427297701,4924.155029296875,5254.994740012477,4593.315318581273,1.1203740667701467
2010-02-17,4914.0,4914.0,4929.7001953125,4857.60009765625,4858.64990234375,0,4906.112524414062,5055.041025390625,4859.829891349941,4934.620543761299,-74.79065241135777,-81.7403614972232,54.07520919579289,4906.112524414062,5192.842287664494,4619.382761163631,1.1996087113216314
2010-02-18,4887.75,4887.75,4922.0498046875,4873.7001953125,4915.10009765625,0,4889.217529296875,5050.162021484375,4864.125292680719,4931.148651630832,-67.0233589501131,-78.79696098780119,51.349927912100355,4889.217529296875,5133.322996405411,4645.112062188339,-0.5341880341880323
2010-02-19,4844.89990234375,4844.89990234375,4887.2998046875,4805.5498046875,4887.2998046875,0,4870.377514648438,5044.882021484375,4861.167540321186,4924.759855387345,-63.592315066159244,-75.75603180347281,47.64082696793103,4870.377514648438,5058.084414620959,4682.670614675916,-0.8766834976471793
2010-02-22,4856.39990234375,4856.39990234375,4912.0498046875,4845.89990234375,4849.35009765625,0,4858.490014648438,5040.676015625,4860.434057555426,4919.696155161894,-59.26209760646816,-72.45724496407189,47.22860284130791,4858.490014648438,5013.854421896638,4703.125607400238,0.23736300505272645
2010-02-23,4870.0498046875,4870.0498046875,4884.10009765625,4833.14990234375,4856.60009765625,0,4850.1925048828125,5035.1180078125,4861.913403268053,4916.0186477193465,-54.1052444512934,-68.78684486151619,52.75420433835069,4850.1925048828125,4981.503971426695,4718.88103833893,0.2810703940827164
2010-02-24,4858.60009765625,4858.60009765625,4880.5498046875,4834.64990234375,4869.5498046875,0,4842.727514648437,5030.050009765625,4861.403663943161,4911.765421788747,-50.361757845586,-65.10182745833015,44.23182218066159,4842.727514648437,4951.294616126987,4734.160413169887,-0.23510451618440342
2010-02-25,4859.75,4859.75,4880.14990234375,4835.60009765625,4859.0,0,4843.060009765625,5024.55201171875,4861.1492541057505,4907.912427582173,-46.76317347642271,-61.434096661948665,51.31003687879749,4843.060009765625,4951.801458025283,4734.318561505967,0.023667359334722526
2010-02-26,4922.2998046875,4922.2998046875,4992.0,4858.4501953125,4858.5,0,4845.8125,5020.65201171875,4870.557031118327,4908.978159219605,-38.421128101277645,-56.831502949814464,70.97542846049936,4845.8125,4959.792740787651,4731.832259212349,1.2870992270692883
2010-03-02,5017.0,5017.0,5029.4501953125,4935.35009765625,4935.60009765625,0,4852.560009765625,5018.8780078125,4893.086718638585,4916.9797770551895,-23.893058416604617,-50.2438140431725,73.82992288514575,4852.560009765625,4989.281811647782,4715.838207883468,1.9239014093029638
2010-03-03,5088.10009765625,5088.10009765625,5093.25,5015.10009765625,5015.7998046875,0,4861.980004882813,5019.979013671875,4923.0887769489955,4929.655356358971,-6.56657940997593,-41.508367116533186,75.59122521794002,4861.980004882813,5033.826480136937,4690.133529628689,1.417183529125965
2010-03-04,5080.25,5080.25,5096.9501953125,5049.0,5096.9501953125,0,4874.4875,5020.743017578125,4947.2674266491495,4940.8105151471955,6.456911501953982,-31.91531139283575,79.38689612164004,4874.4875,5071.1812058493515,4677.793794150649,-0.1542834752772615
2010-03-05,5088.7001953125,5088.7001953125,5118.64990234375,5068.0498046875,5080.5498046875,0,4882.330004882812,5021.682021484375,4969.026314135819,4951.765306270551,17.261007865267857,-22.08004754121503,76.80420255012021,4882.330004882812,5100.038878424861,4664.621131340764,0.16633424167118438
2010-03-08,5124.0,5124.0,5147.10009765625,5092.14990234375,5092.14990234375,0,4896.2625,5024.408017578125,4992.868419653385,4964.523431731992,28.344987921393113,-11.995040448693404,82.27924795721407,4896.2625,5138.311239888499,4654.213760111501,0.693690005947234
2010-03-09,5101.5,5101.5,5131.7998046875,5094.35009765625,5121.0498046875,0,4915.405004882812,5027.386015625,5009.580970475941,4974.669844196289,34.91112627965231,-2.6138071030242607,76.28062267764756,4915.405004882812,5158.861928981005,4671.948080784619,-0.43911007025760895
2010-03-10,5116.25,5116.25,5137.39990234375,5092.0498046875,5101.60009765625,0,4933.197509765625,5029.994013671875,5025.991590402719,4985.1572631447125,40.83432725800685,6.075819769181962,73.84743463672227,4933.197509765625,5180.9321796442155,4685.4628398870345,0.2891306478486788
2010-03-11,5133.39990234375,5133.39990234375,5152.60009765625,5102.10009765625,5116.35009765625,0,4950.235009765625,5029.770009765625,5042.515946085955,4996.1381993816785,46.37774670427643,14.136205156200857,79.59996093276553,4950.235009765625,5204.065063376428,4696.404956154823,0.33520454129001287
2010-03-12,5137.0,5137.0,5158.10009765625,5122.10009765625,5131.7998046875,0,4969.225,5028.94201171875,5057.051954380423,5006.572406834887,50.47954754553575,21.40487363406784,88.87414498728285,4969.225,5219.044886257263,4719.405113742738,0.07013086306808525
2010-03-15,5128.89990234375,5128.89990234375,5151.0498046875,5101.2001953125,5134.4501953125,0,4984.327490234375,5027.761005859375,5068.105484836319,5015.633702798507,52.47178203781186,27.618255314816643,86.59684971211982,4984.327490234375,5234.426898407695,4734.228082061054,-0.15768148055771425
2010-03-16,5198.10009765625,5198.10009765625,5209.25,5125.7001953125,5128.9501953125,0,5004.134985351562,5028.33400390625,5088.104656039385,5029.149732047229,58.95492399215618,33.88558905028455,88.33705949417795,5004.134985351562,5256.159066939285,4752.110903763839,1.349221014839408
2010-03-17,5231.89990234375,5231.89990234375,5260.5,5177.14990234375,5198.4501953125,0,5022.94248046875,5028.951005859375,5110.227001624672,5044.168263180305,66.05873844436701,40.320218929101046,91.459311721131,5022.94248046875,5284.309723678137,4761.575237259362,0.6502338172121647
2010-03-18,5245.89990234375,5245.89990234375,5255.64990234375,5214.39990234375,5232.5498046875,0,5039.5374755859375,5029.225,5131.099755581453,5059.111347562783,71.98840801867027,46.65385674701489,91.69632415822812,5039.5374755859375,5313.617617848755,4765.45733332312,0.2675892173267469
2010-03-19,5262.7998046875,5262.7998046875,5269.9501953125,5237.10009765625,5246.7998046875,0,5058.289965820312,5028.922998046875,5151.361301597768,5074.199381423873,77.16192017389494,52.7554694323909,90.78817457383639,5058.289965820312,5339.861926471909,4776.7180051687155,0.3221544950981592
2010-03-22,5205.2001953125,5205.2001953125,5260.9501953125,5187.0498046875,5260.9501953125,0,5076.30498046875,5027.391005859375,5159.644208323111,5083.903145415623,75.74106290748841,57.35258812741041,74.74366184162885,5076.30498046875,5346.256100470277,4806.353860467223,-1.0944670424988812
2010-03-23,5225.2998046875,5225.2998046875,5243.60009765625,5193.39990234375,5205.85009765625,0,5094.749975585937,5026.635,5169.745069302247,5094.376972028355,75.36809727389209,60.95568995670674,70.83206678479549,5094.749975585937,5351.526139225635,4837.973811946239,0.3861447902253623
2010-03-25,5260.39990234375,5260.39990234375,5267.2998046875,5202.9501953125,5225.2998046875,0,5114.26748046875,5026.947998046875,5183.691966693248,5106.6749668665325,77.01699982671562,64.16795193070853,75.26297121524814,5114.26748046875,5358.147331392063,4870.387629545437,0.6717336606171909
2010-03-26,5282.0,5282.0,5293.75,5260.5498046875,5260.5498046875,0,5135.437475585937,5027.6,5198.816279509671,5119.6620063579,79.15427315177112,67.16521617492106,76.1428473315512,5135.437475585937,5358.489311250897,4912.385639920977,0.4106170264094544
2010-03-29,5302.85009765625,5302.85009765625,5329.5498046875,5242.14990234375,5283.89990234375,0,5157.59248046875,5029.44900390625,5214.821482301452,5133.2314946022225,81.58998769922982,70.0501704797828,75.17246213667495,5157.59248046875,5351.461179185731,4963.723781751769,0.39473869095512093
2010-03-30,5262.4501953125,5262.4501953125,5325.0,5251.35009765625,5302.9501953125,0,5174.6,5030.01900390625,5222.148976610844,5142.803250210391,79.34572640045371,71.909281663917,71.56645424686931,5174.6,5338.997769417164,5010.202230582837,-0.7618526188701069
2010-03-31,5249.10009765625,5249.10009765625,5293.89990234375,5235.14990234375,5260.39990234375,0,5186.205004882812,5029.8030078125,5226.295302925522,5150.677090761936,75.61821216358658,72.65106776385092,67.86822759255685,5186.205004882812,5335.86810590328,5036.541903862345,-0.25368596681716316
2010-04-01,5290.5,5290.5,5298.60009765625,5249.2001953125,5249.2001953125,0,5196.325,5030.56900390625,5236.172948629288,5161.034343298088,75.13860533119987,73.14857527732072,69.83589537451589,5196.325,5345.427610549119,5047.222389450881,0.7887047603118758
2010-04-05,5368.39990234375,5368.39990234375,5377.5498046875,5291.39990234375,5291.39990234375,0,5210.732495117188,5032.44,5256.515556893051,5176.394755079248,80.12080181380315,74.54302058461721,74.60134368384496,5210.732495117188,5368.068804926024,5053.396185308351,1.472448773154711
2010-04-06,5366.0,5366.0,5388.64990234375,5351.7001953125,5369.64990234375,0,5224.597485351563,5035.247001953125,5273.359317371043,5190.439588036341,82.91972933470242,76.21836233463425,75.51663217722772,5224.597485351563,5385.487280990279,5063.707689712846,-0.044704239389881106
2010-04-07,5374.64990234375,5374.64990234375,5399.64990234375,5345.0498046875,5365.7001953125,0,5237.12998046875,5038.30599609375,5288.942484289922,5204.084796503556,84.8576877863652,77.94622742498045,71.84758281651061,5237.12998046875,5403.96482172899,5070.29513920851,0.16119832917909083
2010-04-08,5304.4501953125,5304.4501953125,5383.64990234375,5290.25,5376.2998046875,0,5247.277490234375,5042.512001953125,5291.328285985703,5211.519270489404,79.80901549629834,78.31878503924403,58.23595210406645,5247.277490234375,5403.743686928641,5090.81129354011,-1.3061261348508935
2010-04-09,5361.75,5361.75,5377.4501953125,5302.25,5302.39990234375,0,5259.552490234375,5049.027001953125,5302.162395834056,5222.647472675375,79.51492315868109,78.55801266313145,61.97420655949176,5259.552490234375,5411.182355128966,5107.922625339784,1.0802213722005627
2010-04-12,5339.7001953125,5339.7001953125,5382.14990234375,5324.89990234375,5354.14990234375,0,5269.867504882813,5055.6630078125,5307.937441907663,5231.3180447225695,76.61939718509348,78.17028956752387,57.86465907093434,5269.867504882813,5413.2046960838115,5126.530313681814,-0.41124268545716935
2010-04-13,5322.9501953125,5322.9501953125,5356.5,5301.7001953125,5340.85009765625,0,5279.165014648437,5065.060009765625,5310.247096277638,5238.105611432935,72.14148484470297,76.96452862295969,63.14030889141721,5279.165014648437,5409.772090078798,5148.557939218076,-0.3136880234344219
2010-04-15,5273.60009765625,5273.60009765625,5373.14990234375,5265.2998046875,5323.2998046875,0,5286.4000244140625,5073.18701171875,5304.609096489732,5240.734832634662,63.87426385507024,74.3464756693818,55.05974881049689,5286.4000244140625,5396.357859130025,5176.4421896981,-0.9271192824555907
2010-04-16,5262.60009765625,5262.60009765625,5283.0498046875,5237.5498046875,5273.39990234375,0,5289.625024414063,5080.798017578125,5298.146173592273,5242.35448189552,55.79169169675333,70.63551887485612,50.242740413208175,5289.625024414063,5392.215156976913,5187.034891851213,-0.20858616118595297
2010-04-19,5203.64990234375,5203.64990234375,5279.0498046875,5160.89990234375,5279.0498046875,0,5288.2125244140625,5086.87701171875,5283.6082857078845,5239.487476002796,44.120809705088504,65.3325770409026,42.01404476208014,5288.2125244140625,5394.847288611617,5181.577760216508,-1.120172428430466
2010-04-20,5230.10009765625,5230.10009765625,5257.25,5208.2998046875,5208.2998046875,0,5287.422534179687,5094.87701171875,5275.376256776864,5238.792114643793,36.5841421330706,59.58289005933621,42.66853915997614,5287.422534179687,5395.600103514635,5179.24496484474,0.508300823631247
2010-04-21,5244.89990234375,5244.89990234375,5266.2998046875,5230.2998046875,5230.2998046875,0,5286.5275390625,5101.1380078125,5270.687586864077,5239.244543362308,31.443043501769353,53.95492074782284,48.135127142167825,5286.5275390625,5395.852945167101,5177.202132957899,0.28297364125271507
2010-04-22,5269.35009765625,5269.35009765625,5331.7998046875,5221.10009765625,5248.60009765625,0,5289.735034179687,5109.6180078125,5270.481819293643,5241.474584421118,29.00723487252435,48.965383572763145,52.10215142059452,5289.735034179687,5392.586360858431,5186.883707500943,0.4661708663224351
2010-04-23,5304.10009765625,5304.10009765625,5311.0498046875,5269.64990234375,5269.64990234375,0,5293.675048828125,5121.32701171875,5275.653862118659,5246.113511327424,29.54035079123514,45.08037701645755,51.431590698592416,5293.675048828125,5392.074193120907,5195.275904535343,0.6594741164656526
2010-04-26,5322.4501953125,5322.4501953125,5342.35009765625,5299.35009765625,5299.35009765625,0,5296.777563476562,5132.568017578125,5282.853297994634,5251.768080511503,31.08521748313069,42.28134510979218,44.46988332720215,5296.777563476562,5394.670761807176,5198.884365145948,0.3459606213758848
2010-04-27,5308.35009765625,5308.35009765625,5330.5498046875,5301.39990234375,5322.10009765625,0,5298.095068359375,5142.882021484375,5286.775882557959,5255.959341040743,30.816541517216137,39.98838439127697,43.251794975554496,5298.095068359375,5395.860041755401,5200.3300949633485,-0.26491741846016437
2010-04-28,5215.4501953125,5215.4501953125,5308.25,5202.4501953125,5308.2001953125,0,5293.725073242187,5152.047021484375,5275.802699904812,5252.958663579392,22.844036325419438,36.559514778105466,34.43491030193432,5293.725073242187,5398.179626644418,5189.270519839956,-1.7500711263329638
2010-04-29,5254.14990234375,5254.14990234375,5264.75,5214.7998046875,5215.25,0,5293.31005859375,5160.593017578125,5272.471500280032,5253.046903487863,19.424596792168813,33.132531180918136,44.75929326896173,5293.31005859375,5398.352116956993,5188.268000230507,0.7420204504307693
2010-04-30,5278.0,5278.0,5294.7998046875,5254.2001953125,5254.2001953125,0,5294.755053710937,5170.114013671875,5273.3220386984885,5254.895281007281,18.426757691207968,30.191376482976104,40.620454321743786,5294.755053710937,5398.016427393057,5191.493680028818,0.45392876296908025
2010-05-03,5222.75,5222.75,5278.7001953125,5210.0498046875,5278.39990234375,0,5291.3675537109375,5177.454013671875,5265.541725052567,5252.5141490808155,13.027575971751503,26.758616380731183,37.808808499028835,5291.3675537109375,5399.5447453946645,5183.1903620272105,-1.0467980295566504
2010-05-04,5148.5,5148.5,5250.14990234375,5134.85009765625,5223.89990234375,0,5280.37255859375,5182.144013671875,5247.535305813711,5244.809397297052,2.7259085166588193,21.952074807916713,33.761512757207626,5280.37255859375,5399.708708865217,5161.036408322283,-1.421664831745728
2010-05-05,5124.89990234375,5124.89990234375,5148.35009765625,5056.5,5148.35009765625,0,5268.317553710937,5186.88701171875,5228.668320664486,5235.927212485696,-7.2588918212104545,16.10988148209128,35.46147030404411,5268.317553710937,5399.368793093679,5137.266314328195,-0.45838783444207554
2010-05-06,5090.85009765625,5090.85009765625,5124.89990234375,5037.75,5124.39990234375,0,5254.1275634765625,5191.806015625,5207.465517124757,5225.180759535367,-17.71524241060979,9.344856703551066,33.93208558006275,5254.1275634765625,5397.573532045363,5110.681594907762,-0.6643994094778005
2010-05-07,5018.0498046875,5018.0498046875,5085.64990234375,4984.60009765625,5072.2998046875,0,5239.807543945312,5195.039013671875,5178.324638288255,5209.837725842932,-31.51308755467653,1.173267851905547,33.0749591021258,5239.807543945312,5415.629597978427,5063.985489912197,-1.4300223257853517
2010-05-10,5193.60009765625,5193.60009765625,5203.2998046875,5026.60009765625,5026.60009765625,0,5231.400048828125,5201.51001953125,5180.674708960254,5208.634938569845,-27.960229609590897,-4.653431640393742,47.38313883311069,5231.400048828125,5398.536973956822,5064.263123699428,3.4983768555816974
2010-05-11,5136.14990234375,5136.14990234375,5206.7001953125,5126.5,5189.75,0,5221.2225341796875,5207.061015625,5173.824738711562,5203.265676627171,-29.44093791560954,-9.610932895436902,42.65253123465979,5221.2225341796875,5385.35476800697,5057.090300352405,-1.1061728710769603
2010-05-12,5156.64990234375,5156.64990234375,5172.85009765625,5098.7998046875,5133.75,0,5212.90751953125,5212.999013671875,5171.182456193436,5199.81265630988,-28.63020011644403,-13.41478633963833,42.344782936902256,5212.90751953125,5372.116367295819,5053.6986717666805,0.3991316528874078
2010-05-13,5178.89990234375,5178.89990234375,5212.7001953125,5147.9501953125,5157.5498046875,0,5208.172509765625,5218.131015625,5172.369755601177,5198.2635634235,-25.89380782232365,-15.910590636175394,41.34880500751046,5208.172509765625,5365.401772053922,5050.943247477328,0.4314816871684002
2010-05-14,5093.5,5093.5,5192.75,5070.9501953125,5180.5498046875,0,5199.717504882812,5219.661015625,5160.235947047149,5190.503299466204,-30.267352419054987,-18.78194299275131,35.52140123958469,5199.717504882812,5362.704507522299,5036.730502243326,-1.648996967581895
2010-05-17,5059.89990234375,5059.89990234375,5094.5498046875,4966.25,5093.89990234375,0,5192.530004882812,5219.09701171875,5144.799632477395,5180.82897375343,-36.029341276034756,-22.231422649408003,34.66641513800727,5192.530004882812,5367.056684788417,5018.003324977207,-0.6596661952733895
2010-05-18,5066.2001953125,5066.2001953125,5105.2001953125,5024.25,5059.5498046875,0,5184.335009765625,5218.816015625,5132.707411375103,5172.337953128176,-39.630541753072976,-25.711246470141,39.68628022609851,5184.335009765625,5366.651951560201,5002.018067971048,0.1245141819076645
2010-05-19,4919.64990234375,4919.64990234375,5065.10009765625,4908.14990234375,5065.10009765625,0,5168.072509765625,5215.435009765625,5099.929333062587,5153.620319736738,-53.690986674150736,-31.30719451094295,29.88336240463731,5168.072509765625,5382.788082344909,4953.356937186341,-2.8927063147710874
2010-05-20,4947.60009765625,4947.60009765625,4980.25,4924.2998046875,4924.2998046875,0,5151.985009765625,5211.90701171875,5076.494066076997,5138.35956254559,-61.86549646859294,-37.41885490247295,30.227449247767666,5151.985009765625,5382.3910462502445,4921.578973281006,0.5681338279617032
2010-05-21,4931.14990234375,4931.14990234375,4946.7001953125,4842.2998046875,4946.7001953125,0,5133.3375,5208.500009765625,5054.133425502651,5123.010698826935,-68.87727332428403,-43.71053858683517,31.699542486263866,5133.3375,5372.122814336187,4894.552185663812,-0.3324883779570742
2010-05-24,4943.9501953125,4943.9501953125,5029.5498046875,4923.4501953125,4944.2998046875,0,5114.4125,5205.054013671875,5037.182159319551,5109.746957825866,-72.56479850631513,-49.481390570731165,36.089815619114404,5114.4125,5350.065390263778,4878.759609736223,0.25958028496895214
2010-05-25,4806.75,4806.75,4946.60009765625,4786.4501953125,4945.2998046875,0,5089.332495117187,5198.521015625,5001.731057885774,5087.302738727654,-85.57168084188015,-56.699448624960965,31.259990945952396,5089.332495117187,5344.073908483794,4834.59108175058,-2.775112812475
2010-05-26,4917.39990234375,4917.39990234375,4925.4501953125,4807.2998046875,4807.2998046875,0,5074.42998046875,5194.129013671875,4988.757033956232,5074.717343439957,-85.96030948372572,-62.55162079671392,40.62889444876501,5074.42998046875,5332.950501815401,4815.909459122098,2.301969154704331
2010-05-27,5003.10009765625,5003.10009765625,5016.60009765625,4897.60009765625,4915.14990234375,0,5061.877490234375,5191.613017578125,4990.96365914085,5069.412362270794,-78.44870312994408,-65.73103726335995,49.20340627918896,5061.877490234375,5307.724462937227,4816.0305175315225,1.742794912239165
2010-05-28,5066.5498046875,5066.5498046875,5077.25,5005.60009765625,5005.60009765625,0,5051.30498046875,5188.98201171875,5002.592296917258,5069.200320968328,-66.60802405107006,-65.90643462090198,42.31164491836779,5051.30498046875,5275.227344119551,4827.3826168179485,1.2682078270025654
2010-05-31,5086.2998046875,5086.2998046875,5097.60009765625,5038.5498046875,5076.10009765625,0,5044.482470703125,5186.070009765625,5015.470375035757,5070.46694939197,-54.99657435621339,-63.72446256796427,46.839134018141706,5044.482470703125,5254.2799312713,4834.68501013495,0.3898116225311332
2010-06-01,4970.2001953125,4970.2001953125,5086.9501953125,4961.0498046875,5086.25,0,5035.56748046875,5180.556015625,5008.505732001409,5063.03978242312,-54.53405042171107,-61.88638013871363,39.45600171421535,5035.56748046875,5241.878333160642,4829.256627776857,-2.282594692275186
2010-06-02,5019.85009765625,5019.85009765625,5031.2001953125,4967.0498046875,4970.75,0,5030.314990234375,5175.697021484375,5010.2510190252315,5059.840546514463,-49.58952748923184,-59.42700960881728,41.275867019202344,5030.314990234375,5232.35447525432,4828.275505214429,0.9989517603451015
2010-06-03,5110.5,5110.5,5125.7001953125,5020.14990234375,5020.14990234375,0,5031.2974853515625,5173.803017578125,5025.673939175196,5063.593098624503,-37.91915944930679,-55.125439576915184,50.92713708079642,5031.2974853515625,5234.762526852306,4827.832443850819,1.8058288709870807
2010-06-04,5135.5,5135.5,5147.89990234375,5091.60009765625,5112.60009765625,0,5037.169995117188,5172.007021484375,5042.570256225165,5068.919535763429,-26.349279538263545,-49.37020756918486,54.16208108086312,5037.169995117188,5245.740844058465,4828.59914617591,0.4891889247627512
2010-06-07,5034.0,5034.0,5132.9501953125,5004.25,5132.9501953125,0,5029.189990234375,5167.4790234375,5041.251755267447,5066.3329034846565,-25.081148217209375,-44.51239569878977,48.39544634358558,5029.189990234375,5224.341541444399,4834.038439024351,-1.976438516210688
2010-06-08,4987.10009765625,4987.10009765625,5071.35009765625,4967.2998046875,5036.7001953125,0,5021.7375,5161.581025390625,5032.920731019571,5060.463806756627,-27.543075737055915,-41.118531706443,53.7316843879668,5021.7375,5210.985291759847,4832.489708240153,-0.9316627402413569
2010-06-09,5000.2998046875,5000.2998046875,5050.60009765625,4980.10009765625,4985.0498046875,0,5013.919995117188,5155.53001953125,5027.902126968484,5056.007214010765,-28.10508704228141,-38.515842773610686,52.96398964996971,5013.919995117188,5192.308042026575,4835.5319482078,0.2646770021210054
2010-06-10,5078.60009765625,5078.60009765625,5085.2001953125,4997.60009765625,4999.60009765625,0,5008.905004882812,5151.853017578125,5035.701814766601,5057.680760947467,-21.978946180865933,-35.20846345506173,57.75360234987213,5008.905004882812,5172.8164353410775,4844.993574424547,1.565911965825495
2010-06-11,5119.35009765625,5119.35009765625,5139.0498046875,5078.75,5078.75,0,5010.197509765625,5149.258017578125,5048.570781365008,5062.248859962932,-13.678078597924468,-30.90238648363428,58.95995222941852,5010.197509765625,5177.294355215749,4843.100664315501,0.8023864690351656
2010-06-14,5197.7001953125,5197.7001953125,5201.25,5120.14990234375,5120.14990234375,0,5017.0875244140625,5147.402021484375,5071.51376812616,5072.282292211048,-0.7685240848877584,-24.875614003884976,71.24846607531836,5017.0875244140625,5203.1061556706645,4831.0688931574605,1.5304696135574059
2010-06-15,5222.35009765625,5222.35009765625,5231.4501953125,5171.0498046875,5201.2998046875,0,5024.89501953125,5144.481025390625,5094.719357284635,5083.39842594773,11.320931336905232,-17.636304935726937,68.28349907021843,5024.89501953125,5231.555408631914,4818.234630430586,0.4742463285200671
2010-06-16,5233.35009765625,5233.35009765625,5255.64990234375,5214.89990234375,5225.0498046875,0,5040.580029296875,5141.82802734375,5116.047163495653,5094.505957185399,21.541206310253983,-9.800802686530755,65.16300929552357,5040.580029296875,5260.781873205075,4820.378185388676,0.2106331401438677
2010-06-17,5274.85009765625,5274.85009765625,5285.5498046875,5206.5498046875,5233.64990234375,0,5056.942529296875,5139.83203125,5140.478384135745,5107.864782405462,32.613601730282426,-1.3179218031681188,64.1258976058766,5056.942529296875,5295.889612804113,4817.995445789637,0.792991090326356
2010-06-18,5262.60009765625,5262.60009765625,5302.2998046875,5245.5,5274.9501953125,0,5073.5150390625,5138.995029296875,5159.266340061976,5119.326657609225,39.939682452751185,6.933599048015742,62.078683071183555,5073.5150390625,5321.531551769557,4825.498526355444,-0.23223408766521736
2010-06-21,5353.2998046875,5353.2998046875,5366.75,5266.5,5266.5,0,5093.98251953125,5138.826025390625,5189.117642312056,5136.658001837245,52.45964047481084,16.038807333374763,77.19335094030957,5093.98251953125,5363.600969797198,4824.364069265302,1.7234770901867202
2010-06-22,5316.5498046875,5316.5498046875,5354.35009765625,5311.0498046875,5353.9501953125,0,5119.472509765625,5138.363017578125,5208.722590369816,5149.983320566894,58.739269802922536,24.578899827284317,71.45335622101821,5119.472509765625,5370.506539977376,4868.438479553874,-0.6864924689594432
2010-06-23,5323.14990234375,5323.14990234375,5333.2998046875,5288.14990234375,5316.14990234375,0,5139.760009765625,5138.36701171875,5226.326792211959,5162.810474772587,63.51631743937196,32.36638334970185,67.50349863390504,5139.760009765625,5387.595009627196,4891.925009904054,0.12414249651966358
2010-06-24,5320.60009765625,5320.60009765625,5348.2998046875,5284.5498046875,5323.25,0,5155.635009765625,5139.30701171875,5240.830377664927,5174.498594986192,66.33178267873518,39.15946321550852,65.82053437210735,5155.635009765625,5407.258070504196,4904.011949027054,-0.04790029839996102
2010-06-25,5269.0498046875,5269.0498046875,5320.5,5259.89990234375,5320.5,0,5165.760009765625,5139.436005859375,5245.171827976093,5181.5023882974,63.66943967869247,44.06145850814531,71.96522666004735,5165.760009765625,5418.583522890463,4912.936496640787,-0.9688811792387453
2010-06-28,5333.5,5333.5,5339.4501953125,5270.75,5271.10009765625,0,5178.12001953125,5142.0330078125,5258.760777518232,5192.761470645741,65.99930687249162,48.449028181014576,81.34272901985906,5178.12001953125,5438.640185454966,4917.599853607535,1.2231844013917526
2010-06-29,5256.14990234375,5256.14990234375,5334.14990234375,5235.7998046875,5333.5498046875,0,5192.417504882813,5142.55400390625,5258.359104414466,5197.456910030778,60.902194383687856,50.93966142154923,70.74178314550255,5192.417504882813,5435.7088583157665,4949.126151449859,-1.4502690101481197
2010-06-30,5312.5,5312.5,5320.35009765625,5210.0,5254.25,0,5207.05,5143.906005859375,5266.688472966087,5205.978620398869,60.70985256721815,52.89369965068302,69.6620533907537,5207.05,5441.6891809799445,4972.410819020056,1.0720793490140546
2010-07-01,5251.39990234375,5251.39990234375,5312.5498046875,5232.10009765625,5312.0498046875,0,5214.094995117188,5143.547001953125,5264.336385178035,5209.343159802193,54.993225375841575,53.31360479571474,60.73313182434428,5214.094995117188,5444.958915918045,4983.231074316331,-1.150119485294121
2010-07-02,5237.10009765625,5237.10009765625,5277.25,5225.60009765625,5251.25,0,5219.175,5142.207001953125,5260.14618709776,5211.399229272864,48.74695782489562,52.400275401550914,53.57465935057099,5219.175,5447.211075008001,4991.138924991999,-0.2723046226420056
2010-07-05,5235.89990234375,5235.89990234375,5252.75,5225.85009765625,5237.0,0,5229.269995117187,5140.47599609375,5256.415989443297,5213.214093944782,43.201895498515114,50.56059942094376,51.2839756141799,5229.269995117187,5440.00999849081,5018.529991743564,-0.02291717343797517
2010-07-06,5289.0498046875,5289.0498046875,5297.4501953125,5231.5,5236.10009765625,0,5244.36748046875,5140.089990234375,5261.436576403943,5218.8315539997975,42.60502240414553,48.969484017584115,54.887651666608114,5244.36748046875,5422.8538608846175,5065.881100052882,1.0151053942027977
2010-07-07,5241.10009765625,5241.10009765625,5296.75,5233.4501953125,5293.10009765625,0,5256.407495117188,5140.60298828125,5258.307887365836,5220.481075752127,37.82681161370874,46.74094953680904,47.071583514099785,5256.407495117188,5393.186224877712,5119.628765356663,-0.9065845246674309
2010-07-08,5296.85009765625,5296.85009765625,5320.5,5242.0,5242.0,0,5267.319995117187,5141.4569921875,5264.237458179746,5226.138040337618,38.09941784212788,45.01264319787281,52.76321097216619,5267.319995117187,5376.386348391924,5158.253641842451,1.0637079804091343
2010-07-09,5352.4501953125,5352.4501953125,5359.0498046875,5297.2001953125,5297.2001953125,0,5278.975,5142.94599609375,5277.808648507861,5235.494496261684,42.3141522461774,44.47294500753373,49.927340391059026,5278.975,5369.748004778445,5188.201995221556,1.0496822947821727
2010-07-12,5383.0,5383.0,5402.7001953125,5351.60009765625,5352.25,0,5288.239990234375,5146.15099609375,5293.991933352805,5246.4208298719295,47.571103480875536,45.092576702202095,55.743813024092866,5288.239990234375,5381.865856262897,5194.614124205853,0.570762988402107
2010-07-13,5400.64990234375,5400.64990234375,5406.2001953125,5357.85009765625,5370.2001953125,0,5297.15498046875,5151.193994140625,5310.400851659104,5257.845205610583,52.55564604852043,46.585190571465766,56.573367260390164,5297.15498046875,5398.037958668304,5196.2720022691965,0.32788226534925524
2010-07-14,5386.14990234375,5386.14990234375,5453.4501953125,5371.7001953125,5402.0,0,5304.794970703125,5156.418994140625,5322.054551764434,5267.349257220447,54.70529454398729,48.20921136597007,55.44931277754775,5304.794970703125,5408.438262473401,5201.151678932849,-0.2684862055899462
2010-07-15,5378.75,5378.75,5399.2001953125,5360.60009765625,5387.10009765625,0,5309.989965820312,5162.1769921875,5330.7769284160595,5275.601164093006,55.175764323053045,49.60252195738667,59.84211679151881,5309.989965820312,5417.651294570096,5202.328637070528,-0.1373876048368028
2010-07-16,5393.89990234375,5393.89990234375,5401.35009765625,5374.39990234375,5376.64990234375,0,5316.554956054688,5169.693994140625,5340.4881551741655,5284.364033593062,56.12412158110328,50.906841882129996,55.94487799204717,5316.554956054688,5427.995441961564,5205.1144701478115,0.2816621397861985
2010-07-19,5386.4501953125,5386.4501953125,5409.10009765625,5361.5,5392.7001953125,0,5318.212475585938,5173.55099609375,5347.559238272371,5291.925971498205,55.63326677416535,51.85212686053707,64.8710972808442,5318.212475585938,5432.893155527143,5203.5317956447325,-0.1381135572800063
2010-07-20,5368.0,5368.0,5416.4501953125,5353.60009765625,5387.0,0,5320.784985351563,5178.187998046875,5350.703970845852,5297.561084720561,53.142886125291625,52.110278713487986,56.93404651979971,5320.784985351563,5437.597073905716,5203.97289679741,-0.34252976716568906
2010-07-21,5399.35009765625,5399.35009765625,5409.10009765625,5368.85009765625,5368.85009765625,0,5324.594995117188,5183.042001953125,5358.187990355144,5305.1010116046855,53.08697875045891,52.30561872088217,69.9690251489429,5324.594995117188,5446.587759962705,5202.602230271671,0.5840182126723104
2010-07-22,5441.9501953125,5441.9501953125,5447.14990234375,5372.2001953125,5399.14990234375,0,5330.6625,5188.3030078125,5371.074483425507,5315.237988175635,55.836495249872314,53.01179402668021,75.68656407543602,5330.6625,5463.415223196732,5197.909776803269,0.7889856535648887
2010-07-23,5449.10009765625,5449.10009765625,5477.5,5435.14990234375,5441.89990234375,0,5339.665014648437,5195.415009765625,5383.078424076391,5325.153699989014,57.92472408737649,53.994380038819465,76.34057411464919,5339.665014648437,5479.078101036153,5200.251928260721,0.13138492796036516
2010-07-26,5418.60009765625,5418.60009765625,5466.25,5409.2001953125,5446.5498046875,0,5343.92001953125,5202.589013671875,5388.54329693483,5332.075655371772,56.46764156305835,54.48903234366725,66.9546557742029,5343.92001953125,5487.668103058601,5200.171936003898,-0.5597254492190062
2010-07-27,5430.60009765625,5430.60009765625,5450.9501953125,5407.2001953125,5420.2001953125,0,5352.642529296875,5209.87701171875,5395.013573968895,5339.373762207659,55.63981176123616,54.71918822718103,77.37651168433943,5352.642529296875,5495.131589744855,5210.1534688488955,0.2214594135705017
2010-07-28,5397.5498046875,5397.5498046875,5447.85009765625,5386.25,5436.10009765625,0,5356.89501953125,5219.435009765625,5395.403763310218,5343.6830986876475,51.72066462257044,54.119483506258916,65.56891426086668,5356.89501953125,5499.416261464693,5214.373777597807,-0.6085937534419772
2010-07-29,5408.89990234375,5408.89990234375,5415.85009765625,5381.5498046875,5397.85009765625,0,5364.77001953125,5228.661005859375,5397.480092392299,5348.513973032544,48.966119359755794,53.08881067695829,60.111002468081985,5364.77001953125,5499.964554999007,5229.575484063493,0.21028240714691115
2010-07-30,5367.60009765625,5367.60009765625,5413.25,5349.2001953125,5408.39990234375,0,5371.29501953125,5237.390009765625,5392.883170125216,5349.927760041707,42.95541008350847,51.06213055826832,47.343927642050474,5371.29501953125,5492.40854555865,5250.181493503849,-0.7635527636516981
2010-08-02,5431.64990234375,5431.64990234375,5438.85009765625,5351.2998046875,5369.5498046875,0,5381.08251953125,5247.14400390625,5398.847282774221,5355.981252064081,42.86603071013997,49.42291058864265,54.60898275406465,5381.08251953125,5486.783468472211,5275.381570590289,1.193267075083848
2010-08-03,5439.5498046875,5439.5498046875,5459.2001953125,5426.39990234375,5432.5,0,5388.60751953125,5259.8,5405.109209222418,5362.171515221372,42.93769400104611,48.12586727112335,58.09826354178237,5388.60751953125,5487.959282385182,5289.255756677318,0.14544203852941973
2010-08-04,5467.85009765625,5467.85009765625,5481.89990234375,5428.39990234375,5441.35009765625,0,5399.94501953125,5270.80900390625,5414.761653596854,5369.999558364696,44.76209523215766,47.45311286333022,62.7067987504683,5399.94501953125,5477.860411254457,5322.029627808043,0.5202690293296452
2010-08-05,5447.10009765625,5447.10009765625,5487.14990234375,5443.10009765625,5470.14990234375,0,5407.45751953125,5279.68900390625,5419.7367988367605,5375.71070942333,44.02608941343078,46.767708173350336,57.46773808838407,5407.45751953125,5471.204758268757,5343.710280793743,-0.37949101803090857
2010-08-06,5439.25,5439.25,5471.89990234375,5431.35009765625,5448.25,0,5411.797509765625,5287.1430078125,5422.738829784951,5380.4173235401195,42.32150624483165,45.8784677876466,57.40321339471299,5411.797509765625,5471.4647809028575,5352.130238628393,-0.14411517166037502
2010-08-09,5486.14990234375,5486.14990234375,5492.2998046875,5433.25,5439.7998046875,0,5416.955004882812,5295.140009765625,5432.4943794093815,5388.249366414462,44.24501299491931,45.551776829101144,65.34213900122117,5416.955004882812,5483.569144379646,5350.340865385979,0.8622494340901676
2010-08-10,5460.7001953125,5460.7001953125,5491.4501953125,5445.35009765625,5486.7998046875,0,5419.95751953125,5304.950009765625,5436.833735702169,5393.6160944809835,43.21764122118566,45.08494970751805,58.090480477115875,5419.95751953125,5488.851550197622,5351.063488864878,-0.46389011390989277
2010-08-11,5420.60009765625,5420.60009765625,5474.60009765625,5412.0,5460.7001953125,0,5421.680029296875,5312.965009765625,5434.336252925874,5395.614909531003,38.72134339487093,43.81222844498863,47.16579009799334,5421.680029296875,5488.712554898966,5354.647503694783,-0.7343398506050924
2010-08-12,5416.4501953125,5416.4501953125,5431.10009765625,5372.4501953125,5418.7001953125,0,5423.5650390625,5319.084013671875,5431.584551754586,5397.158264033336,34.42628772124954,41.935040300240814,45.63094996961718,5423.5650390625,5487.566282607276,5359.5637955177235,-0.07655798747345788
2010-08-13,5452.10009765625,5452.10009765625,5476.5,5415.5,5420.64990234375,0,5426.475048828125,5325.416015625,5434.740789585611,5401.228029486886,33.512760098725266,40.25058425993771,54.42186078047699,5426.475048828125,5490.0883909874965,5362.861706668754,0.6581783466707014
2010-08-16,5418.2998046875,5418.2998046875,5465.25,5397.39990234375,5452.10009765625,0,5428.067529296875,5333.10201171875,5432.211407293594,5402.492605427672,29.718801865921705,38.14422778113451,48.46476660381337,5428.067529296875,5489.00018930636,5367.134869287391,-0.6199499708980039
2010-08-17,5414.14990234375,5414.14990234375,5443.5498046875,5408.7998046875,5422.14990234375,0,5430.375024414063,5341.6430078125,5429.4327142243865,5403.356108902937,26.07660532144928,35.730703289197464,52.232998485367965,5430.375024414063,5484.886924814573,5375.863124013553,-0.07659048951407232
2010-08-18,5479.14990234375,5479.14990234375,5487.9501953125,5416.25,5416.25,0,5434.365014648438,5351.220009765625,5437.081512396596,5408.970463972627,28.111048423968896,34.20677231615175,58.25791283824427,5434.365014648438,5490.957541215443,5377.772488081433,1.2005578192776367
2010-08-19,5540.2001953125,5540.2001953125,5544.7001953125,5478.10009765625,5478.25,0,5439.277514648437,5360.45201171875,5452.945925152889,5418.691184812617,34.25474034027138,34.216365920975676,69.3889080866422,5439.277514648437,5513.082077588056,5365.472951708819,1.1142292884273042
2010-08-20,5530.64990234375,5530.64990234375,5546.60009765625,5513.35009765625,5540.7998046875,0,5443.355004882813,5368.6780078125,5464.900383182252,5426.9844231482575,37.91596003399445,34.95628474357943,62.672792049503094,5443.355004882813,5527.702282928098,5359.007726837528,-0.1723817304802533
2010-08-23,5543.5,5543.5,5549.7998046875,5519.39990234375,5531.14990234375,0,5449.6,5375.59400390625,5476.992631923445,5435.615206618757,41.37742530468768,36.24051285580108,63.13993047668895,5449.6,5544.1125066352615,5355.087493364739,0.23234335716684207
2010-08-24,5505.10009765625,5505.10009765625,5547.25,5488.4501953125,5541.10009765625,0,5453.325,5381.24900390625,5481.316857420799,5440.762235584498,40.55462183630152,37.10333465190117,54.591392102767074,5453.325,5550.518965727314,5356.131034272686,-0.6927014042346857
2010-08-25,5462.35009765625,5462.35009765625,5506.14990234375,5452.5498046875,5505.2998046875,0,5456.565014648438,5385.82900390625,5478.3988943801,5442.361336478702,36.03755790139803,36.89017930180054,51.78299848828765,5456.565014648438,5550.184956521699,5362.945072775176,-0.77655263740255
2010-08-26,5477.89990234375,5477.89990234375,5486.5498046875,5454.7001953125,5462.10009765625,0,5460.0150146484375,5389.89,5478.322126374507,5444.993822839076,33.32830353543159,36.177804148526754,54.4389449493437,5460.0150146484375,5551.295333279539,5368.734696017336,0.28467242870742204
2010-08-27,5408.7001953125,5408.7001953125,5495.2001953125,5391.9501953125,5489.60009765625,0,5462.07001953125,5392.812001953125,5467.611060057276,5442.305405985256,25.305654072019934,34.00337413322539,41.538323658039815,5462.07001953125,5546.1573070166105,5377.98273204589,-1.2632524921027177
2010-08-30,5415.4501953125,5415.4501953125,5469.0,5390.35009765625,5408.89990234375,0,5461.260034179688,5394.055009765625,5459.586311635002,5440.316131120608,19.27018051439427,31.05673540945917,44.845656695996524,5461.260034179688,5546.879257991508,5375.640810367868,0.12479893054249125
2010-08-31,5402.39990234375,5402.39990234375,5413.89990234375,5348.89990234375,5413.5498046875,0,5459.4025390625,5395.77201171875,5450.788402513271,5437.507521581581,13.280880931689353,27.501564513905205,47.7907042908015,5459.4025390625,5548.544377372479,5370.260700752521,-0.24098260528822024
2010-09-01,5471.85009765625,5471.85009765625,5478.60009765625,5403.0498046875,5403.0498046875,0,5459.6025390625,5398.746015625,5454.028663304498,5440.051416105631,13.97724719886719,24.796701050897603,55.80467550114755,5459.6025390625,5548.8420751683525,5370.3630029566475,1.2855433986360465
2010-09-02,5486.14990234375,5486.14990234375,5513.9501953125,5471.85009765625,5471.89990234375,0,5461.555029296875,5402.05701171875,5458.9703923874595,5443.4661187899355,15.504273597523934,22.938215560222872,53.73475495457282,5461.555029296875,5551.349833289796,5371.760225303953,0.2613339991463848
2010-09-03,5479.39990234375,5479.39990234375,5510.39990234375,5473.64990234375,5486.2998046875,0,5463.562524414063,5406.264013671875,5462.113393919197,5446.127880534663,15.985513384533988,21.547675125085096,57.124540101550586,5463.562524414063,5553.05240251717,5374.072646310956,-0.12303710471193163
2010-09-06,5576.9501953125,5576.9501953125,5589.39990234375,5479.5498046875,5479.5498046875,0,5468.1025390625,5411.133017578125,5479.780594133551,5455.818422370058,23.962171763492734,22.030574452766622,65.58790500314643,5468.1025390625,5570.674127879071,5365.530950245929,1.780309791351864
2010-09-07,5604.0,5604.0,5625.5,5571.64990234375,5575.89990234375,0,5475.267529296875,5418.09001953125,5498.891271959159,5466.794835527832,32.096436431326765,24.043746848478655,62.89106574774766,5475.267529296875,5594.35264255518,5356.18241603857,0.4850286220995148
2010-09-08,5607.85009765625,5607.85009765625,5625.2998046875,5567.75,5604.25,0,5484.630029296875,5423.997021484375,5515.65416822025,5477.2433734632705,38.41079475697916,26.917156430178757,57.92060132700815,5484.630029296875,5614.567249906931,5354.69280868682,0.06870267052552226
2010-09-09,5640.0498046875,5640.0498046875,5647.4501953125,5608.10009765625,5608.2998046875,0,5495.810009765625,5431.77001953125,5534.7919584459805,5489.30310910951,45.488849336470594,30.631495011437124,62.16366173173287,5495.810009765625,5638.862788931818,5352.757230599433,0.5741898672489087
2010-09-13,5760.0,5760.0,5770.60009765625,5639.2001953125,5639.2001953125,0,5511.205004882812,5442.228017578125,5569.439349454291,5509.354730656954,60.08461879733659,36.52211976861702,69.44145796903692,5511.205004882812,5694.938301730129,5327.471708035496,2.126757732047113
2010-09-14,5795.5498046875,5795.5498046875,5838.4501953125,5760.2998046875,5760.2998046875,0,5530.0675048828125,5453.421015625,5604.225573336323,5530.554365770327,73.67120756599525,43.95193732809267,76.21625242730428,5530.0675048828125,5747.930258196601,5312.204751569024,0.6171841091579866
2010-09-15,5860.9501953125,5860.9501953125,5869.4501953125,5792.2001953125,5795.25,0,5552.40751953125,5464.8590234375,5643.721669024965,5555.0281309216,88.69353810336543,52.90025748314723,84.56469217369802,5552.40751953125,5808.499522219711,5296.315516842788,1.1284587800816315
2010-09-16,5828.7001953125,5828.7001953125,5901.64990234375,5815.7998046875,5861.10009765625,0,5569.885034179688,5476.611025390625,5672.179903838432,5575.3001356912955,96.87976814713693,61.69615961594517,79.56346871273391,5569.885034179688,5851.377853418129,5288.3922149412465,-0.5502520739008032
2010-09-17,5884.9501953125,5884.9501953125,5898.39990234375,5828.7001953125,5828.7001953125,0,5587.122534179687,5488.37302734375,5704.913794834442,5598.237177144718,106.67661768972448,70.69225123070103,91.0312328047937,5587.122534179687,5901.287667616295,5272.957400743079,0.9650522091569691
2010-09-20,5980.4501953125,5980.4501953125,5989.5,5885.0498046875,5885.0498046875,0,5609.612548828125,5500.93302734375,5747.304010292605,5626.549252564553,120.75475772805203,80.70475253017123,92.22085676463419,5609.612548828125,5968.037523949876,5251.187573706374,1.622783487208923
2010-09-21,6009.0498046875,6009.0498046875,6032.7998046875,5961.85009765625,5980.5,0,5632.8900390625,5513.4540234375,5787.572594045666,5654.882626795883,132.68996724978297,91.10179547409359,94.30365799126065,5632.8900390625,6031.45790146912,5234.322176655881,0.4782183354259173
2010-09-22,5991.0,5991.0,6037.39990234375,5946.4501953125,6008.39990234375,0,5657.185034179687,5525.261025390625,5818.86911803864,5679.780209996187,139.0889080424531,100.6992179877655,90.99094375412042,5657.185034179687,6081.368499631835,5233.001568727539,-0.30037701923222304
2010-09-23,5959.5498046875,5959.5498046875,6006.7998046875,5932.39990234375,5991.0498046875,0,5682.04501953125,5536.7290234375,5840.512300600004,5700.503883677025,140.00841692297854,108.5610577748081,86.39298688682368,5682.04501953125,6116.308723855747,5247.781315206752,-0.5249573579118705
2010-09-24,6018.2998046875,6018.2998046875,6029.10009765625,5951.2001953125,5959.4501953125,0,5709.065014648438,5549.52001953125,5867.864224305772,5724.044322270394,143.8199020353777,115.61282662692204,88.36133095588158,5709.065014648438,6156.8828893277905,5261.247139969085,0.985812719507595
2010-09-27,6035.64990234375,6035.64990234375,6073.5,6018.2998046875,6018.2998046875,0,5740.4125,5562.35501953125,5893.677405542384,5747.126217090643,146.55118845174093,121.80049899188583,86.86113171122176,5740.4125,6187.474111110168,5293.350888889832,0.288289022137711
2010-09-28,6029.5,6029.5,6049.7998046875,5991.2998046875,6036.0498046875,0,5771.114990234375,5575.216015625,5914.573189305094,5768.042793602447,146.53039570264718,126.7464783340381,85.38168453431774,5771.114990234375,6208.444836765171,5333.785143703579,-0.10189296004995407
2010-09-29,5991.2998046875,5991.2998046875,6071.5498046875,5979.64990234375,6029.14990234375,0,5800.559985351562,5587.68201171875,5926.377283979311,5784.580349979118,141.79693400019278,129.75656946726903,80.16202044690051,5800.559985351562,6211.8897944739465,5389.230176229178,-0.6335549434032695
2010-09-30,6029.9501953125,6029.9501953125,6048.4501953125,5963.60009765625,5991.35009765625,0,5828.464990234375,5600.294013671875,5942.311578030571,5802.755894077887,139.55568395268347,131.71639236435192,80.3613171490667,5828.464990234375,6221.204062205946,5435.725918262805,0.6451086055610178
2010-10-01,6143.39990234375,6143.39990234375,6153.10009765625,6030.2998046875,6030.2998046875,0,5861.327490234375,5614.3230078125,5973.248243309521,5827.988783579062,145.25945973045873,134.42500583757328,80.16046597204138,5861.327490234375,6243.306933038894,5479.348047429855,1.8814368834993322
2010-10-04,6159.4501953125,6159.4501953125,6222.10009765625,6144.7001953125,6144.7001953125,0,5895.330004882812,5628.530009765625,6001.894697463826,5852.541480744502,149.35321671932343,137.41064801392332,79.53254703298688,5895.330004882812,6254.554152701923,5536.1058570637015,0.26126075501982093
2010-10-05,6145.7998046875,6145.7998046875,6188.35009765625,6118.0498046875,6159.4501953125,0,5923.772485351563,5643.07400390625,6024.033944729006,5874.264319555095,149.76962517391075,139.8824434459208,75.2369375059483,5923.772485351563,6266.559627638097,5580.985343065029,-0.2216170306140075
2010-10-06,6186.4501953125,6186.4501953125,6223.39990234375,6148.60009765625,6150.9501953125,0,5952.894995117187,5658.191005859375,6049.021060203389,5897.389199240829,151.6318609625605,142.23232694924877,81.23085028567921,5952.894995117187,6279.898002918265,5625.891987316109,0.6614336932028841
2010-10-07,6120.2998046875,6120.2998046875,6199.4501953125,6107.5,6186.85009765625,0,5978.51748046875,5672.646005859375,6059.987020893253,5913.901095940582,146.08592495267112,143.00304654993326,70.19643500632715,5978.51748046875,6270.068775104743,5686.966185832758,-1.069278641815019
2010-10-08,6103.4501953125,6103.4501953125,6148.60009765625,6067.0,6121.39990234375,0,6001.6875,5686.53701171875,6066.673663111599,5927.941769968132,138.73189314346746,142.1488158686401,62.20235730880047,6001.6875,6250.504095848821,5752.870904151179,-0.27530692797262946
2010-10-11,6135.85009765625,6135.85009765625,6187.75,6105.9501953125,6105.9501953125,0,6020.480004882813,5701.90201171875,6077.316191503084,5943.342386833918,133.97380466916638,140.51381362874537,62.48522803869701,6020.480004882813,6248.327903093201,5792.632106672425,0.5308456906657932
2010-10-12,6090.89990234375,6090.89990234375,6144.9501953125,6057.9501953125,6135.9501953125,0,6035.247509765625,5715.08701171875,6079.405993170879,5954.272573167979,125.13342000289958,137.4377349035762,59.34164879108075,6035.247509765625,6238.690733659177,5831.804285872074,-0.7325830096414854
2010-10-13,6233.89990234375,6233.89990234375,6240.25,6089.75,6091.4501953125,0,6053.894995117187,5730.974013671875,6103.174286889782,5974.985708662481,128.18857822730115,135.5879035683212,71.22626505168402,6053.894995117187,6258.436631829057,5849.3533584053175,2.3477647357982967
2010-10-14,6177.35009765625,6177.35009765625,6284.10009765625,6157.89990234375,6234.2998046875,0,6071.327490234375,5745.164013671875,6114.585950084624,5989.97566340276,124.61028668186373,133.3923801910297,62.34764222144218,6071.327490234375,6253.234182464092,5889.420798004658,-0.9071336654962847
2010-10-15,6062.64990234375,6062.64990234375,6200.60009765625,6050.35009765625,6175.89990234375,0,6080.212475585938,5757.475009765625,6106.595788893719,5995.358940361351,111.23684853236773,128.9612738592973,51.8208760595104,6080.212475585938,6239.776128877326,5920.648822294549,-1.8567863808790497
2010-10-18,6075.9501953125,6075.9501953125,6115.10009765625,5985.10009765625,6112.75,0,6084.987475585937,5770.209013671875,6101.881082188916,6001.328662950325,100.55241923859012,123.27950293515588,53.10267091271296,6084.987475585937,6237.5427627949875,5932.432188376887,0.21938085132719998
2010-10-19,6027.2998046875,6027.2998046875,6127.0498046875,6008.14990234375,6114.4501953125,0,6085.899975585938,5781.03201171875,6090.407039496389,6003.252451227153,87.15458826923623,116.05452000197195,52.37153539933454,6085.899975585938,6236.751581826555,5935.048369345321,-0.8007042365576478
2010-10-20,5982.10009765625,5982.10009765625,6038.10009765625,5966.75,6002.9501953125,0,6085.45498046875,5791.460009765625,6073.744433059444,6001.685610221901,72.05882283754363,107.2553805690863,46.874794702806206,6085.45498046875,6237.53282246834,5933.377138469161,-0.7499163555145794
2010-10-21,6101.5,6101.5,6113.5,5984.89990234375,6008.89990234375,0,6092.552490234375,5805.0780078125,6078.014520281068,6009.079268723982,68.9352515570863,99.59135476668631,47.284522178306176,6092.552490234375,6232.668434024722,5952.436546444028,1.995952932825884
2010-10-22,6066.0498046875,6066.0498046875,6121.10009765625,6041.35009765625,6113.39990234375,0,6094.939990234375,5818.07,6076.173794805135,6013.299308424983,62.87448638015212,92.24798108937948,44.09531994127547,6094.939990234375,6231.305749943912,5958.574230524838,-0.5810078720396628
2010-10-25,6105.7998046875,6105.7998046875,6151.2998046875,6094.60009765625,6101.25,0,6098.447485351562,5831.143994140625,6080.731642479345,6020.151197037021,60.58044544232416,85.91447395996842,47.55202250991802,6098.447485351562,6231.97120105184,5964.923769651285,0.6552864100997535
2010-10-26,6082.0,6082.0,6120.25,6074.64990234375,6116.2998046875,0,6101.072485351562,5844.417998046875,6080.9267744056,6024.7325898490935,56.194184556506116,79.97041607927596,43.47308977560371,6101.072485351562,6230.90210580328,5971.242864899844,-0.3897901249436453
2010-10-27,6012.64990234375,6012.64990234375,6075.9501953125,5987.5498046875,6075.4501953125,0,6102.139990234375,5856.387998046875,6070.422640242237,6023.837575959809,46.58506428242799,73.29334571990637,43.29993842922187,6102.139990234375,6228.473250078602,5975.806730390147,-1.1402515234503419
2010-10-28,5987.7001953125,5987.7001953125,6071.10009765625,5968.10009765625,6039.9501953125,0,6100.027490234375,5866.55900390625,6057.696110253047,6021.160732948898,36.535377304148824,65.94175203675486,42.86770767518127,6100.027490234375,6232.697469882752,5967.357510585999,-0.41495359677476973
2010-10-29,6017.7001953125,6017.7001953125,6032.64990234375,5937.10009765625,6021.14990234375,0,6093.742504882813,5876.10900390625,6051.542892569886,6020.904396827683,30.638495742203304,58.88110077784456,42.69823499413073,6093.742504882813,6229.631688189699,5957.853321575926,0.5010270892234381
2010-11-01,6117.5498046875,6117.5498046875,6132.39990234375,6084.75,6092.2998046875,0,6091.647485351563,5887.847001953125,6061.697802126442,6028.06331592841,33.63448619803239,53.83177786188213,51.54232949712581,6091.647485351563,6224.530011999625,5958.764958703501,1.6592652696918675
2010-11-02,6119.0,6119.0,6138.10009765625,6094.39990234375,6127.5498046875,0,6090.3074951171875,5899.357001953125,6070.51352487622,6034.7993666003795,35.71415827584042,50.208253944673785,42.04734787678062,6090.3074951171875,6221.419470451523,5959.195519782852,0.0237054925386726
2010-11-03,6160.5,6160.5,6182.5,6146.7998046875,6150.60009765625,0,6089.009985351562,5912.465,6084.357597972185,6044.11052462998,40.24707334220511,48.21601782418006,48.808928017958756,6089.009985351562,6216.581687518477,5961.438283184647,0.6782153946723213
2010-11-04,6281.7998046875,6281.7998046875,6290.14990234375,6199.35009765625,6209.60009765625,0,6097.084985351563,5928.853994140625,6114.733322082234,6061.717137967575,53.016184114659154,49.17605108227588,65.34771288407839,6097.084985351563,6250.7687415153405,5943.401229187785,1.9689928526499534
2010-11-08,6273.2001953125,6273.2001953125,6335.89990234375,6265.35009765625,6335.25,0,6105.572485351562,5944.76,6139.112841040736,6077.382549622755,61.73029141798179,51.686899149417066,63.905553161285525,6105.572485351562,6278.305384404663,5932.839586298462,-0.13689722121649206
2010-11-09,6301.5498046875,6301.5498046875,6310.89990234375,6243.5498046875,6281.0,0,6113.857470703125,5962.6169921875,6164.103143140239,6093.987531479403,70.1156116608363,55.37264165170092,69.9035270871162,6113.857470703125,6307.352562284735,5920.362379121515,0.45191622285836175
2010-11-10,6275.7001953125,6275.7001953125,6307.64990234375,6269.25,6303.2001953125,0,6123.097485351563,5979.8219921875,6181.27192039751,6107.447728800373,73.82419159713754,59.06295164078825,71.92360448234096,6123.097485351563,6329.2145317439745,5916.980438959151,-0.4102103478698438
2010-11-11,6194.25,6194.25,6296.5498046875,6179.5,6286.35009765625,0,6121.114990234375,5995.658994140625,6183.268548028662,6113.877526667012,69.39102136165002,61.128565584960604,57.34190053307937,6121.114990234375,6323.473205109808,5918.756775358942,-1.2978662583871925
2010-11-12,6071.64990234375,6071.64990234375,6202.5,6056.75,6182.2998046875,0,6115.82998046875,6007.654990234375,6166.096448692522,6110.749554494919,55.34689419760343,59.972231307489174,50.38954581179662,6115.82998046875,6317.524280106276,5914.135680831225,-1.9792565307543253
2010-11-15,6121.60009765625,6121.60009765625,6128.75,6039.39990234375,6079.89990234375,0,6118.777490234375,6020.363994140625,6159.250856225403,6111.553298432795,47.69755779260868,57.51729660451308,51.08369854031074,6118.777490234375,6318.9165062215,5918.638474247251,0.8226791089060992
2010-11-16,5988.7001953125,5988.7001953125,6144.0498046875,5970.60009765625,6143.4501953125,0,6114.414990234375,6030.55,6133.012293008034,6102.453068572032,30.559224436002296,52.125682170810926,44.43384101615799,6114.414990234375,6322.144328055577,5906.685652413174,-2.1709994155716394
2010-11-18,5998.7998046875,5998.7998046875,6076.2001953125,5906.75,6075.9501953125,0,6112.989990234375,6038.9869921875,6112.364217881798,6094.775049025029,17.589168856768993,45.21837950800254,49.110860200829926,6112.989990234375,6323.606490106055,5902.373490362695,0.16864443110551353
2010-11-19,5890.2998046875,5890.2998046875,6013.25,5863.9501953125,6011.2998046875,0,6108.399975585938,6044.71298828125,6078.200462005752,6079.628734629657,-1.4282726239043768,35.88904908162116,44.35293558118257,6108.399975585938,6334.461966458386,5882.337984713489,-1.8086951312363708
2010-11-22,6010.0,6010.0,6020.25,5905.14990234375,5920.89990234375,0,6103.824975585938,6052.755986328125,6067.708083235637,6074.471050583015,-6.762967347378435,27.358645795821243,49.59561987344979,6103.824975585938,6334.138467061315,5873.511484110561,2.0321579424062985
2010-11-23,5934.75,5934.75,5973.35009765625,5824.9501953125,5971.5498046875,0,6097.259985351562,6058.649990234375,6047.252993507078,6064.121343132422,-16.868349625344308,18.51324671158813,40.145552713899,6097.259985351562,6339.294279392469,5855.225691310655,-1.2520798668885225
2010-11-24,5865.75,5865.75,5976.64990234375,5833.60009765625,5946.7998046875,0,6085.257495117187,6060.764990234375,6019.329456044451,6049.427169567058,-30.097713522606682,8.791054664749169,37.274493831764694,6085.257495117187,6348.39668060178,5822.118309632595,-1.162643750789838
2010-11-25,5799.75,5799.75,5907.10009765625,5780.35009765625,5883.9501953125,0,6071.144995117187,6060.848994140625,5985.548001268381,6030.932564413943,-45.384563145561515,-2.044068897312968,32.30835100544243,6071.144995117187,6363.655458203735,5778.634532030639,-1.1251758087201136
2010-11-26,5751.9501953125,5751.9501953125,5838.5,5690.35009765625,5828.5498046875,0,6058.110009765625,6058.668994140625,5949.609877275169,6010.2672037397615,-60.65732646459219,-13.766720410768812,21.996709174878248,6058.110009765625,6383.034839875196,5733.185179656055,-0.8241700881503555
2010-11-29,5830.0,5830.0,5843.14990234375,5754.7001953125,5789.9501953125,0,6050.225,6058.694990234375,5931.208357694374,5996.914077536817,-65.7057198424427,-24.154520297103595,28.178206719871994,6050.225,6389.673424671588,5710.776575328413,1.356927686041276
2010-11-30,5862.7001953125,5862.7001953125,5892.25,5768.35009765625,5811.60009765625,0,6042.475,6058.249990234375,5920.668640404855,5986.972308483164,-66.30366807830887,-32.584349853344655,28.48459197606877,6042.475,6391.978797512758,5692.971202487242,0.5608952883790819
2010-12-01,5960.89990234375,5960.89990234375,5971.0,5865.5498046875,5871.0,0,6034.642504882812,6057.858984375,5926.858065318531,5985.041019139504,-58.182953820973125,-37.70407064687035,35.588702737138576,6034.642504882812,6384.0834439250075,5685.201565840617,1.6749911092121872
2010-12-02,6011.7001953125,6011.7001953125,6029.5,5980.60009765625,6023.0498046875,0,6029.277514648437,6057.9119921875,5939.9107007022185,5987.015772930096,-47.10507222787783,-39.584270963071845,41.40173151172878,6029.277514648437,6376.553260419934,5682.00176887694,0.852225231106063
2010-12-03,5992.7998046875,5992.7998046875,6025.39990234375,5964.25,6013.35009765625,0,6020.892504882812,6057.94798828125,5948.047485930723,5987.444219726941,-39.39673379621763,-39.546763529701,45.88400638841154,6020.892504882812,6362.885801829196,5678.899207936429,-0.31439343298818034
2010-12-06,5992.25,5992.25,6069.4501953125,5981.7001953125,6033.64990234375,0,6006.415014648437,6058.6019921875,5954.847872710612,5987.800203450871,-32.95233074025873,-38.22787697181255,42.88072324449545,6006.415014648437,6325.6618393095905,5687.168189987284,-0.009174421062252414
2010-12-07,5976.5498046875,5976.5498046875,6001.0,5939.7001953125,5995.0498046875,0,5991.582495117187,6057.7669921875,5958.186631476287,5986.96684057951,-28.78020910322266,-36.33834339809457,49.23220280410742,5991.582495117187,6285.173892864482,5697.9910973698925,-0.26200834932621486
2010-12-08,5903.7001953125,5903.7001953125,5960.0,5878.60009765625,5954.39990234375,0,5971.690014648438,6055.127998046875,5949.804102835705,5980.798940930102,-30.994838094396982,-35.26964233735505,44.432107179449645,5971.690014648438,6228.455284057952,5714.924745238924,-1.2189241578454357
2010-12-09,5766.5,5766.5,5927.2998046875,5742.2998046875,5924.25,0,5946.230004882813,6049.867998046875,5921.603471630211,5964.924945305649,-43.32147367543803,-36.88000860497165,42.98743756119418,5946.230004882813,6175.589032655838,5716.870977109787,-2.3239695576248276
2010-12-10,5857.35009765625,5857.35009765625,5865.5,5721.14990234375,5761.0,0,5929.385009765625,6047.18900390625,5911.718337172679,5956.9564380723605,-45.23810089968174,-38.55162706391367,41.06108304240044,5929.385009765625,6129.693755624247,5729.076263907003,1.5754807535983684
2010-12-13,5907.64990234375,5907.64990234375,5913.7998046875,5795.89990234375,5882.64990234375,0,5921.185009765625,6044.742998046875,5911.092424122075,5953.304102092463,-42.21167797038834,-39.2836372452086,48.365297330858446,5921.185009765625,6110.073941293226,5732.296078238024,0.8587467685707617
2010-12-14,5944.10009765625,5944.10009765625,5953.9501953125,5888.75,5928.7001953125,0,5912.310009765625,6040.757001953125,5916.170527742717,5952.6223239860765,-36.45179624335924,-38.71726904483873,54.91932492297317,5912.310009765625,6076.632520927198,5747.987498604052,0.6169999223894163
2010-12-15,5892.2998046875,5892.2998046875,5942.75,5865.7998046875,5931.14990234375,0,5907.489990234375,6035.413994140625,5912.498108811145,5948.153989223219,-35.6558804120732,-38.10499131828563,55.91636888486019,5907.489990234375,6067.988727758426,5746.991252710324,-0.8714572789441211
2010-12-16,5948.75,5948.75,5956.14990234375,5855.0498046875,5910.5498046875,0,5904.9875,6031.472998046875,5918.0753228402,5948.198138169647,-30.122815329446894,-36.50855612051788,62.44307095754402,5904.9875,6060.989470021502,5748.985529978499,0.9580333177818368
2010-12-20,5947.0498046875,5947.0498046875,5985.0,5900.25,5926.85009765625,0,5907.825,6026.684990234375,5922.532935432092,5948.113076430229,-25.580140998136812,-34.32287309604167,58.19158882337022,5907.825,6064.763741349228,5750.886258650771,-0.02858071548644814
2010-12-21,6000.64990234375,6000.64990234375,6007.4501953125,5960.0498046875,5960.39990234375,0,5907.357495117188,6024.2919921875,5934.550930341578,5952.004693164564,-17.45376282298548,-30.94905104143043,59.37985350587883,5907.357495117188,6063.065562853373,5751.649427381002,0.9012888645056005
2010-12-22,5984.39990234375,5984.39990234375,6023.7998046875,5958.0,6019.0,0,5909.839990234375,6021.910986328125,5942.220002957297,5954.404338288948,-12.1843353316508,-27.196107899474505,51.798282126432746,5909.839990234375,6068.933268896541,5750.746711572209,-0.2708040006408785
2010-12-23,5980.0,5980.0,6006.4501953125,5964.60009765625,6005.89990234375,0,5915.552490234375,6018.793984375,5948.032310194636,5956.300313230507,-8.268003035870606,-23.410486926753727,47.38878547675318,5915.552490234375,6076.177280452523,5754.927700016227,-0.0735228663784171
2010-12-24,6011.60009765625,6011.60009765625,6017.35009765625,5940.25,5940.25,0,5926.144995117187,6017.20798828125,5957.8119698041155,5960.396593558339,-2.584623754223685,-19.24531429224772,51.5168849628924,5926.144995117187,6082.499813135354,5769.79017709902,0.5284297266931359
2010-12-27,5998.10009765625,5998.10009765625,6045.75,5991.10009765625,6013.2998046875,0,5938.452490234375,6012.4919921875,5964.010143319829,5963.18944571374,0.8206976060891975,-15.232111912580338,50.46234802252736,5938.452490234375,6074.507168166536,5802.397812302213,-0.22456583572921796
2010-12-28,5996.0,5996.0,6010.89990234375,5982.25,6005.35009765625,0,5946.752490234375,6008.864990234375,5968.931659732163,5965.619857142351,3.3118025898120322,-11.523329012101865,51.570969288918896,5946.752490234375,6074.978139472041,5818.526840996708,-0.035012714393856115
2010-12-29,6060.35009765625,6060.35009765625,6067.5498046875,6002.85009765625,6005.14990234375,0,5956.634985351562,6008.818994140625,5982.996034797407,5972.636911995232,10.35912280217508,-7.146838649246477,62.82856249435186,5956.634985351562,6088.012292746404,5825.257677956721,1.0732171056746065
2010-12-30,6101.85009765625,6101.85009765625,6106.39990234375,6062.35009765625,6062.35009765625,0,5963.6824951171875,6009.3369921875,6001.281275237229,5982.208259081233,19.0730161559959,-1.9028676881980013,82.56767970865361,5963.6824951171875,6110.265237487491,5817.099752746884,0.684778920875373
2010-12-31,6134.5,6134.5,6147.2998046875,6103.5498046875,6105.10009765625,0,5969.822485351562,6011.48099609375,6021.7764636622705,5993.48912877892,28.287334883350923,4.135172826111784,80.3459289301673,5969.822485351562,6134.09428038366,5805.550690319465,0.5350820131797551
2011-01-03,6157.60009765625,6157.60009765625,6178.5498046875,6147.2001953125,6177.4501953125,0,5978.0625,6014.99099609375,6042.672407353652,6005.6454968439075,37.026910509744084,10.713520362838244,79.10111925195221,5978.0625,6162.484399147992,5793.640600852008,0.37656039866738045
2011-01-04,6146.35009765625,6146.35009765625,6181.0498046875,6124.39990234375,6172.75,0,5985.767504882812,6015.887998046875,6058.622821246359,6016.068059867044,42.554761379315096,17.081768566133615,75.01540029906776,5985.767504882812,6184.969287568347,5786.565722197278,-0.1827010494605208
2011-01-05,6079.7998046875,6079.7998046875,6141.35009765625,6062.35009765625,6141.35009765625,0,5990.930004882813,6016.162998046875,6061.880818698843,6020.788929853744,41.091888845098765,21.883792621926645,72.37464952209146,5990.930004882813,6194.431197355132,5787.428812410493,-1.0827611820245497
2011-01-06,6048.25,6048.25,6116.14990234375,6022.2998046875,6107.0,0,5998.157495117188,6015.012001953125,6059.783769668252,6022.823083197911,36.96068647034099,24.899171391609517,62.623680800081274,5998.157495117188,6198.862726850675,5797.4522633837005,-0.518928347988945
2011-01-07,5904.60009765625,5904.60009765625,6051.2001953125,5883.60009765625,6030.89990234375,0,6005.0625,6011.46400390625,6035.9093585894825,6014.065825009639,21.843533579843097,24.288043829256235,46.040510789001225,6005.0625,6180.0671690755935,5830.0578309244065,-2.375065553569211
2011-01-10,5762.85009765625,5762.85009765625,5907.25,5740.9501953125,5901.2998046875,0,6000.3375,6006.4680078125,5993.9002415228315,5995.457252613092,-1.5570110902608576,19.119032845352816,30.951639676398386,6000.3375,6196.01601937335,5804.658980626649,-2.4006706238457354
2011-01-11,5754.10009765625,5754.10009765625,5842.60009765625,5698.2001953125,5767.9501953125,0,5992.660009765625,6001.796005859375,5957.007911697204,5977.578944838511,-20.571033141307453,11.181019648020762,31.32805807116695,5992.660009765625,6214.015111195279,5771.30490833597,-0.15183459315658565
2011-01-12,5863.25,5863.25,5874.2001953125,5711.2998046875,5800.0498046875,0,5988.617504882813,5998.707001953125,5942.583617589942,5969.110134109733,-26.526516519790675,3.6395124144584745,41.90865836903481,5988.617504882813,6216.561603783051,5760.673405982574,1.8969065621261771
2011-01-13,5751.89990234375,5751.89990234375,5857.75,5736.7001953125,5850.75,0,5981.597509765625,5991.39400390625,5913.247661398221,5953.020487312253,-39.77282591403218,-5.042955251239658,33.7930521714859,5981.597509765625,6229.780570561426,5733.414448969823,-1.8991190492687493
2011-01-14,5654.5498046875,5654.5498046875,5833.64990234375,5639.64990234375,5752.10009765625,0,5966.8875,5982.105,5873.447991135033,5930.911547858567,-57.463556723534566,-15.52707554569864,30.59148187972633,5966.8875,6254.940494088659,5678.834505911341,-1.6924859491484257
2011-01-17,5654.75,5654.75,5696.14990234375,5624.14990234375,5648.7998046875,0,5952.272509765625,5971.99,5839.802146345028,5910.455136906081,-70.65299056105323,-26.552258548769558,30.67996098838276,5952.272509765625,6272.434748614115,5632.110270917135,0.003540428847825794
2011-01-18,5724.0498046875,5724.0498046875,5730.5,5671.25,5682.5498046875,0,5938.4425048828125,5960.835,5821.994093782331,5896.64733451952,-74.65324073718875,-36.1724549864534,31.06630694804184,5938.4425048828125,6273.362190911574,5603.522818854051,1.2255149155577127
2011-01-19,5691.0498046875,5691.0498046875,5747.64990234375,5662.5498046875,5737.35009765625,0,5923.775,5949.1919921875,5801.848818536972,5881.4178878652965,-79.56906932832408,-44.85177785482754,26.64846251931114,5923.775,6275.493048910418,5572.056951089581,-0.576514899869951
2011-01-20,5711.60009765625,5711.60009765625,5729.4501953125,5634.5,5656.0,0,5910.355004882813,5937.392998046875,5787.964399939938,5868.838792294256,-80.87439235431793,-52.05630075472561,25.625379578654318,5910.355004882813,6273.341606446504,5547.368403319122,0.3610984558916286
2011-01-21,5696.5,5696.5,5717.5498046875,5674.5,5692.0498046875,0,5894.6,5925.808994140625,5773.892953795332,5856.0729558280145,-82.18000203268275,-58.081041010317044,23.17627482805068,5894.6,6266.331520850502,5522.868479149499,-0.2643759611679841
2011-01-24,5743.25,5743.25,5756.0,5697.75,5717.10009765625,0,5881.857495117188,5916.788994140625,5769.178653211435,5847.7156998407545,-78.53704662931978,-62.172242134117596,27.480453757608586,5881.857495117188,6256.113996165967,5507.600994068408,0.8206793645220811
2011-01-25,5687.39990234375,5687.39990234375,5801.5498046875,5680.64990234375,5763.2998046875,0,5866.427490234375,5909.103994140625,5756.597306924099,5835.840455581717,-79.2431486576179,-65.58642343881766,27.81297227515354,5866.427490234375,6246.274053078043,5486.580927390707,-0.9724476151351635
2011-01-27,5604.2998046875,5604.2998046875,5726.10009765625,5594.9501953125,5725.2998046875,0,5843.624975585937,5898.75798828125,5733.166921964622,5818.68929625622,-85.52237429159777,-69.5736136093737,26.280925503307373,5843.624975585937,6229.166851547477,5458.083099624398,-1.4611263333532243
2011-01-28,5512.14990234375,5512.14990234375,5614.39990234375,5459.5498046875,5614.0,0,5814.139965820313,5889.226982421875,5699.164303561411,5795.982674484926,-96.81837092351543,-75.02256507220204,27.811390552963587,5814.139965820313,6206.664923274202,5421.615008366423,-1.6442714621847099
2011-01-31,5505.89990234375,5505.89990234375,5526.85009765625,5416.64990234375,5452.5498046875,0,5782.7099609375,5879.368984375,5669.431318758693,5774.495061733727,-105.06374297503407,-81.03080065276845,32.84369404673569,5782.7099609375,6167.823678021196,5397.596243853804,-0.11338588591980336
2011-02-01,5417.2001953125,5417.2001953125,5539.14990234375,5402.0,5537.2998046875,0,5745.689965820313,5869.9069921875,5630.626530536202,5748.028775332155,-117.40224479595327,-88.30508948140542,29.675447438792546,5745.689965820313,6121.296115942967,5370.083815697659,-1.6109938176226635
2011-02-02,5432.0,5432.0,5490.60009765625,5415.64990234375,5469.5498046875,0,5709.9724609375,5858.3469921875,5600.068602761402,5724.619236418663,-124.55063365726073,-95.55419831657649,20.64130401541331,5709.9724609375,6060.156759891128,5359.788161983872,0.27320025389325764
2011-02-03,5526.75,5526.75,5532.64990234375,5418.0,5430.4501953125,0,5682.319970703125,5850.1869921875,5588.788817721186,5709.962255943206,-121.1734382220202,-100.67804629766525,34.3177633409221,5682.319970703125,5994.862332309687,5369.7776090965635,1.7442930780559696
2011-02-04,5395.75,5395.75,5556.2998046875,5369.0498046875,5519.89990234375,0,5649.694970703125,5840.7869921875,5559.090538071773,5686.687274021488,-127.59673594971446,-106.0617842280751,32.7811174525948,5649.694970703125,5936.573894847264,5362.816046558987,-2.370289953408422
2011-02-07,5396.0,5396.0,5440.35009765625,5376.9501953125,5430.14990234375,0,5624.264965820313,5832.7119921875,5533.999686060732,5665.154883353229,-131.15519729249718,-111.08046684095952,32.785572001606056,5624.264965820313,5906.128507928805,5342.40142371182,0.004633276189602853
2011-02-08,5312.5498046875,5312.5498046875,5432.35009765625,5303.39990234375,5432.35009765625,0,5601.749951171875,5823.923984375,5499.930473541773,5639.035988637249,-139.10551509547622,-116.68547649186287,23.129169711648217,5601.749951171875,5907.895944201665,5295.6039581420855,-1.5465195573109658
2011-02-09,5253.5498046875,5253.5498046875,5339.4501953125,5225.64990234375,5293.0498046875,0,5576.722436523438,5812.39498046875,5462.0257552565,5610.481456492823,-148.45570123632297,-123.0395214407549,22.36959125497563,5576.722436523438,5910.97753861962,5242.467334427256,-1.1105778236270236
2011-02-10,5225.7998046875,5225.7998046875,5272.60009765625,5196.7998046875,5246.0498046875,0,5544.849926757813,5799.65697265625,5425.683301322808,5581.986519322058,-156.30321799924968,-129.69226075245385,19.595672027024463,5544.849926757813,5885.57122338878,5204.128630126846,-0.5282142747602747
2011-02-11,5310.0,5310.0,5319.4501953125,5177.7001953125,5219.64990234375,0,5522.754931640625,5786.638974609375,5407.885870350068,5561.839369742645,-153.9534993925772,-134.54450848047853,27.736175115207374,5522.754931640625,5864.254189224286,5181.2556740569635,1.6112403547677623
2011-02-14,5456.0,5456.0,5463.7998046875,5340.25,5340.25,0,5512.82744140625,5775.524970703125,5415.288044142365,5553.999416428375,-138.71137228601037,-135.3778812415849,35.15120186094599,5512.82744140625,5849.707401288337,5175.947481524163,2.7495291902071672
2011-02-15,5481.0,5481.0,5506.5,5408.35009765625,5467.75,0,5504.13994140625,5765.288974609375,5425.397575812771,5548.592052248496,-123.19447643572494,-132.94120028041291,38.97907283911799,5504.13994140625,5834.50816667583,5173.77171613667,0.4582111436950198
2011-02-16,5481.7001953125,5481.7001953125,5504.7998046875,5460.35009765625,5467.60009765625,0,5492.0224609375,5755.077978515625,5434.059517274267,5543.637099882866,-109.57758260859919,-128.26847674605017,42.82203692183841,5492.0224609375,5805.789574658248,5178.255347216752,0.012774955528183085
2011-02-17,5546.4501953125,5546.4501953125,5553.0,5463.39990234375,5501.7001953125,0,5484.79248046875,5746.475986328125,5451.35039081861,5543.845477322098,-92.49508650348798,-121.11379869753775,52.074781570072716,5484.79248046875,5785.647962546644,5183.936998390856,1.1812028694194066
2011-02-18,5458.9501953125,5458.9501953125,5599.25,5441.9501953125,5557.5498046875,0,5472.159985351563,5737.580986328125,5452.5195915099775,5537.55693791398,-85.03734640400216,-113.89850823883064,47.41423682431397,5472.159985351563,5753.501182977521,5190.818787725604,-1.5775856073484529
2011-02-21,5518.60009765625,5518.60009765625,5526.25,5413.10009765625,5456.60009765625,0,5463.264990234375,5732.62298828125,5462.685823224789,5536.152727524519,-73.46690429973023,-105.81218745101057,55.76922328969659,5463.264990234375,5725.330451374931,5201.1995290938185,1.0926991492791194
2011-02-22,5469.2001953125,5469.2001953125,5519.4501953125,5437.2998046875,5504.39990234375,0,5449.5625,5724.859990234375,5463.688034315206,5531.1932806939985,-67.50524637879244,-98.15079923656695,52.036357532486136,5449.5625,5676.259798443151,5222.865201556849,-0.895152782763331
2011-02-23,5437.35009765625,5437.35009765625,5495.2001953125,5427.5498046875,5452.4501953125,0,5437.060009765625,5715.453994140625,5459.636044059982,5524.241933802313,-64.60588974233087,-91.44181733771975,44.744276836077105,5437.060009765625,5634.17962448187,5239.940395049381,-0.5823538455137944
2011-02-24,5262.7001953125,5262.7001953125,5423.39990234375,5242.5,5408.75,0,5419.980029296875,5701.82599609375,5429.3382211757535,5504.868471691957,-75.53025051620352,-88.25950397341651,42.55998733085047,5419.980029296875,5615.274332518986,5224.685726074764,-3.2120407773454263
2011-02-25,5303.5498046875,5303.5498046875,5338.2001953125,5232.75,5321.0498046875,0,5409.550024414062,5690.05099609375,5409.986157100638,5489.955977839774,-79.9698207391366,-86.60156732656054,45.05481704667022,5409.550024414062,5606.393199933267,5212.706848894857,0.7762100795972504
2011-02-28,5333.25,5333.25,5477.0,5308.60009765625,5330.14990234375,0,5400.917529296875,5677.74099609375,5398.18059446977,5478.348127629421,-80.1675331596507,-85.31476049317857,51.17481244679341,5400.917529296875,5595.094532171143,5206.740526422606,0.5600059659334189
2011-03-01,5522.2998046875,5522.2998046875,5533.0498046875,5373.5498046875,5382.0,0,5406.172509765625,5669.24599609375,5417.275857580189,5481.603807411501,-64.32794983131225,-81.11739836080531,63.290641012638666,5406.172509765625,5607.752375242392,5204.5926442888585,3.544739224441007
2011-03-03,5536.2001953125,5536.2001953125,5570.75,5468.25,5478.4501953125,0,5411.38251953125,5659.957001953125,5435.571909539007,5485.647984293057,-50.07607475404984,-74.90913363945421,65.56359455624292,5411.38251953125,5620.999140009514,5201.765899052986,0.25171379889952217
2011-03-04,5538.75,5538.75,5608.2001953125,5524.10009765625,5586.2001953125,0,5411.98251953125,5651.04400390625,5451.445461917621,5489.581466938015,-38.136005020393895,-67.55450791564215,62.49249351749237,5411.98251953125,5623.053211375779,5200.91182768672,0.04605694515271708
2011-03-07,5463.14990234375,5463.14990234375,5491.25,5408.4501953125,5490.0498046875,0,5415.352514648437,5640.707001953125,5453.246145060103,5487.623573264366,-34.3774282042632,-60.919091973366356,50.422996105420005,5415.352514648437,5627.4815441869205,5203.223485109954,-1.3649306730986188
2011-03-08,5520.7998046875,5520.7998046875,5530.5498046875,5464.75,5466.10009765625,0,5421.592504882812,5630.89099609375,5463.639015772011,5490.081071888302,-26.442056116291496,-54.02368480195139,52.26702059370296,5421.592504882812,5638.610479477846,5204.5745302877785,1.0552502379445494
2011-03-09,5531.0,5531.0,5563.2998046875,5477.4501953125,5542.39990234375,0,5432.5150146484375,5621.548994140625,5474.0022441147785,5493.11210360028,-19.109859485501147,-47.040919738661344,52.778080442881596,5432.5150146484375,5648.411418310568,5216.618610986307,0.18475937678159582
2011-03-10,5494.39990234375,5494.39990234375,5516.2998046875,5468.4501953125,5516.10009765625,0,5444.55751953125,5611.5169921875,5477.140345380774,5493.207496099796,-16.06715071902181,-40.846165934733435,46.97082588109726,5444.55751953125,5644.71757431073,5244.397464751771,-0.6617265893373747
2011-03-11,5445.4501953125,5445.4501953125,5502.7001953125,5411.5498046875,5456.14990234375,0,5455.5400390625,5599.218994140625,5472.264937677963,5489.6699182637,-17.404980585737576,-36.15792886493426,49.17743075637812,5455.5400390625,5627.242210906406,5283.837867218594,-0.8909017891174931
2011-03-14,5531.5,5531.5,5537.2998046875,5434.25,5436.5,0,5466.6150390625,5587.8119921875,5481.378024189045,5492.768442836759,-11.390418647713886,-31.20442682149019,50.76150589022025,5466.6150390625,5626.991353313768,5306.238724811232,1.5802147040399506
2011-03-15,5449.64990234375,5449.64990234375,5497.85009765625,5373.64990234375,5420.0,0,5466.297534179687,5574.114990234375,5476.496774674385,5489.574476874314,-13.077702199929263,-27.579081897178007,48.88849283748438,5466.297534179687,5626.787436104013,5305.807632255362,-1.4797088973379724
2011-03-16,5511.14990234375,5511.14990234375,5535.10009765625,5475.9501953125,5475.9501953125,0,5467.805029296875,5561.185986328125,5481.828025085057,5491.172656538717,-9.34463145366044,-23.932191808474496,54.05895041238863,5467.805029296875,5629.438736400077,5306.1713221936725,1.1285128604967998
2011-03-17,5446.64990234375,5446.64990234375,5510.0498046875,5435.2998046875,5455.39990234375,0,5466.052514648438,5547.191982421875,5476.416006201778,5487.8746747464975,-11.45866854471933,-21.437487155723463,61.51197036636845,5466.052514648438,5627.811887693438,5304.293141603438,-1.1703546654132868
2011-03-18,5373.7001953125,5373.7001953125,5483.0498046875,5366.39990234375,5475.35009765625,0,5457.415014648437,5533.069990234375,5460.613573757274,5479.417305899535,-18.803732142260742,-20.910736153030918,54.220588840122446,5457.415014648437,5619.546855641564,5295.28317365531,-1.3393500287187332
2011-03-21,5364.75,5364.75,5413.2998046875,5348.2001953125,5408.75,0,5452.705004882812,5519.399990234375,5445.865331640771,5470.923431388458,-25.058099747687265,-21.74020887196219,51.94372501497444,5452.705004882812,5620.038740225927,5285.371269539698,-0.16655553877581442
2011-03-22,5413.85009765625,5413.85009765625,5428.14990234375,5376.14990234375,5390.85009765625,0,5447.467504882812,5509.584990234375,5440.939911027767,5466.695777037925,-25.75586601015766,-22.543340299601283,41.910965075531166,5447.467504882812,5612.660637537573,5282.274372228051,0.9152355218090324
2011-03-23,5480.25,5480.25,5484.9501953125,5401.9501953125,5411.39990234375,0,5448.019995117187,5503.93298828125,5446.987617023496,5467.699793553634,-20.712176530138095,-22.177107545708644,46.129886868108265,5448.019995117187,5613.592647229729,5282.4473430046455,1.2264820995412373
2011-03-24,5522.39990234375,5522.39990234375,5529.0,5496.10009765625,5501.7998046875,0,5452.272485351563,5499.298984375,5458.589507072766,5471.751653464013,-13.162146391247006,-20.374115314816315,48.92779172806608,5452.272485351563,5621.029420665949,5283.515550037177,0.769123714132558
2011-03-25,5654.25,5654.25,5667.10009765625,5560.9501953125,5588.64990234375,0,5471.8499755859375,5495.118984375,5488.691121369263,5485.270049503715,3.421071865547674,-15.615077878743518,61.67095187741137,5471.8499755859375,5638.846030424117,5304.853920747758,2.3875507023729314
2011-03-28,5687.25,5687.25,5709.10009765625,5643.2001953125,5645.25,0,5491.034985351563,5493.825986328125,5519.238641158607,5500.231527318255,19.00711384035185,-8.690639534924445,60.48109289429313,5491.034985351563,5664.651272529375,5317.41869817375,0.5836317814033709
2011-03-29,5736.35009765625,5736.35009765625,5770.35009765625,5680.7001953125,5686.5,0,5511.189990234375,5495.4619921875,5552.640403696705,5517.721791787736,34.91861190896907,0.031210753854257867,62.326680465987955,5511.189990234375,5700.558103128328,5321.821877340421,0.8633363691810558
2011-03-30,5787.64990234375,5787.64990234375,5803.14990234375,5753.89990234375,5755.7998046875,0,5524.457495117187,5498.119990234375,5588.795711180866,5537.716466643737,51.07924453712985,10.240817510509379,67.29783535120674,5524.457495117187,5750.695591248283,5298.219398986092,0.894293476063468
2011-03-31,5833.75,5833.75,5872.0,5778.64990234375,5803.0498046875,0,5539.334985351563,5500.313994140625,5626.48098638381,5559.644876521978,66.83610986183157,21.559875980773818,72.98176458688553,5539.334985351563,5804.593401528449,5274.0765691746765,0.796525332978093
2011-04-01,5826.0498046875,5826.0498046875,5860.2001953125,5810.39990234375,5835.0,0,5553.699975585938,5503.013994140625,5657.183881507454,5579.37857490461,77.80530660284421,32.8089621051879,69.21519535704502,5553.699975585938,5848.317521229701,5259.082429942175,-0.13199392007713362
2011-04-04,5908.4501953125,5908.4501953125,5918.7001953125,5833.2001953125,5842.0,0,5575.964990234375,5506.95099609375,5695.840237477461,5603.7542504903795,92.08598698708192,44.66436708156671,79.90873539056427,5575.964990234375,5906.843056992145,5245.086923476606,1.41434408196619
2011-04-05,5910.0498046875,5910.0498046875,5928.64990234375,5855.85009765625,5923.85009765625,0,5595.427490234375,5511.2219921875,5728.795555509775,5626.442810060536,102.35274544923868,56.202042755101104,78.20674920466999,5595.427490234375,5957.010294019769,5233.844686448981,0.027073248011277862
2011-04-06,5891.75,5891.75,5944.4501953125,5868.7998046875,5908.0,0,5613.464990234375,5514.1919921875,5753.865470046733,5646.095194500497,107.77027554623601,66.5156893133281,83.67379054511818,5613.464990234375,5996.849966229469,5230.080014239282,-0.3096387558863878
2011-04-07,5885.7001953125,5885.7001953125,5906.10009765625,5866.25,5888.5498046875,0,5633.030004882812,5518.157998046875,5774.147735472236,5663.843713079164,110.30402239307114,75.2733559292767,93.0976430976431,5633.030004882812,6030.509936161639,5235.550073603985,-0.1026826441634543
2011-04-08,5842.0,5842.0,5926.9501953125,5822.0,5886.75,0,5652.857495117188,5522.912001953125,5784.586545399584,5677.0404750733005,107.54607032628337,81.72789880867803,87.95228628230616,5652.857495117188,6050.501501848865,5255.213488385511,-0.7424808240709235
2011-04-11,5785.7001953125,5785.7001953125,5830.2998046875,5777.89990234375,5805.35009765625,0,5665.5675048828125,5528.3830078125,5784.757876155418,5685.089343239167,99.66853291625102,85.31602563019263,79.23581012342362,5665.5675048828125,6063.129084577652,5268.005925187973,-0.9637077146097184
2011-04-13,5911.5,5911.5,5923.60009765625,5735.5498046875,5747.9501953125,0,5688.660009765625,5536.495009765625,5804.256664439199,5701.860502999229,102.39616143997046,88.7320527921482,81.00958094933137,5688.660009765625,6087.0671940350285,5290.252825496221,2.17432290718107
2011-04-15,5824.5498046875,5824.5498046875,5907.35009765625,5806.4501953125,5898.75,0,5704.330004882812,5544.642001953125,5807.378686015862,5710.9485994205825,96.43008659527914,90.2716595527744,70.4113991900131,5704.330004882812,6097.9647740081045,5310.69523575752,-1.4708651833291064
2011-04-18,5729.10009765625,5729.10009765625,5897.89990234375,5722.25,5824.35009765625,0,5718.4525146484375,5550.58400390625,5795.335826268229,5712.293154845446,83.0426714227824,88.825861926776,55.31795023725455,5718.4525146484375,6092.964180144605,5343.94084915227,-1.6387482334588976
2011-04-19,5740.75,5740.75,5762.9501953125,5693.25,5716.0,0,5736.805004882813,5554.86400390625,5786.938006842347,5714.40106930134,72.53693754100732,85.56807704962226,53.919991642541184,5736.805004882813,6074.330654364237,5399.279355401389,0.2033461127431746
2011-04-20,5851.64990234375,5851.64990234375,5857.35009765625,5759.64990234375,5786.0498046875,0,5761.15,5563.982001953125,5796.893683073332,5724.5676495267035,72.32603354662842,82.9196683490235,57.74656851166575,5761.15,6052.80508733295,5469.494912667049,1.9318016346949518
2011-04-21,5884.7001953125,5884.7001953125,5912.89990234375,5864.35009765625,5882.85009765625,0,5784.6925048828125,5573.756005859375,5810.402377263974,5736.42931958491,73.97305767906346,81.1303462150315,56.68436752771995,5784.6925048828125,6030.760623485337,5538.624386280288,0.5648029789942166
2011-04-25,5874.5,5874.5,5906.60009765625,5857.0,5859.60009765625,0,5804.405004882812,5584.995009765625,5820.263549992593,5746.656777393436,73.60677259915701,79.62563149185661,52.95268542380462,5804.405004882812,6007.13308799425,5601.6769217713745,-0.17333415422973175
2011-04-26,5868.39990234375,5868.39990234375,5893.2001953125,5791.5498046875,5876.85009765625,0,5821.705004882812,5597.29201171875,5827.669142662001,5755.674786649015,71.99435601298592,78.09937639608248,53.07575827425893,5821.705004882812,5976.489322416084,5666.9206873495405,-0.10384028693931624
2011-04-27,5833.89990234375,5833.89990234375,5892.35009765625,5819.9501953125,5884.2001953125,0,5830.6875,5609.454013671875,5828.6277210745775,5761.46923966344,67.15848141113747,75.91119739909348,44.18075306152785,5830.6875,5963.9029653783155,5697.4720346216845,-0.587894495503305
2011-04-28,5785.4501953125,5785.4501953125,5856.39990234375,5776.9501953125,5851.35009765625,0,5835.597509765625,5618.963017578125,5821.985024803488,5763.2456067485555,58.739418054932685,72.47684153026132,40.93688423164185,5835.597509765625,5952.833344449828,5718.361675081422,-0.830485744395193
2011-04-29,5749.5,5749.5,5804.2998046875,5706.0498046875,5782.5,0,5836.2550048828125,5624.833017578125,5810.833482526029,5762.22741365607,48.60606886995902,67.70268699820086,39.91206017970251,5836.2550048828125,5951.2737500990725,5721.2362596665525,-0.6213897639569588
2011-05-02,5701.2998046875,5701.2998046875,5775.25,5687.7001953125,5766.89990234375,0,5831.9375,5629.239013671875,5793.982147473947,5757.714257436176,36.267890037771394,61.41572760611497,37.66057665791438,5831.9375,5960.342176022821,5703.532823977179,-0.8383371651882743
2011-05-03,5565.25,5565.25,5710.7998046875,5554.85009765625,5689.7001953125,0,5818.5125,5630.910009765625,5758.792586324109,5743.457645774237,15.334940549872044,52.19957019486639,33.517952213507286,5818.5125,5993.730372746446,5643.294627253554,-2.386294517885945
2011-05-04,5537.14990234375,5537.14990234375,5578.7998046875,5503.0,5567.7001953125,0,5804.0675048828125,5630.72400390625,5724.693711865592,5728.175590705311,-3.4818788397187745,41.063280387949355,34.682919636865876,5804.0675048828125,6019.652941182116,5588.482068583509,-0.5049206712411825
2011-05-05,5459.85009765625,5459.85009765625,5560.2998046875,5443.64990234375,5531.60009765625,0,5781.6375,5630.742001953125,5683.9485404487705,5708.299628257232,-24.35108780846167,27.98040674866715,20.397204920640306,5781.6375,6040.49893687565,5522.77606312435,-1.39602152823749
2011-05-06,5551.4501953125,5551.4501953125,5564.39990234375,5472.4501953125,5477.64990234375,0,5763.70751953125,5631.39900390625,5663.564179658575,5696.681151742808,-33.11697208423266,15.76093098208719,32.20849450325734,5763.70751953125,6034.519436350304,5492.895602712196,1.6777035269809115
2011-05-09,5551.10009765625,5551.10009765625,5586.0498046875,5502.39990234375,5575.2001953125,0,5746.675024414062,5633.037001953125,5646.262013196679,5685.897369958618,-39.635356761938965,4.68167343328196,36.76383874237879,5746.675024414062,6026.285889016114,5467.06415981201,-0.006306418033719119
2011-05-10,5541.25,5541.25,5592.89990234375,5514.5498046875,5555.5498046875,0,5729.4525146484375,5635.115,5630.106318858728,5675.182749961683,-45.07643110295521,-5.269947473965474,35.12527395714254,5729.4525146484375,6015.369235971015,5443.53579332586,-0.17744406483336528
2011-05-11,5565.0498046875,5565.0498046875,5574.7001953125,5525.0,5547.2001953125,0,5715.605004882813,5641.1619921875,5620.0976243708465,5667.024754015447,-46.92712964460043,-13.601383908092465,25.44131466792301,5715.605004882813,6005.371156996316,5425.83885276931,0.42950245319197666
2011-05-12,5486.14990234375,5486.14990234375,5572.5,5476.2998046875,5537.7998046875,0,5700.627490234375,5644.813994140625,5599.490282520524,5653.626616854581,-54.13633433405721,-21.708373993285413,18.336360441272433,5700.627490234375,6005.700664643615,5395.554315825135,-1.4177753140195093
2011-05-13,5544.75,5544.75,5605.0,5472.14990234375,5492.35009765625,0,5682.289990234375,5649.043994140625,5591.068700594289,5645.561682272761,-54.49298167847155,-28.265295530322643,25.67318332718554,5682.289990234375,5977.937752470218,5386.642227998533,1.0681461261424108
2011-05-16,5499.0,5499.0,5541.7998046875,5487.64990234375,5541.7001953125,0,5666.0125,5648.577998046875,5576.904285118245,5634.705261363667,-57.800976245422135,-34.172431673342544,24.254254765234975,5666.0125,5964.515547217743,5367.509452782257,-0.825104828892198
2011-05-17,5438.9501953125,5438.9501953125,5523.85009765625,5421.0498046875,5496.10009765625,0,5651.5050048828125,5646.632998046875,5555.680578994284,5620.204886100617,-64.52430710633325,-40.24280675994069,23.42015863971278,5651.5050048828125,5964.928285391282,5338.081724374343,-1.0920131785324583
2011-05-18,5420.60009765625,5420.60009765625,5460.5,5401.25,5448.2001953125,0,5635.497509765625,5644.27,5534.89896648074,5605.419346215849,-70.5203797351096,-46.298321354974476,24.409058871154997,5635.497509765625,5962.151949635421,5308.843069895829,-0.337383079405007
2011-05-19,5428.10009765625,5428.10009765625,5452.60009765625,5411.25,5448.14990234375,0,5614.32001953125,5643.56900390625,5518.468371276971,5592.2845870632855,-73.81621578631439,-51.80190024124246,26.51958297750295,5614.32001953125,5936.863184342761,5291.776854719739,0.1383610645478761
2011-05-20,5486.35009765625,5486.35009765625,5517.5498046875,5432.75,5450.64990234375,0,5594.402514648437,5642.880009765625,5513.527098412244,5584.4375878479495,-70.91048943570513,-55.623618080134996,34.52373837479513,5594.402514648437,5895.102982495214,5293.702046801661,1.0731194884403772
2011-05-23,5386.5498046875,5386.5498046875,5456.7001953125,5373.0,5456.7001953125,0,5570.0050048828125,5639.991005859375,5493.9921301468985,5569.779233539768,-75.78710339286954,-59.656315142681905,36.42508794549531,5570.0050048828125,5853.717996277136,5286.292013488489,-1.8190653383819644
2011-05-24,5394.85009765625,5394.85009765625,5422.60009765625,5367.4501953125,5385.10009765625,0,5546.3275146484375,5638.000009765625,5478.739509763722,5556.821519770619,-78.08201000689678,-63.34145411552488,38.8549719911522,5546.3275146484375,5802.932596387078,5289.722432909797,0.15409294018828845
2011-05-25,5348.9501953125,5348.9501953125,5389.10009765625,5328.7001953125,5389.10009765625,0,5522.080029296875,5636.070009765625,5458.771922925072,5541.423643884832,-82.65172095975959,-67.20350748437183,40.864924783028734,5522.080029296875,5754.807751384264,5289.352307209487,-0.8508095964277262
2011-05-26,5412.35009765625,5412.35009765625,5422.2001953125,5356.35009765625,5372.75,0,5503.425024414062,5633.68701171875,5451.630103652946,5531.862640460493,-80.23253680754715,-69.8093133490069,37.98375714853343,5503.425024414062,5704.991022168035,5301.8590266600895,1.1852774849036685
2011-05-27,5476.10009765625,5476.10009765625,5485.7998046875,5413.60009765625,5413.7001953125,0,5489.755029296875,5634.216015625,5455.394718114992,5527.7320817342525,-72.33736361926003,-70.31492340305753,44.160699377901594,5489.755029296875,5654.834548937535,5324.675509656216,1.1778617208743736
2011-05-30,5473.10009765625,5473.10009765625,5509.2998046875,5458.60009765625,5493.75,0,5478.345043945313,5633.45501953125,5458.118622659801,5523.685268098845,-65.5666454390439,-69.3652678102548,44.63682286387073,5478.345043945313,5610.027170383974,5346.662917506651,-0.054783512837608406
2011-06-01,5592.0,5592.0,5597.35009765625,5559.4501953125,5561.0498046875,0,5479.682543945312,5636.362021484375,5478.7157576352165,5528.745618610041,-50.02986097482426,-65.4981864431687,51.84476611036911,5479.682543945312,5615.557924957792,5343.807162932832,2.1724415819594833
2011-06-02,5550.35009765625,5550.35009765625,5568.2001953125,5521.9501953125,5529.89990234375,0,5480.342553710938,5639.89501953125,5489.73642533076,5530.345950391241,-40.609525060481246,-60.52045416663122,54.630710994214155,5480.342553710938,5617.515329622418,5343.169777799458,-0.7448122736722129
2011-06-03,5516.75,5516.75,5604.9501953125,5507.2001953125,5565.7001953125,0,5483.187548828125,5642.93501953125,5493.892359895259,5529.338842954852,-35.44648305959345,-55.50565994522367,47.90481952890592,5483.187548828125,5620.929826165791,5345.445271490458,-0.605368977903542
2011-06-06,5532.0498046875,5532.0498046875,5542.64990234375,5479.85009765625,5504.2998046875,0,5482.217529296875,5645.299013671875,5499.762736017142,5529.539654935048,-29.776918917906187,-50.35991173976018,52.59112541650333,5482.217529296875,5618.197677595761,5346.237380997989,0.2773336599900311
2011-06-07,5556.14990234375,5556.14990234375,5570.10009765625,5507.7998046875,5509.14990234375,0,5482.47001953125,5646.81701171875,5508.4376846827745,5531.51078437273,-23.073099689955598,-44.90254932979927,59.737425222335,5482.47001953125,5619.006319704136,5345.933719358363,0.4356449870684287
2011-06-08,5526.85009765625,5526.85009765625,5556.60009765625,5514.89990234375,5535.25,0,5481.750024414063,5646.906015625,5511.270363601771,5531.165548319657,-19.895184717885968,-39.90107640741661,58.669930640554874,5481.750024414063,5617.128171899951,5346.371876928175,-0.5273400682573426
2011-06-09,5521.0498046875,5521.0498046875,5540.10009765625,5502.0498046875,5523.5498046875,0,5479.550024414062,5644.24201171875,5512.774892999575,5530.416233976534,-17.641340976959327,-35.44912932132515,57.60573295691093,5479.550024414062,5610.588968175722,5348.511080652403,-0.10494753550869262
2011-06-10,5485.7998046875,5485.7998046875,5521.4501953125,5457.4501953125,5518.0498046875,0,5479.53251953125,5640.2130078125,5508.6248794131025,5527.1113132884575,-18.486433875355033,-32.05659023213113,49.953210382230075,5479.53251953125,5610.567844580944,5348.497194481555,-0.6384655318644628
2011-06-13,5482.7998046875,5482.7998046875,5496.7001953125,5436.9501953125,5469.85009765625,0,5476.435009765625,5635.142001953125,5504.651790993778,5523.8289793180165,-19.17718832423816,-29.480709850552536,59.796437659033074,5476.435009765625,5603.858201912534,5349.011817618716,-0.05468664746818286
2011-06-14,5500.5,5500.5,5520.14990234375,5484.2001953125,5485.60009765625,0,5476.510009765625,5629.39900390625,5504.013053917813,5522.100906775941,-18.087852858128826,-27.202138452067796,60.55127563684313,5476.510009765625,5603.99087683864,5349.02914269261,0.3228313260200899
2011-06-15,5447.5,5447.5,5499.35009765625,5438.9501953125,5494.4501953125,0,5476.9375,5621.67400390625,5495.318737930456,5516.5749136814275,-21.256175750971124,-26.012945911848465,59.704559791974404,5476.9375,5603.944503974174,5349.930496025826,-0.9635487682937871
2011-06-16,5396.75,5396.75,5447.5,5389.7998046875,5419.64990234375,0,5475.7449951171875,5613.0880078125,5480.1543167103855,5507.698994149469,-27.544677439083898,-26.319292217295555,48.424551143284035,5475.7449951171875,5605.3995088497695,5346.0904813846055,-0.9316200091785243
2011-06-17,5366.39990234375,5366.39990234375,5421.14990234375,5355.85009765625,5412.5,0,5472.659985351563,5602.247001953125,5462.653637577057,5497.232394756453,-34.578757179395325,-27.97118520971551,38.11997521050973,5472.659985351563,5609.807511589662,5335.512459113464,-0.5623773133135668
2011-06-20,5257.89990234375,5257.89990234375,5377.39990234375,5195.89990234375,5372.2001953125,0,5461.237475585937,5589.20400390625,5431.1530629257795,5479.504061985141,-48.35099905936113,-32.047147979644635,31.029608497054994,5461.237475585937,5628.361670356764,5294.113280815111,-2.0218396313068876
2011-06-21,5275.85009765625,5275.85009765625,5322.4501953125,5257.0,5280.7998046875,0,5455.702490234375,5576.886005859375,5407.26029903816,5464.418583145964,-57.15828410780341,-37.06937520527639,16.09656072327337,5455.702490234375,5639.720434853692,5271.684545615058,0.3413947706478515
2011-06-22,5278.2998046875,5278.2998046875,5310.5,5262.5,5304.64990234375,0,5449.874975585937,5564.737998046875,5387.420222984212,5450.632006963855,-63.21178397964286,-42.29785696014968,18.147745423902848,5449.874975585937,5648.786153510748,5250.963797661127,0.046432460852874335
2011-06-23,5320.0,5320.0,5330.60009765625,5252.25,5269.10009765625,0,5448.427465820312,5554.297998046875,5377.047880986641,5440.955562003569,-63.90768101692811,-46.619821771505364,27.392873333123873,5448.427465820312,5650.8219018063955,5246.033029834229,0.7900308215813556
2011-06-24,5471.25,5471.25,5477.85009765625,5343.39990234375,5343.39990234375,0,5451.3724609375,5548.008994140625,5391.540514681004,5443.1995944477485,-51.65907976674407,-47.62767337055311,44.67696180107283,5451.3724609375,5653.270034400683,5249.474887474318,2.84304511278195
2011-06-27,5526.60009765625,5526.60009765625,5552.64990234375,5434.25,5441.2001953125,0,5453.8974609375,5540.31099609375,5412.318912061812,5449.37740950023,-37.05849743841827,-45.51383818412614,47.54712576219142,5453.8974609375,5658.344196823,5249.450725052,1.0116536012108712
2011-06-28,5545.2998046875,5545.2998046875,5558.2998046875,5496.35009765625,5548.85009765625,0,5457.5074462890625,5534.72599609375,5432.7775109273025,5456.482772106695,-23.705261179392437,-41.1521227831794,51.558909320450034,5457.5074462890625,5665.893590600095,5249.12130197803,0.33835824378138923
2011-06-29,5600.4501953125,5600.4501953125,5608.64990234375,5566.5,5566.5,0,5457.929956054688,5532.152998046875,5458.573308525026,5467.147025677496,-8.573717152469726,-34.636441657037466,56.192506477660636,5457.929956054688,5667.495191029905,5248.364721079471,0.9945429925787064
2011-06-30,5647.39990234375,5647.39990234375,5657.89990234375,5606.10009765625,5614.5,0,5462.782446289062,5530.28599609375,5487.623553727906,5480.499090615736,7.124463112169906,-26.284260703195994,62.37745290533945,5462.782446289062,5685.443381045862,5240.121511532262,0.8383202313011706
2011-07-01,5627.2001953125,5627.2001953125,5705.7998046875,5609.75,5705.75,0,5468.304956054688,5525.797001953125,5509.096883202459,5491.365839111793,17.73104409066582,-17.481199744423634,60.77614855410448,5468.304956054688,5701.816242122667,5234.793669986709,-0.3576815416040713
2011-07-04,5650.5,5650.5,5679.64990234375,5633.10009765625,5679.5498046875,0,5474.227465820312,5521.112998046875,5530.851208863619,5503.153554733142,27.69765413047662,-8.445428969443583,61.1012497578829,5474.227465820312,5720.220974206146,5228.233957434479,0.41405679341048884
2011-07-05,5632.10009765625,5632.10009765625,5659.85009765625,5612.2998046875,5659.85009765625,0,5478.024975585938,5516.265,5546.427960985562,5512.705150505224,33.72281048033801,-0.011781079487263924,64.39939456125877,5478.024975585938,5731.572392501374,5224.477558670501,-0.3256331712901517
2011-07-06,5625.4501953125,5625.4501953125,5655.39990234375,5610.75,5622.7001953125,0,5482.95498046875,5511.406005859375,5558.585227805091,5521.056635305763,37.528592499327715,7.496293636275732,69.15734794879135,5482.95498046875,5744.216734218825,5221.693226718676,-0.11807145165118049
2011-07-07,5728.9501953125,5728.9501953125,5737.14990234375,5632.9501953125,5633.35009765625,0,5493.35,5509.30701171875,5584.79522280623,5536.456158269225,48.33906453700547,15.66484781642168,77.05400066022426,5493.35,5776.611231613559,5210.088768386442,1.8398527478963977
2011-07-08,5660.64990234375,5660.64990234375,5740.39990234375,5651.0498046875,5734.64990234375,0,5502.092504882812,5506.811005859375,5596.465173504311,5545.655694867338,50.809478636972926,22.69377398053193,81.97191789954819,5502.092504882812,5795.0013354570665,5209.183674308558,-1.1921956142092904
2011-07-11,5616.10009765625,5616.10009765625,5652.89990234375,5601.7001953125,5648.0498046875,0,5508.75751953125,5504.1430078125,5599.485931066148,5550.873798777628,48.612132288520115,27.87744564212957,75.91594218421788,5508.75751953125,5805.8543826685745,5211.660656393926,-0.7870086554735423
2011-07-12,5526.14990234375,5526.14990234375,5580.25,5496.9501953125,5556.89990234375,0,5510.040014648437,5500.640009765625,5588.203465108856,5549.042399041785,39.16106606707126,30.13416972711791,66.65771861415888,5510.040014648437,5807.208230836988,5212.871798459886,-1.6016487197234697
2011-07-13,5585.4501953125,5585.4501953125,5596.14990234375,5541.39990234375,5542.0498046875,0,5516.937524414063,5501.044013671875,5587.779885140186,5551.739272839615,36.0406123005705,31.315458241808432,67.42828858195472,5516.937524414063,5814.3974502356505,5219.477598592475,1.073085131903495
2011-07-15,5581.10009765625,5581.10009765625,5631.7001953125,5562.75,5602.9501953125,0,5526.155029296875,5501.923017578125,5586.7522255272725,5553.914148751959,32.83807677531331,31.619981948509412,58.93598918973024,5526.155029296875,5819.327865812868,5232.982192780882,-0.07788266843558045
2011-07-18,5567.0498046875,5567.0498046875,5596.60009765625,5550.9501953125,5581.75,0,5536.187524414063,5504.06701171875,5583.721083859616,5554.88716030274,28.83392355687556,31.062770270182643,53.527487585386396,5536.187524414063,5819.922628910593,5252.452419917533,-0.2517477329362028
2011-07-19,5613.5498046875,5613.5498046875,5627.64990234375,5557.2001953125,5569.85009765625,0,5553.97001953125,5505.30900390625,5588.310117833136,5559.232541368278,29.077576464857884,30.66573150911769,55.67661612338322,5553.97001953125,5807.209338170052,5300.730700892447,0.8352718519034408
2011-07-20,5567.0498046875,5567.0498046875,5645.39990234375,5555.10009765625,5642.0498046875,0,5568.530004882812,5505.627998046875,5585.039300426116,5559.811597910443,25.227702515672718,29.578125710428697,47.181401635021096,5568.530004882812,5785.299953646974,5351.76005611865,-0.8283528536821905
2011-07-21,5541.60009765625,5541.60009765625,5578.89990234375,5532.7001953125,5554.60009765625,0,5581.69501953125,5505.635,5578.356346153829,5558.462597891614,19.893748262215013,27.641250220785963,40.73556876641857,5581.69501953125,5751.043025811825,5412.347013250675,-0.4571489015568253
2011-07-22,5633.9501953125,5633.9501953125,5642.2001953125,5567.10009765625,5576.9501953125,0,5597.392529296875,5507.0130078125,5586.909246024394,5564.054271774643,22.85497424975074,26.68399502657892,50.524760623517665,5597.392529296875,5714.858881244864,5479.926177348886,1.6664879462397142
2011-07-25,5680.2998046875,5680.2998046875,5700.5498046875,5616.7001953125,5633.7998046875,0,5607.84501953125,5510.896005859375,5601.277024280256,5572.665051990411,28.611972289845653,27.069590479232268,52.23655028152023,5607.84501953125,5714.782011125306,5500.908027937194,0.8226840452647766
2011-07-26,5574.85009765625,5574.85009765625,5702.25,5560.14990234375,5688.4501953125,0,5610.25751953125,5511.4980078125,5597.211343261179,5572.826907224917,24.38443603626183,26.532559590638183,46.19980086292732,5610.25751953125,5711.502657402501,5509.012381659999,-1.8564109405674434
2011-07-27,5546.7998046875,5546.7998046875,5591.7001953125,5521.5,5588.5498046875,0,5610.33251953125,5512.45400390625,5589.455721942151,5570.898973703627,18.55674823852405,24.937397320215357,44.92349119184309,5610.33251953125,5711.377074146549,5509.287964915951,-0.5031577975619927
2011-07-28,5487.75,5487.75,5512.10009765625,5475.64990234375,5492.39990234375,0,5604.697509765625,5513.43,5573.808687797205,5564.739790466321,9.068897330883374,21.763697322348964,33.48396803637701,5604.697509765625,5719.672341468423,5489.722678062827,-1.0645742908838685
2011-07-29,5482.0,5482.0,5520.2998046875,5453.9501953125,5479.0,0,5596.427514648438,5514.657998046875,5559.684274289943,5558.6109170984455,1.0733571914970526,17.625629296178584,36.62098940503032,5596.427514648438,5721.793996217843,5471.061033079032,-0.10477882556603202
2011-08-01,5516.7998046875,5516.7998046875,5551.89990234375,5486.4501953125,5527.5,0,5590.907495117188,5516.4319921875,5553.086663581875,5555.513797660597,-2.427134078722702,13.615076621198327,42.45323698825646,5590.907495117188,5720.228626891463,5461.586363342913,0.6348012529642455
2011-08-02,5456.5498046875,5456.5498046875,5496.2998046875,5433.64990234375,5493.2001953125,0,5581.209985351563,5515.835986328125,5538.234839136587,5548.183131514443,-9.948292377855978,8.902402821387467,44.46035258555225,5581.209985351563,5720.424832761759,5441.995137941367,-1.0921186581540843
2011-08-03,5404.7998046875,5404.7998046875,5422.60009765625,5378.85009765625,5402.0,0,5569.844970703125,5516.200986328125,5517.706372298266,5537.562144342076,-19.855772043810248,3.150767848347924,35.446663886900225,5569.844970703125,5727.462864701118,5412.227076705132,-0.9484014964097565
2011-08-04,5331.7998046875,5331.7998046875,5434.5,5323.14990234375,5412.39990234375,0,5555.162451171875,5514.93998046875,5489.105361896609,5522.320489552848,-33.21512765623902,-4.122411252569465,31.91639777995799,5555.162451171875,5742.817333099514,5367.507569244235,-1.350651321750862
2011-08-05,5211.25,5211.25,5229.64990234375,5116.4501953125,5204.35009765625,0,5529.27744140625,5512.1859765625,5446.358383143284,5499.278231067451,-52.91984792416679,-13.88189858688893,27.645116321306475,5529.27744140625,5754.965210971942,5303.5896718405575,-2.2609589463865043
2011-08-08,5118.5,5118.5,5204.2001953125,5054.0498046875,5083.85009765625,0,5502.169946289063,5506.308974609375,5395.918631890471,5471.072436173566,-75.15380428309436,-26.136279726130017,20.604447856673985,5502.169946289063,5784.537441574245,5219.80245100388,-1.7798033101463218
2011-08-09,5072.85009765625,5072.85009765625,5167.0,4946.4501953125,4947.89990234375,0,5475.0074462890625,5498.243974609375,5346.215780469822,5441.574485172283,-95.35870470246118,-39.980764721396255,20.6252702761533,5475.0074462890625,5810.708938465257,5139.305954112868,-0.8918609425368706
2011-08-10,5161.0,5161.0,5197.9501953125,5123.35009765625,5196.5498046875,0,5456.749951171875,5492.00197265625,5317.721045012926,5420.791189974337,-103.07014496141073,-52.598640769399154,28.946755726737194,5456.749951171875,5819.3783645036965,5094.121537840054,1.7376800151156946
2011-08-11,5138.2998046875,5138.2998046875,5184.9501953125,5121.0,5128.0,0,5434.392431640625,5482.92796875,5290.117777270552,5399.865902175312,-109.7481249047596,-64.02853759647125,20.29361876968784,5434.392431640625,5818.13345138157,5050.651411899679,-0.439841025237353
2011-08-12,5072.9501953125,5072.9501953125,5194.4501953125,5053.35009765625,5194.39990234375,0,5408.984936523438,5473.379970703125,5256.707380046237,5375.649923889178,-118.94254384294163,-75.01133884576534,14.40959246995915,5408.984936523438,5818.266230442599,4999.703642604276,-1.2718138656561795
2011-08-16,5035.7998046875,5035.7998046875,5132.2001953125,5015.39990234375,5125.75,0,5382.422436523438,5463.760966796875,5222.721599221816,5350.47584098535,-127.75424176353408,-85.5599194293191,15.663386574951005,5382.422436523438,5816.7033073949515,4948.141565651924,-0.7323231885723591
2011-08-17,5056.60009765625,5056.60009765625,5112.14990234375,5017.25,5030.2998046875,0,5354.574951171875,5454.25197265625,5197.164445134806,5328.707267405417,-131.5428222706114,-94.75649999757755,18.48399821940832,5354.574951171875,5797.788121388909,4911.361780954841,0.41304844861760337
2011-08-18,4944.14990234375,4944.14990234375,5078.60009765625,4932.14990234375,5077.9501953125,0,5323.429956054688,5442.01197265625,5158.239130859259,5300.2215366601085,-141.98240580084985,-104.201681158232,17.29635219697161,5323.429956054688,5790.668886394189,4856.191025715187,-2.223830106015723
2011-08-19,4845.64990234375,4845.64990234375,4893.60009765625,4796.10009765625,4859.2998046875,0,5288.6324462890625,5428.38796875,5110.148480318411,5266.549563747786,-156.40108342937492,-114.6415616124606,15.559883617990053,5288.6324462890625,5789.881679586834,4787.383212991291,-1.9922535106248862
2011-08-22,4898.7998046875,4898.7998046875,4910.0498046875,4808.75,4843.7001953125,0,5251.874926757812,5415.94296875,5077.633299452117,5239.308840854432,-161.6755414023146,-124.0483575704314,17.204421996801443,5251.874926757812,5754.320337621051,4749.429515894573,1.0968580771393066
2011-08-23,4948.89990234375,4948.89990234375,4965.7998046875,4863.7998046875,4925.14990234375,0,5215.304931640625,5405.204970703125,5057.8281614354455,5217.797067631418,-159.96890619597252,-131.23246729553964,22.767032735605255,5215.304931640625,5692.278461811074,4738.331401470176,1.0227014708441562
2011-08-24,4888.89990234375,4888.89990234375,4962.39990234375,4875.2998046875,4934.35009765625,0,5181.007421875,5393.32697265625,5031.839198498261,5193.4343146471465,-161.5951161488856,-137.30499706620884,22.567279506266445,5181.007421875,5647.660440388783,4714.354403361216,-1.2123906561857245
2011-08-25,4839.60009765625,4839.60009765625,4915.85009765625,4825.0498046875,4914.64990234375,0,5145.647436523437,5380.108974609375,5002.263952214875,5167.224372647821,-164.9604204329462,-142.8360817395563,23.150793443628984,5145.647436523437,5602.670356815518,4688.624516231356,-1.0084028241990728
2011-08-26,4747.7998046875,4747.7998046875,4872.0,4720.0,4839.25,0,5108.649926757813,5366.114970703125,4963.115621826048,5136.155886132242,-173.04026430619433,-148.8769182528839,23.900439857054707,5108.649926757813,5568.856864326811,4648.442989188815,-1.896856994717555
2011-08-29,4919.60009765625,4919.60009765625,4934.39990234375,4806.0498046875,4806.2001953125,0,5080.529931640625,5356.57197265625,4956.420925799925,5120.114716615502,-163.6937908155778,-151.8402927654227,39.71456605930776,5080.529931640625,5512.548303270472,4648.511560010778,3.6185243699435654
2011-08-30,5001.0,5001.0,5016.25,4927.5498046875,4973.25,0,5054.73994140625,5349.263974609375,4963.279244907629,5111.291404273613,-148.0121593659842,-151.074666085535,46.41699323424379,5054.73994140625,5435.661409965611,4673.81847284689,1.6546040476446366
2011-09-02,5040.0,5040.0,5113.7001953125,4993.35009765625,5109.7998046875,0,5033.912451171875,5344.9059765625,4975.0824379987625,5106.010559512604,-130.9281215138417,-147.04535717119634,43.65496192587965,5033.912451171875,5364.5644219326905,4703.260480411059,0.7798440311937549
2011-09-05,5017.2001953125,5017.2001953125,5030.2998046875,4964.4501953125,4998.89990234375,0,5014.532470703125,5339.732978515625,4981.562092970106,5099.432014016301,-117.86992104619458,-141.21026994619598,43.65040189987168,5014.532470703125,5295.332510078126,4733.732431328124,-0.4523770771329372
2011-09-06,5064.2998046875,5064.2998046875,5072.89990234375,4942.89990234375,4993.35009765625,0,5001.157470703125,5335.452978515625,4994.290971695859,5096.8296281400935,-102.53865644423422,-133.47594724580364,49.53758565210447,5001.157470703125,5240.793843856118,4761.521097550132,0.9387628067742737
2011-09-07,5124.64990234375,5124.64990234375,5154.5,5076.2998046875,5080.14990234375,0,4996.827465820313,5331.5459765625,5014.346191795536,5098.890389192216,-84.54419739668083,-123.68959727597908,54.634608027768174,4996.827465820313,5223.244914383372,4770.4100172572535,1.191677033030114
2011-09-08,5153.25,5153.25,5169.25,5098.25,5139.2001953125,0,4998.564965820313,5325.1859765625,5035.716008442376,5102.91702702983,-67.2010185874542,-112.39188153827412,55.000770558111455,4998.564965820313,5229.403946071443,4767.725985569183,0.5580888099920633
2011-09-09,5059.4501953125,5059.4501953125,5163.75,5046.7998046875,5161.2998046875,0,4997.894970703125,5315.842978515625,5039.36742180701,5099.697261717435,-60.32983991042511,-101.97947321270433,56.08316601310019,4997.894970703125,5227.9024158024695,4767.887525603781,-1.8202067566584157
2011-09-12,4946.7998046875,4946.7998046875,4985.60009765625,4911.25,4981.7001953125,0,4987.1849609375,5303.872978515625,5025.12624994247,5088.371524159663,-63.24527421719267,-94.232633413602,55.25809076644183,4987.1849609375,5204.830083498828,4769.539838376173,-2.2265342334898075
2011-09-13,4940.9501953125,4940.9501953125,5030.14990234375,4911.0498046875,4977.7998046875,0,4977.31748046875,5290.682978515625,5012.176087691705,5077.451425726539,-65.27533803483402,-88.44117433784841,52.304433854173894,4977.31748046875,5183.719878029683,4770.915082907816,-0.11825037612108735
2011-09-14,5012.5498046875,5012.5498046875,5026.14990234375,4917.39990234375,4965.0498046875,0,4974.2974609375,5277.9859765625,5012.233582614135,5072.643898242166,-60.41031562803073,-82.83500259588487,53.39992248421907,4974.2974609375,5176.533670578275,4772.061251296725,1.4491060736237849
2011-09-15,5075.7001953125,5075.7001953125,5091.4501953125,4967.4501953125,5062.35009765625,0,4976.29248046875,5266.9559765625,5021.997676875422,5072.870290617746,-50.872613742323665,-76.44252482517264,59.94465242963149,4976.29248046875,5181.843306822696,4770.741654114804,1.2598456491333954
2011-09-16,5084.25,5084.25,5143.60009765625,5068.10009765625,5123.35009765625,0,4977.674975585937,5255.6309765625,5031.574957356126,5073.713232053468,-42.13827469734224,-69.58167479960656,63.61511392508255,4977.674975585937,5185.855166923446,4769.494784248429,0.16844581749324572
2011-09-19,5031.9501953125,5031.9501953125,5068.39990234375,5019.25,5068.39990234375,0,4982.064990234375,5243.627978515625,5031.632686272491,5070.619673776359,-38.98698750386848,-63.46273734045895,66.5405814699101,4982.064990234375,5190.970225198626,4773.159755270123,-1.0286631201750551
2011-09-20,5140.2001953125,5140.2001953125,5149.89990234375,5035.25,5042.5498046875,0,4996.792504882813,5233.922978515625,5048.335379970954,5075.7737864827395,-27.438406511785615,-56.257871174724286,63.8672614776022,4996.792504882813,5206.73300262091,4786.852007144716,2.1512534066978617
2011-09-21,5133.25,5133.25,5168.39990234375,5109.85009765625,5153.75,0,5008.5150146484375,5222.008974609375,5061.399167667731,5080.031283780315,-18.6321161125843,-48.73272016229629,59.17193587013649,5008.5150146484375,5221.575936888733,4795.454092408142,-0.13521254130992588
2011-09-22,4923.64990234375,4923.64990234375,5059.85009765625,4907.75,5054.4501953125,0,5007.252514648438,5207.268974609375,5040.206973002503,5068.447477747976,-28.240504745473118,-44.63427707893166,43.47483669634529,5007.252514648438,5222.092622307154,4792.412406989722,-4.083185070983298
2011-09-23,4867.75,4867.75,4930.25,4829.60009765625,4873.75,0,5006.19501953125,5192.30197265625,5013.675131002118,5053.5809979147925,-39.905866912674355,-43.6885950456802,41.918548098360766,5006.19501953125,5223.679942742409,4788.710096320091,-1.1353346288317634
2011-09-26,4835.39990234375,4835.39990234375,4879.7998046875,4758.85009765625,4878.60009765625,0,5005.985009765625,5178.48697265625,4986.248172746985,5037.4194352799,-51.171262532915534,-45.18512854312728,37.42169870805888,5005.985009765625,5224.154310584146,4787.815708947105,-0.6645800966822435
2011-09-27,4971.25,4971.25,4982.9501953125,4905.14990234375,4905.14990234375,0,5017.15751953125,5166.20296875,4983.940761555141,5032.517995629538,-48.57723407439698,-45.86354964938122,42.21636302282494,5017.15751953125,5199.620308491065,4834.694730571435,2.809490433054007
2011-09-28,4945.89990234375,4945.89990234375,5006.0498046875,4918.4501953125,5005.5,0,5018.472509765625,5153.49896484375,4978.088321676466,5026.101840571332,-48.01351889486614,-46.29354349847821,39.444070749208414,5018.472509765625,5198.335494398071,4838.609525133178,-0.5099340740507885
2011-09-29,5015.4501953125,5015.4501953125,5034.25,4906.0,4924.2001953125,0,5019.19501953125,5142.46697265625,4983.836302235856,5025.312829811419,-41.47652757556261,-45.33014031389509,47.703310259050454,5019.19501953125,5198.87848289136,4839.51155617114,1.4062212002267094
2011-09-30,4943.25,4943.25,5025.5498046875,4924.2998046875,4990.14990234375,0,5014.35751953125,5129.0609765625,4977.592255738032,5019.23410167724,-41.641845939208,-44.59248143895768,49.80653965165428,5014.35751953125,5196.869793914991,4831.845245147509,-1.4395556231418527
2011-10-03,4849.5,4849.5,4879.14990234375,4823.89990234375,4874.39990234375,0,5005.972509765625,5114.70998046875,4957.885754855258,5006.661205256704,-48.775450401446506,-45.42907523145544,45.45182563218871,5005.972509765625,5202.783785701391,4809.161233829858,-1.8965255651646196
2011-10-04,4772.14990234375,4772.14990234375,4869.75,4728.2998046875,4823.5,0,4991.365014648438,5099.3209765625,4929.311008315026,4989.289997633523,-59.97898931849704,-48.33905804886376,38.11197473360908,4991.365014648438,5211.887400302973,4770.8426289939025,-1.5950118085627407
2011-10-05,4751.2998046875,4751.2998046875,4827.7998046875,4741.0,4791.2998046875,0,4972.697509765625,5081.66796875,4901.924669295407,4971.661094452336,-69.73642515692973,-52.61853147047696,33.25763165640511,4972.697509765625,5208.400271379883,4736.994748151367,-0.43691204347980905
2011-10-07,4888.0498046875,4888.0498046875,4922.60009765625,4861.2001953125,4883.64990234375,0,4959.4375,5065.82296875,4899.790074740344,4965.467665580867,-65.67759084052341,-55.23034334448625,41.05742841144491,4959.4375,5181.835666534596,4737.039333465404,2.878159779879308
2011-10-10,4979.60009765625,4979.60009765625,4991.14990234375,4882.0498046875,4886.85009765625,0,4955.444995117187,5053.91796875,4912.06853980433,4966.514512401266,-54.44597259693637,-55.073469194976276,47.696368309481166,4955.444995117187,5173.099804142398,4737.7901860919765,1.872941083393953
2011-10-11,4974.35009765625,4974.35009765625,5045.10009765625,4964.0,5019.89990234375,0,4956.822509765625,5042.468974609375,4921.650317935395,4967.0949261238575,-45.44460818846255,-53.147696993673534,41.974359422692416,4956.822509765625,5174.595635621226,4739.049383910024,-0.10543015296491376
2011-10-12,5099.39990234375,5099.39990234375,5109.7998046875,4997.64990234375,5011.2001953125,0,4964.7449951171875,5034.70197265625,4948.996407844372,4976.895294732739,-27.898886888367088,-48.097934972612244,48.529983668134456,4964.7449951171875,5191.433027983935,4738.05696225044,2.513892312212196
2011-10-13,5077.85009765625,5077.85009765625,5136.9501953125,5067.64990234375,5130.7998046875,0,4968.010009765625,5026.618974609375,4968.820052430814,4984.373428282628,-15.553375851814053,-41.58902314845261,58.00374080006488,4968.010009765625,5199.428843167866,4736.591176363384,-0.4225949150917785
2011-10-14,5132.2998046875,5132.2998046875,5141.39990234375,5056.60009765625,5057.35009765625,0,4970.839990234375,5018.928974609375,4993.970783547227,4995.330937645952,-1.3601540987247063,-33.54324933850703,63.75212577479732,4970.839990234375,5209.087317724213,4732.592662744538,1.0722984330786334
2011-10-17,5118.25,5118.25,5160.2001953125,5084.5,5156.2001953125,0,4972.539990234375,5012.162978515625,5013.0906630015,5004.436053375882,8.654609625617923,-25.103677545682043,64.98860737811343,4972.539990234375,5214.648525565253,4730.431454903497,-0.27375261037299037
2011-10-18,5037.5,5037.5,5057.5,5011.0498046875,5049.4501953125,0,4972.81748046875,5004.816982421875,5016.845945616654,5006.885234607297,9.9607110093566,-18.090799834674314,53.72840257954457,4972.81748046875,5215.225257426252,4730.409703511247,-1.5776876862208744
2011-10-19,5139.14990234375,5139.14990234375,5148.0498046875,5075.2998046875,5080.4501953125,0,4972.764965820313,5000.963984375,5035.661938959283,5016.68261740259,18.97932155669332,-10.676775556400788,60.015548069448045,4972.764965820313,5215.020470455005,4730.50946118562,2.017864066377162
2011-10-20,5091.89990234375,5091.89990234375,5099.0,5033.9501953125,5086.5498046875,0,4970.6974609375,4998.576982421875,5044.313933326124,5022.254268138972,22.05966518715195,-4.129487407690241,54.05590380371964,4970.6974609375,5207.837841580019,4733.5570802949815,-0.9194127608235569
2011-10-21,5049.9501953125,5049.9501953125,5120.75,5037.9501953125,5106.60009765625,0,4977.012475585938,4997.205986328125,5045.181050554797,5024.305818299974,20.87523225482346,0.8714565248124995,55.84851385088407,4977.012475585938,5215.5999175988045,4738.425033573071,-0.8238517613423868
2011-10-24,5098.35009765625,5098.35009765625,5145.64990234375,5084.75,5114.7001953125,0,4988.54248046875,4997.715986328125,5053.360903955021,5029.790579733773,23.570324221248484,5.411230064099697,64.3537145969683,4988.54248046875,5227.185378304875,4749.899582632625,0.9584233600694825
2011-10-25,5191.60009765625,5191.60009765625,5211.0,5085.5498046875,5137.89990234375,0,5006.352490234375,4998.32798828125,5074.628472216748,5041.776469950252,32.85200226649613,10.899384504578983,73.75817951512,5006.352490234375,5249.987408210677,4762.717572258073,1.8290230802876284
2011-10-28,5360.7001953125,5360.7001953125,5399.7001953125,5322.7998046875,5341.89990234375,0,5025.825,5002.77599609375,5118.639506539172,5065.4004496067155,53.23905693245615,19.367318990154416,79.55387816921353,5025.825,5315.542434576772,4736.107565423227,3.257186502723708
2011-10-31,5326.60009765625,5326.60009765625,5360.25,5314.60009765625,5358.89990234375,0,5044.860009765625,5007.848994140625,5150.633443634107,5084.7485716844585,65.88487194964819,28.670829582053173,73.61990133906006,5044.860009765625,5361.26345565594,4728.456563875311,-0.6361127541896106
2011-11-01,5257.9501953125,5257.9501953125,5310.85009765625,5238.2998046875,5278.60009765625,0,5056.985009765625,5012.292001953125,5167.1437131230905,5097.578321582832,69.56539154025813,36.849741973694165,65.37083703856696,5056.985009765625,5386.9387849025425,4727.031234628708,-1.2888127714704267
2011-11-02,5258.4501953125,5258.4501953125,5300.10009765625,5204.9501953125,5216.75,0,5072.74501953125,5016.32900390625,5181.190864229154,5109.494756673919,71.69610755523445,43.819015090002225,65.77109459832346,5072.74501953125,5409.8581835979485,4735.631855464552,0.009509409207519859
2011-11-03,5265.75,5265.75,5281.60009765625,5201.85009765625,5241.5498046875,0,5093.55751953125,5022.761005859375,5194.199962040053,5121.069219142518,73.13074289753513,49.681360651508804,60.62330719641479,5093.55751953125,5423.968582874687,4763.146456187814,0.13882045881137284
2011-11-04,5284.2001953125,5284.2001953125,5326.4501953125,5256.7998046875,5325.39990234375,0,5119.1600341796875,5031.53201171875,5208.046151774275,5133.152995155109,74.8931566191659,54.72371984504022,63.230129526006316,5119.1600341796875,5422.99395159621,4815.326116763165,0.35038114822198985
2011-11-08,5289.35009765625,5289.35009765625,5304.25,5252.0,5292.25,0,5146.062548828125,5039.343017578125,5220.554451140732,5144.723150895935,75.8313002447976,58.9452359249917,60.74878105021839,5146.062548828125,5404.668157061407,4887.456940594842,0.09745850182432125
2011-11-09,5221.0498046875,5221.0498046875,5317.5,5211.75,5309.7001953125,0,5162.712548828125,5044.786015625,5220.630659378697,5150.376977102718,70.25368227597846,61.20692519518906,56.5494285340982,5162.712548828125,5392.665930968,4932.759166688251,-1.2912794900646563
2011-11-11,5168.85009765625,5168.85009765625,5198.60009765625,5142.25,5159.75,0,5172.175048828125,5050.38501953125,5212.664419113705,5151.745356402979,60.919062710725484,61.14935269829635,58.6843095843941,5172.175048828125,5385.366276012542,4958.983821643708,-0.9997933171291495
2011-11-14,5148.35009765625,5148.35009765625,5228.89990234375,5140.5498046875,5217.35009765625,0,5180.875048828125,5056.56001953125,5202.76990812025,5151.493855755073,51.27605236517684,59.17469263167245,50.68139539593405,5180.875048828125,5373.261167649555,4988.488930006694,-0.39660658778429836
2011-11-15,5068.5,5068.5,5158.75,5052.85009765625,5131.2001953125,0,5179.330053710937,5062.9740234375,5182.112999178673,5145.3461627361785,36.76683644249442,54.69312139383685,48.34676331562218,5179.330053710937,5374.9404079753085,4983.719699446566,-1.5509842209954106
2011-11-16,5030.4501953125,5030.4501953125,5065.2001953125,4989.5,5059.10009765625,0,5176.96005859375,5065.191025390625,5158.780260122339,5136.835350334424,21.944909787915094,48.143479072652504,48.61466287216019,5176.96005859375,5378.796831635768,4975.123285551731,-0.7507113482785877
2011-11-17,4934.75,4934.75,5036.7998046875,4919.4501953125,5027.10009765625,0,5167.082568359375,5063.866025390625,5124.314066257364,5121.866065124467,2.448001132896934,39.00438348470139,39.10930126578658,5167.082568359375,5395.682781077648,4938.482355641102,-1.9024181056732425
2011-11-18,4905.7998046875,4905.7998046875,4915.89990234375,4837.9501953125,4899.14990234375,0,5156.46005859375,5061.182021484375,5090.696487554308,5105.861156943951,-15.164669389642768,28.17057290983256,29.193348059495207,5156.46005859375,5412.6890189297055,4900.231098257794,-0.5866598168600246
2011-11-21,4778.35009765625,4778.35009765625,4873.7998046875,4764.7998046875,4873.7998046875,0,5143.5025634765625,5056.40501953125,5042.643196800761,5081.601078478195,-38.95788167743376,14.744881992379298,4.867070773734596,5143.5025634765625,5446.9254207395625,4840.0797062135625,-2.5979394207947815
2011-11-22,4812.35009765625,4812.35009765625,4854.0,4782.5498046875,4794.85009765625,0,5127.162573242187,5051.366025390625,5007.213489240067,5061.656561380273,-54.44307214020591,0.9072911658622562,10.138736864734582,5127.162573242187,5464.836940928464,4789.48820555591,0.7115426727873464
2011-11-23,4706.4501953125,4706.4501953125,4779.5,4640.9501953125,4779.5,0,5107.890087890625,5043.00203125,4960.942213251211,5035.344978708586,-74.4027654573747,-14.154720158785135,9.585214871005832,5107.890087890625,5494.492228943152,4721.287946838098,-2.2005859963373453
2011-11-25,4710.0498046875,4710.0498046875,4767.2998046875,4693.10009765625,4731.2998046875,0,5090.895068359375,5034.13802734375,4922.343381164486,5011.249039892209,-88.90565872772277,-29.10490787257266,9.994101295292865,5090.895068359375,5516.1712063846935,4665.618930334056,0.07648247034643951
2011-11-28,4851.2998046875,4851.2998046875,4859.10009765625,4766.39990234375,4769.2998046875,0,5078.542553710938,5029.97501953125,4911.413600168027,4999.400948395563,-87.98734822753613,-40.88139594356536,24.70858650749571,5078.542553710938,5517.052624416779,4640.032483005097,2.998906717704486
2011-11-29,4805.10009765625,4805.10009765625,4866.10009765625,4787.10009765625,4864.2001953125,0,5059.217553710938,5027.141025390625,4895.057676704677,4985.008292785244,-89.95061608056676,-50.695239970965645,21.72113122737929,5059.217553710938,5510.625245750633,4607.809861671242,-0.952316057371061
2011-11-30,4832.0498046875,4832.0498046875,4851.5498046875,4754.7998046875,4766.14990234375,0,5032.7850341796875,5024.963017578125,4885.364157932803,4973.678034407633,-88.31387647483007,-58.218967271738535,23.68506972444584,5032.7850341796875,5471.597339646638,4593.972728712737,0.5608563085791829
2011-12-01,4936.85009765625,4936.85009765625,5011.89990234375,4916.7001953125,4970.85009765625,0,5013.297534179687,5023.4490234375,4893.28507173641,4970.950039092716,-77.66496735630608,-62.10816728865205,34.305276992347885,5013.297534179687,5431.293531310815,4595.30153704856,2.1688578802951275
2011-12-02,5050.14990234375,5050.14990234375,5062.5498046875,4918.39990234375,4940.85009765625,0,5002.90751953125,5022.938017578125,4917.418122599078,4976.816695629829,-59.39857303075132,-61.566248437071906,43.8592697750317,5002.90751953125,5405.338874654699,4600.476164407801,2.294981667385221
2011-12-05,5039.14990234375,5039.14990234375,5055.39990234375,5002.5498046875,5036.5,0,4991.9425048828125,5022.036015625,4936.146088713643,4981.43397020123,-45.28788148758758,-58.31057504717505,44.29465482000925,4991.9425048828125,5376.615722118465,4607.26928764716,-0.21781531662842246
2011-12-07,5062.60009765625,5062.60009765625,5099.25,5032.25,5050.10009765625,0,4981.785009765625,5022.649013671875,4955.60055162789,4987.446275938639,-31.845724310748665,-53.017604899889776,49.67244569722738,4981.785009765625,5346.211742325598,4617.358277205652,0.4653601454005729
2011-12-08,4943.64990234375,4943.64990234375,5049.0498046875,4921.4501953125,5037.39990234375,0,4964.757495117187,5018.7180078125,4953.76199019956,4984.202100116795,-30.440109917234622,-48.50210590335875,45.57817951346966,4964.757495117187,5300.374169640928,4629.140820593447,-2.3495870307348232
2011-12-09,4866.7001953125,4866.7001953125,4918.35009765625,4841.75,4870.75,0,4943.625,5013.38701171875,4940.367867909244,4975.498255316476,-35.130387407232774,-45.82776220413356,46.46585958381303,4943.625,5244.625560398717,4642.624439601283,-1.556536335527492
2011-12-12,4764.60009765625,4764.60009765625,4910.25,4755.5498046875,4906.85009765625,0,4920.802514648438,5010.206015625,4913.326672485706,4959.876169563867,-46.54949707816104,-45.972109178939064,43.1846774083311,4920.802514648438,5201.787409957953,4639.817619338923,-2.097932758516552
2011-12-13,4800.60009765625,4800.60009765625,4824.7001953125,4728.5,4733.60009765625,0,4902.3900146484375,5008.863017578125,4895.9841225119435,4948.077942015155,-52.09381950321131,-47.19645124379351,51.17793522183482,4902.3900146484375,5162.416346757208,4642.363682539667,0.7555723305657569
2011-12-14,4763.25,4763.25,4839.5498046875,4750.39990234375,4788.7001953125,0,4883.135009765625,5007.42001953125,4875.5634882793365,4934.3869833473655,-58.82349506802893,-49.521860008640594,47.40978407526069,4883.135009765625,5122.701952650241,4643.568066881009,-0.7780297649555346
2011-12-15,4746.35009765625,4746.35009765625,4768.64990234375,4673.85009765625,4712.7998046875,0,4867.027514648437,5002.922021484375,4855.684505106554,4920.4583251480235,-64.77382004146966,-52.572252015206416,52.323005013017244,4867.027514648437,5097.2559710641,4636.799058232775,-0.3547977188631757
2011-12-16,4651.60009765625,4651.60009765625,4818.85009765625,4628.2001953125,4752.5,0,4848.085009765625,4997.036025390625,4824.286903960353,4900.542900889373,-76.25599692902051,-57.309000997969235,46.9235367620716,4848.085009765625,5083.970822816458,4612.1991967147915,-1.996270777555742
2011-12-19,4613.10009765625,4613.10009765625,4623.14990234375,4555.89990234375,4623.14990234375,0,4832.002514648438,4988.9890234375,4791.796626067414,4879.2508413906235,-87.45421532320961,-63.33804386301731,35.94193877462804,4832.002514648438,5086.16127572275,4577.843753574125,-0.8276721814370669
2011-12-20,4544.2001953125,4544.2001953125,4637.25,4531.14990234375,4635.7998046875,0,4813.922534179687,4981.00802734375,4753.704867489735,4854.4322750144665,-100.72740752473146,-70.81591659536015,35.00402738057484,4813.922534179687,5095.900745849899,4531.944322509476,-1.4935705032447788
2011-12-21,4693.14990234375,4693.14990234375,4707.35009765625,4601.9501953125,4636.4501953125,0,4809.662524414062,4977.881025390625,4744.388719005738,4842.485432594413,-98.09671358867581,-76.27207599402328,42.99829035089404,4809.662524414062,5096.437076619787,4522.8879722083375,3.2777980861163902
2011-12-22,4733.85009765625,4733.85009765625,4740.60009765625,4632.9501953125,4636.89990234375,0,4805.737524414062,4977.115029296875,4742.7673926442785,4834.4383707471425,-91.67097810286396,-79.35185641579142,39.06013996907587,4805.737524414062,5094.499125782005,4516.9759230461195,0.8672255555309372
2011-12-23,4714.0,4714.0,4763.4501953125,4693.2001953125,4763.2001953125,0,4806.115014648438,4976.369033203125,4738.341639929774,4825.517009951058,-87.17537002128392,-80.91655913688993,29.855584407072072,4806.115014648438,5094.349366012486,4517.88066328439,-0.4193224805761786
2011-12-27,4750.5,4750.5,4800.5,4723.64990234375,4780.2001953125,0,4808.137524414063,4973.618037109375,4740.212156863655,4819.960194399127,-79.74803753547258,-80.68285481660646,33.21510324121948,4808.137524414063,5094.092302060411,4522.182746767714,0.774289350869739
2011-12-28,4705.7998046875,4705.7998046875,4756.2001953125,4685.64990234375,4756.2001953125,0,4800.862524414062,4968.14203125,4734.917948836554,4811.503869235304,-76.5859203987493,-79.86346793303504,29.752567618716185,4800.862524414062,5089.583717379324,4512.1413314488,-0.9409576952426058
2011-12-29,4646.25,4646.25,4701.7998046875,4639.0498046875,4681.14990234375,0,4792.92001953125,4961.580029296875,4721.276725938623,4799.262841884541,-77.98611594591785,-79.4879975356116,31.903370550158925,4792.92001953125,5089.775491195949,4496.06454786655,-1.2654555476028118
2011-12-30,4624.2998046875,4624.2998046875,4690.4501953125,4608.89990234375,4659.9501953125,0,4782.53251953125,4952.07802734375,4706.357199592296,4786.302616906982,-79.94541731468598,-79.57948149142648,34.19197020510737,4782.53251953125,5088.035968099817,4477.029070962682,-0.4724282015065917
2012-01-03,4765.2998046875,4765.2998046875,4773.10009765625,4675.7998046875,4675.7998046875,0,4773.955004882812,4945.827021484375,4715.425292683865,4784.746853038871,-69.32156035500611,-77.52789726414241,50.04342769031966,4773.955004882812,5070.723662809542,4477.186346956083,3.0491102643706913
2012-01-04,4749.64990234375,4749.64990234375,4782.85009765625,4728.85009765625,4774.9501953125,0,4758.930004882813,4938.1740234375,4720.690617246924,4782.147078913307,-61.45646166638289,-74.31361014459051,46.75579781518625,4758.930004882813,5025.736608084549,4492.123401681077,-0.32841380364684314
2012-01-05,4749.9501953125,4749.9501953125,4779.7998046875,4730.14990234375,4749.0,0,4744.47001953125,4930.80802734375,4725.1920907954745,4779.762124572507,-54.57003377703222,-70.36489487107886,49.111213498016724,4744.47001953125,4976.39922796928,4512.540811093219,0.006322423229598861
2012-01-06,4754.10009765625,4754.10009765625,4794.89990234375,4686.85009765625,4724.14990234375,0,4729.04501953125,4925.140029296875,4729.639476466363,4777.861233689821,-48.22175722345855,-65.9362673415548,50.526888159755465,4729.04501953125,4906.53356830859,4551.55647075391,0.08736728119476123
2012-01-09,4742.7998046875,4742.7998046875,4758.7001953125,4695.4501953125,4747.5498046875,0,4719.002514648438,4917.21302734375,4731.664142346538,4775.264090800761,-43.59994845422261,-61.46900356408836,56.993837326078015,4719.002514648438,4865.363480684261,4572.641548612614,-0.23769573077186967
2012-01-10,4849.5498046875,4849.5498046875,4855.89990234375,4768.25,4771.85009765625,0,4718.144995117187,4912.366025390625,4749.800398091301,4780.766736273852,-30.966338182551226,-55.36847048778094,66.41440796489394,4718.144995117187,4861.021874074695,4575.268116159679,2.2507802225701035
2012-01-11,4860.9501953125,4860.9501953125,4877.2001953125,4841.60009765625,4863.14990234375,0,4722.9625,4908.586025390625,4766.9003668945625,4786.706251758196,-19.805884863633764,-48.25595336295151,73.89660756464606,4722.9625,4878.381555698844,4567.543444301155,0.23508142166064339
2012-01-12,4831.25,4831.25,4869.2001953125,4803.89990234375,4840.9501953125,0,4724.4949951171875,4903.2440234375,4776.800310449245,4790.0057886649965,-13.2054782157511,-41.245858333511435,62.70466655466624,4724.4949951171875,4883.695801061825,4565.29418917255,-0.6109956720219079
2012-01-13,4866.0,4866.0,4898.85009765625,4834.2001953125,4861.9501953125,0,4729.632495117187,4896.732021484375,4790.5233396109,4795.634989504626,-5.11164989372628,-34.0190166455544,62.291841712046,4729.632495117187,4900.316627387525,4558.94836284685,0.7192755498059533
2012-01-16,4873.89990234375,4873.89990234375,4880.7998046875,4827.0498046875,4844.0,0,4736.009985351562,4886.996015625,4803.350503108261,4801.432390455672,1.918112652589116,-26.8315907859257,65.21114683616507,4736.009985351562,4918.450894724895,4553.569075978229,0.16234900007705555
2012-01-17,4967.2998046875,4967.2998046875,4975.5498046875,4904.0,4904.5,0,4751.794970703125,4879.810009765625,4828.57347258199,4813.718865583956,14.854606998033887,-18.494351229133787,68.60939409637524,4751.794970703125,4956.728280444988,4546.861660961262,1.9163278732670763
2012-01-18,4955.7998046875,4955.7998046875,4980.64990234375,4931.0498046875,4977.75,0,4768.929956054688,4873.767001953125,4848.146754444377,4824.243379591626,23.903374852750858,-10.014806012756857,72.7562028431031,4768.929956054688,4982.174782915059,4555.685129194317,-0.23151411133163213
2012-01-19,5018.39990234375,5018.39990234375,5023.7998046875,4991.39990234375,4995.0,0,4792.63994140625,4868.96599609375,4874.339546428896,4838.625344239932,35.71420218896401,-0.8690043724126841,83.68780470555996,4792.63994140625,5006.125778480513,4579.154104331987,1.2631684112227148
2012-01-20,5048.60009765625,5048.60009765625,5064.14990234375,5004.2998046875,5044.85009765625,0,4810.412451171875,4864.622998046875,4901.148862002335,4854.179029678178,46.969832324156414,8.698762966901135,87.84333570534557,4810.412451171875,5046.9609013759,4573.864000967849,0.6017893332573188
2012-01-23,5046.25,5046.25,5059.5498046875,5021.35009765625,5025.35009765625,0,4826.032446289062,4859.863994140625,4923.472114001976,4868.406508961277,55.065605040698756,17.97213138166066,83.2917899083036,4826.032446289062,5081.772826427463,4570.292066150661,-0.04654949116174034
2012-01-24,5127.35009765625,5127.35009765625,5141.0498046875,5049.7998046875,5064.7998046875,0,4846.699951171875,4856.623994140625,4954.837957641094,4887.587515531275,67.25044210981923,27.82779352729238,88.74632087020811,4846.699951171875,5129.677751119667,4563.722151224083,1.6071359456279355
2012-01-25,5158.2998046875,5158.2998046875,5174.14990234375,5130.25,5151.5,0,4867.08994140625,4855.368994140625,4986.1397802636175,4907.640277690995,78.49950257262208,37.962135336358315,89.4121217605055,4867.08994140625,5178.2467208332155,4555.933161979284,0.603619929237853
2012-01-27,5204.7001953125,5204.7001953125,5217.0,5162.39990234375,5216.75,0,4892.0349609375,4856.08599609375,5019.764459501907,4929.644716033329,90.11974346857824,48.393656962802304,90.21051906889517,4892.0349609375,5227.769557534453,4556.300364340546,0.8995287668784657
2012-01-30,5087.2998046875,5087.2998046875,5166.14990234375,5076.7001953125,5163.5498046875,0,4914.087451171875,4854.864990234375,5030.154512607383,4941.322870748453,88.8316418589302,56.48125394202789,75.84778610628742,4914.087451171875,5239.631864050552,4588.543038293197,-2.255660964501549
2012-01-31,5199.25,5199.25,5215.39990234375,5120.14990234375,5125.25,0,4942.8349609375,4857.479990234375,5056.169202975478,4960.428584026346,95.74061894913211,64.33312694344875,76.03479613796313,4942.8349609375,5262.114889407532,4623.555032467468,2.2005818333990845
2012-02-01,5235.7001953125,5235.7001953125,5244.60009765625,5159.0,5198.14990234375,0,4966.35498046875,4861.584990234375,5083.789355642712,4980.819073751246,102.97028189146567,72.06055793305214,76.89652368823516,4966.35498046875,5299.569288894705,4633.140672042795,0.7010664098187291
2012-02-02,5269.89990234375,5269.89990234375,5289.9501953125,5225.75,5272.10009765625,0,4992.36748046875,4868.28798828125,5112.4217474428715,5002.2324684618025,110.18927898106904,79.68630214265552,81.28070687353451,4992.36748046875,5335.433028432961,4649.301932504539,0.653202165048894
2012-02-03,5325.85009765625,5325.85009765625,5334.85009765625,5255.5498046875,5276.10009765625,0,5021.1624755859375,4876.688994140625,5145.25687824493,5026.204144698428,119.05273354650217,87.55958842342486,81.83009716941277,5021.1624755859375,5375.060420850758,4667.264530321117,1.0616937010059058
2012-02-06,5361.64990234375,5361.64990234375,5390.0498046875,5327.25,5379.4501953125,0,5051.539965820312,4888.354990234375,5178.548112721672,5051.0519785980805,127.49613412359122,95.54689756345813,82.50578907839434,5051.539965820312,5413.133333020061,4689.946598620563,0.6721894914626825
2012-02-07,5335.14990234375,5335.14990234375,5413.35009765625,5322.9501953125,5412.9501953125,0,5081.157470703125,4898.810986328125,5202.640695740453,5072.096269245908,130.5444264945454,102.5464033496756,76.91516202537615,5081.157470703125,5433.183651638097,4729.131289768153,-0.4942508459647055
2012-02-08,5368.14990234375,5368.14990234375,5396.89990234375,5325.2001953125,5343.7998046875,0,5107.087475585938,4912.04498046875,5228.103650602499,5094.026167993896,134.07748260860353,108.8526192014612,79.25086679574794,5107.087475585938,5463.652017348084,4750.522933823791,0.6185393213694601
2012-02-09,5412.35009765625,5412.35009765625,5423.39990234375,5338.89990234375,5343.0498046875,0,5134.657470703125,4926.090986328125,5256.449257841538,5117.605718339256,138.8435395022825,114.85080326162547,78.69469901525908,5134.657470703125,5496.322162511009,4772.992778895241,0.8233785590302078
2012-02-10,5381.60009765625,5381.60009765625,5427.75,5341.0498046875,5399.7998046875,0,5162.174975585937,4936.6969921875,5275.703233197648,5137.160857547922,138.54237564972573,119.58911773924552,74.23577340939232,5162.174975585937,5510.127396836122,4814.222554335753,-0.568145065362935
2012-02-13,5390.2001953125,5390.2001953125,5421.0498046875,5351.39990234375,5382.10009765625,0,5188.384985351562,4948.398994140625,5293.318150446086,5155.90451219715,137.41363824893597,123.15402184118362,74.80704729894393,5188.384985351562,5521.037264002564,4855.73270670056,0.15980558756112373
2012-02-14,5416.0498046875,5416.0498046875,5428.0498046875,5377.9501953125,5380.7998046875,0,5215.49248046875,4960.078994140625,5312.199943406304,5175.174533863103,137.02540954320102,125.9282993815871,72.6253515737109,5215.49248046875,5527.989178399551,4902.995782537949,0.4795667774543766
2012-02-15,5531.9501953125,5531.9501953125,5542.10009765625,5460.60009765625,5460.60009765625,0,5243.725,4971.98099609375,5346.007674468795,5201.602360637133,144.40531383166217,129.6237022716021,75.84202122917404,5243.725,5563.745315909337,4923.704684090664,2.1399432206973046
2012-02-16,5521.9501953125,5521.9501953125,5531.39990234375,5483.75,5513.75,0,5272.03251953125,4981.417001953125,5373.075754598596,5225.331829872345,147.74392472625095,133.24774676253188,73.10462741171048,5272.03251953125,5584.894954508862,4959.170084553638,-0.18076807720491805
2012-02-17,5564.2998046875,5564.2998046875,5606.7001953125,5545.2001953125,5574.2001953125,0,5299.3275146484375,4991.92,5402.494839227658,5250.440568747542,152.05427048011643,137.0090515060488,89.00245298446443,5299.3275146484375,5614.265809890653,4984.389219406222,0.7669321141460017
2012-02-21,5607.14990234375,5607.14990234375,5621.5,5561.75,5561.89990234375,0,5327.2550048828125,5002.81099609375,5433.98023355321,5276.86348234726,157.1167512059501,141.03059144602906,87.60139894763849,5327.2550048828125,5647.592197989961,5006.917811775664,0.7700896637552246
2012-02-22,5505.35009765625,5505.35009765625,5629.9501953125,5491.35009765625,5609.75,0,5350.210009765625,5014.045,5444.960212645986,5293.788416814593,151.17179583139296,143.05883232310185,72.18429609109556,5350.210009765625,5650.960303613066,5049.459715918184,-1.8155356368294795
2012-02-23,5483.2998046875,5483.2998046875,5537.39990234375,5460.7998046875,5490.0498046875,0,5368.007495117187,5026.3769921875,5450.858611421603,5307.826297397771,143.03231402383244,143.053528663248,67.91469672213802,5368.007495117187,5655.044024912133,5080.970965322242,-0.4005248090968361
2012-02-24,5429.2998046875,5429.2998046875,5521.39990234375,5405.89990234375,5479.14990234375,0,5381.5574951171875,5039.670986328125,5447.54187192405,5316.824334974787,130.71753694926247,140.58633032045088,58.71302316591202,5381.5574951171875,5652.018986339155,5111.09600389522,-0.984808453366659
2012-02-27,5281.2001953125,5281.2001953125,5449.7998046875,5268.14990234375,5448.10009765625,0,5385.382495117187,5049.28298828125,5421.9508447530425,5314.185509814617,107.76533493842544,134.0221312440458,44.30202277655392,5385.382495117187,5647.342800363062,5123.422189871312,-2.7277846997348587
2012-02-28,5375.5,5375.5,5391.10009765625,5306.4501953125,5310.5,0,5399.792504882813,5061.52798828125,5414.804560944882,5318.727323902423,96.07723704245836,126.43315240372831,52.6074392968998,5399.792504882813,5621.295320827116,5178.28968893851,1.785575270772699
2012-02-29,5385.2001953125,5385.2001953125,5458.7998046875,5352.25,5424.9501953125,0,5409.090014648437,5074.304990234375,5410.250043155284,5323.65124030317,86.5988028521142,118.4662824934055,51.13600503864545,5409.090014648437,5609.782698523978,5208.397330772897,0.1804519637708113
2012-03-01,5339.75,5339.75,5372.4501953125,5297.5,5366.0,0,5414.292504882813,5088.06798828125,5399.403882669856,5324.843741021455,74.56014164840144,109.68505432440469,45.170937478280024,5414.292504882813,5600.964786564891,5227.6202232007345,-0.8439833927076923
2012-03-02,5359.35009765625,5359.35009765625,5392.5498046875,5315.0498046875,5369.4501953125,0,5418.7650146484375,5102.99298828125,5393.241761898532,5327.3997674388465,65.84199445968534,100.91644235146083,48.49773777137183,5418.7650146484375,5594.857362506116,5242.672666790759,0.36706021173744663
2012-03-05,5280.35009765625,5280.35009765625,5344.5,5265.7001953125,5342.5498046875,0,5416.490014648438,5117.715986328125,5375.873813553566,5323.914606714209,51.95920683935674,91.12499524904003,43.22707088344649,5416.490014648438,5598.705873379911,5234.274155916964,-1.4740593273529279
2012-03-06,5222.39990234375,5222.39990234375,5382.0498046875,5206.39990234375,5266.0,0,5409.527514648437,5128.300986328125,5352.262442598209,5316.3949989830635,35.86744361514593,80.0734849222612,38.514925861550694,5409.527514648437,5610.266384943464,5208.788644353411,-1.0974688087106554
2012-03-07,5220.4501953125,5220.4501953125,5243.85009765625,5171.4501953125,5207.0498046875,0,5403.792529296875,5138.03298828125,5331.983635323484,5309.287976488948,22.695658834536516,68.59791970471626,28.638035462189833,5403.792529296875,5619.475946935468,5188.109111658282,-0.03733354526096466
2012-03-09,5333.5498046875,5333.5498046875,5342.2998046875,5291.60009765625,5294.10009765625,0,5402.062524414063,5150.423984375,5332.2245844564095,5311.0851489481,21.13943550830936,59.10622286543488,38.68057152781363,5402.062524414063,5619.497637167895,5184.627411660231,2.166472337511305
2012-03-12,5359.5498046875,5359.5498046875,5421.89990234375,5327.2998046875,5420.10009765625,0,5399.422509765625,5162.60498046875,5336.428464491962,5314.675123447315,21.75334104464673,51.63564650127726,37.45173144368768,5399.422509765625,5617.612546614359,5181.232472916891,0.48748021396836094
2012-03-13,5429.5,5429.5,5438.64990234375,5390.7998046875,5391.0498046875,0,5401.8175048828125,5177.078984375,5350.747162262429,5323.180669858625,27.56649240380375,46.82181568178256,39.46260370803094,5401.8175048828125,5620.235276893686,5183.399732871939,1.3051505790900864
2012-03-14,5463.89990234375,5463.89990234375,5499.39990234375,5437.7998046875,5490.5498046875,0,5405.502490234375,5193.431982421875,5368.155276121094,5333.604316709376,34.550959411718395,44.36764442776973,47.32768965565003,5405.502490234375,5625.575547348283,5185.4294331204665,0.6335740370890575
2012-03-15,5380.5,5380.5,5462.5,5362.2998046875,5462.5,0,5403.725,5208.555986328125,5370.0544644101565,5337.0780710272,32.9763933829563,42.08939421880705,43.858293902460375,5403.725,5624.013520839817,5183.436479160184,-1.5263804944152692
2012-03-16,5317.89990234375,5317.89990234375,5445.64990234375,5305.0,5380.35009765625,0,5393.022485351563,5219.60798828125,5362.030685630709,5335.657465939537,26.37321969117147,38.946159313279935,43.41218411130162,5393.022485351563,5607.810887588839,5178.2340831142865,-1.1634624599247245
2012-03-19,5257.0498046875,5257.0498046875,5340.7001953125,5238.5498046875,5337.35009765625,0,5379.7774658203125,5229.755986328125,5345.879780870215,5329.834676217164,16.045104653050657,34.365948381234084,48.407491551269366,5379.7774658203125,5593.7594517260795,5165.7954799145455,-1.1442505269689596
2012-03-20,5274.85009765625,5274.85009765625,5297.35009765625,5233.25,5257.14990234375,0,5365.30498046875,5240.253984375,5334.952137298836,5325.761744471912,9.190392826923926,29.33083727037205,42.61827427527799,5365.30498046875,5565.445237231815,5165.164723705685,0.3385985225568655
2012-03-21,5364.9501953125,5364.9501953125,5372.35009765625,5256.0,5267.2001953125,0,5353.194995117187,5252.470986328125,5339.567223147092,5328.664592682326,10.902630464765934,25.64519590925083,48.671522034949426,5353.194995117187,5517.8922970623735,5188.497693172001,1.7081072634895111
2012-03-22,5228.4501953125,5228.4501953125,5385.9501953125,5205.64990234375,5361.10009765625,0,5339.35,5262.183994140625,5322.472295787924,5321.241303988265,1.230991799659023,20.76235508733247,43.47750942281873,5339.35,5496.576700609664,5182.123299390337,-2.5442920256606216
2012-03-23,5278.2001953125,5278.2001953125,5312.0,5220.0,5255.64990234375,0,5329.09501953125,5270.757001953125,5315.6612034070895,5318.053073715986,-2.391870308896614,16.131510008086654,45.406696475210616,5329.09501953125,5472.97770415007,5185.2123349124295,0.9515247949497985
2012-03-26,5184.25,5184.25,5274.9501953125,5174.89990234375,5274.35009765625,0,5316.842529296875,5277.222998046875,5295.444095190614,5308.141734922209,-12.6976397315957,10.365680060150183,44.65100376742318,5316.842529296875,5466.418905357467,5167.266153236283,-1.779966500625274
2012-03-27,5243.14990234375,5243.14990234375,5277.9501953125,5184.64990234375,5242.9501953125,0,5314.940014648438,5285.46099609375,5287.398834752635,5303.327525101583,-15.928690348948294,5.106805978330488,51.15373922713371,5314.940014648438,5467.366027322675,5162.5140019742,1.136131597506873
2012-03-28,5194.75,5194.75,5236.5498046875,5169.60009765625,5231.7001953125,0,5305.902514648437,5292.03599609375,5273.145167867614,5295.284745464429,-22.13957759681489,-0.3424707366985871,48.641208099570726,5305.902514648437,5464.517987467919,5147.287041828956,-0.9231073542664614
2012-03-29,5178.85009765625,5178.85009765625,5194.2998046875,5135.9501953125,5145.9501953125,0,5295.585009765625,5298.135,5258.638233988942,5286.659956737897,-28.021722748954744,-5.8783211391498185,40.88393529716084,5295.585009765625,5459.246920840364,5131.923098690886,-0.30607637217864303
2012-03-30,5295.5498046875,5295.5498046875,5307.10009765625,5203.64990234375,5206.60009765625,0,5293.375,5304.7,5264.316937173336,5287.318463993423,-23.001526820087747,-9.302962275337405,46.59284568298534,5293.375,5455.714198115506,5131.035801884494,2.2533903246989784
2012-04-02,5317.89990234375,5317.89990234375,5331.5498046875,5278.7998046875,5296.35009765625,0,5291.302490234375,5311.942001953125,5272.560470276476,5289.583755723078,-17.02328544660213,-10.847026909590351,43.74158336514244,5291.302490234375,5451.134259556719,5131.470720912031,0.42205433770949874
2012-04-03,5358.5,5358.5,5378.75,5344.4501953125,5353.2001953125,0,5295.209985351563,5318.74400390625,5285.781936387787,5294.688662706554,-8.906726318767141,-10.45896679142571,44.1301031438058,5295.209985351563,5457.713170004456,5132.70680069867,0.7634611106229539
2012-04-04,5322.89990234375,5322.89990234375,5338.39990234375,5305.2998046875,5328.64990234375,0,5300.2349853515625,5324.23,5291.492392688705,5296.778384161161,-5.285991472455862,-9.42437172763174,46.61176090776602,5300.2349853515625,5459.440258122951,5141.029712580174,-0.6643668499813349
2012-04-09,5234.39990234375,5234.39990234375,5287.89990234375,5228.0,5282.5,0,5300.932470703125,5327.992998046875,5282.708932635635,5292.15775587839,-9.44882324275477,-9.429262030656346,45.233476266609586,5300.932470703125,5458.782453040295,5143.082488365954,-1.6626275455796646
2012-04-10,5243.60009765625,5243.60009765625,5255.7998046875,5211.85009765625,5254.10009765625,0,5296.434985351562,5330.317998046875,5276.692188792653,5288.56089230638,-11.868703513727269,-9.917150327270532,49.18412501888257,5296.434985351562,5455.493063735694,5137.376906967431,0.1757640891820289
2012-04-11,5226.85009765625,5226.85009765625,5263.64990234375,5190.7998046875,5209.4501953125,0,5289.8,5331.68900390625,5269.024174771667,5283.989722332297,-14.965547560629602,-10.926829773942346,47.084548796676465,5289.8,5448.843594808006,5130.756405191994,-0.31943702204687563
2012-04-12,5276.85009765625,5276.85009765625,5290.60009765625,5246.75,5246.75,0,5282.167504882813,5333.132001953125,5270.228162907757,5283.460861245182,-13.232698337425063,-11.38800348663889,44.37491465523208,5282.167504882813,5426.999254325388,5137.335755440237,0.9565990810109559
2012-04-13,5207.4501953125,5207.4501953125,5306.75,5185.39990234375,5255.7001953125,0,5269.34501953125,5335.535009765625,5260.570014046948,5277.8304415464645,-17.26042749951648,-12.562488289214409,48.53351955307263,5269.34501953125,5389.787020224346,5148.903018838154,-1.315176687974795
2012-04-16,5226.2001953125,5226.2001953125,5233.5,5183.5,5190.60009765625,0,5261.630029296875,5336.074013671875,5255.2823496262645,5274.005978862467,-18.723629236202214,-13.79471647861197,46.2043795620438,5261.630029296875,5371.386154611681,5151.873903982069,0.3600610528522674
2012-04-17,5289.7001953125,5289.7001953125,5298.2001953125,5208.35009765625,5266.60009765625,0,5260.220043945313,5337.154013671875,5260.577402808763,5275.168513414322,-14.591110605559152,-13.953995304001408,58.05516971797469,5260.220043945313,5367.631998482548,5152.808089408078,1.215031908975761
2012-04-18,5300.0,5300.0,5342.0,5293.4501953125,5320.7001953125,0,5262.3675537109375,5337.756015625,5266.642417761261,5277.007882791038,-10.365465029777624,-13.236289249156652,54.69099143019456,5262.3675537109375,5371.220391515553,5153.514715906322,0.19471433743309952
2012-04-19,5332.39990234375,5332.39990234375,5342.4501953125,5291.2998046875,5320.60009765625,0,5265.245043945312,5337.88701171875,5276.758953850875,5281.110995350498,-4.352041499623738,-11.459439699250069,61.66624041873273,5265.245043945312,5378.443131493565,5152.04695639706,0.6113189121462304
2012-04-20,5290.85009765625,5290.85009765625,5336.14990234375,5245.4501953125,5313.9501953125,0,5261.5400390625,5336.471015625,5278.926822128625,5281.83241033611,-2.90558820748538,-9.748669400897132,59.09682188668948,5261.5400390625,5365.468702561749,5157.611375563251,-0.779195211320094
2012-04-23,5200.60009765625,5200.60009765625,5310.5498046875,5187.14990234375,5277.39990234375,0,5260.147534179688,5333.78001953125,5266.876556825182,5275.815201989454,-8.938645164272202,-9.586664553572145,41.94180405924518,5260.147534179688,5366.6572332801525,5153.637835079223,-1.705775033013679
2012-04-24,5222.64990234375,5222.64990234375,5232.35009765625,5180.35009765625,5215.89990234375,0,5257.37001953125,5330.87001953125,5260.072456135731,5271.877031645328,-11.80457550959727,-10.030246744777171,41.91219638397166,5257.37001953125,5364.79086733496,5149.9491717275405,0.42398577613067534
2012-04-25,5202.0,5202.0,5236.10009765625,5160.64990234375,5222.2001953125,0,5258.25751953125,5326.663017578125,5251.138232114849,5266.700955227156,-15.56272311230623,-11.136742018282984,36.245371665754014,5258.25751953125,5363.403965535971,5153.111073526529,-0.39539128086075737
2012-04-26,5189.0,5189.0,5215.60009765625,5179.0498046875,5214.75,0,5255.550024414062,5322.811015625,5241.5785040971805,5260.945328914033,-19.366824816852386,-12.782758577996864,37.74482245149135,5255.550024414062,5365.033678640913,5146.066370187211,-0.2499038831218714
2012-04-27,5190.60009765625,5190.60009765625,5223.0498046875,5154.2998046875,5189.0,0,5255.342529296875,5318.819013671875,5233.735672337038,5255.734571043086,-21.99889870604875,-14.625986603607242,45.23292767178615,5255.342529296875,5365.325948153613,5145.359110440137,0.030836339492190667
2012-04-30,5248.14990234375,5248.14990234375,5262.14990234375,5201.4501953125,5201.4501953125,0,5258.80751953125,5315.461015625,5235.953246184225,5255.172743732024,-19.21949754779962,-15.544688792445717,50.44803677382749,5258.80751953125,5362.850215877191,5154.76482318531,1.1087312373281533
2012-05-02,5239.14990234375,5239.14990234375,5279.60009765625,5226.4501953125,5254.2998046875,0,5255.987524414062,5309.605009765625,5236.445039439535,5253.985866592152,-17.540827152616657,-15.943916464479905,51.229982871060294,5255.987524414062,5358.888162839478,5153.086885988646,-0.17148900407705225
2012-05-03,5188.39990234375,5188.39990234375,5217.2998046875,5180.64990234375,5211.2001953125,0,5249.512524414063,5302.93400390625,5229.053479886337,5249.1276470181965,-20.074167131859213,-16.76996659795577,41.168210902807715,5249.512524414063,5352.307162008087,5146.717886820038,-0.9686685997912892
2012-05-04,5086.85009765625,5086.85009765625,5177.2001953125,5070.60009765625,5166.64990234375,0,5235.930029296875,5293.385009765625,5207.176036466324,5237.1070878062,-29.93105133987592,-19.4021835463398,38.68452422948256,5235.930029296875,5349.330219571373,5122.529839022376,-1.9572470626565863
2012-05-07,5114.14990234375,5114.14990234375,5124.75,4988.0,5017.7998046875,0,5225.492529296875,5283.525009765625,5192.86432352439,5227.999148142315,-35.134824617925005,-22.548711760656843,39.65273287539667,5225.492529296875,5343.521007003087,5107.464051590662,0.5366740549338722
2012-05-08,4999.9501953125,4999.9501953125,5119.9501953125,4983.60009765625,5114.7001953125,0,5213.770043945313,5273.41701171875,5163.185226876407,5211.1066331178845,-47.9214062414776,-27.623250656820993,25.534006200936744,5213.770043945313,5368.8337641101725,5058.706323780453,-2.233014464024874
2012-05-09,4974.7998046875,4974.7998046875,5016.25,4956.4501953125,4967.89990234375,0,5200.330029296875,5263.24701171875,5134.2028542319595,5193.602423604523,-59.39956937256375,-33.97851439996955,23.21246140802198,5200.330029296875,5387.731574255132,5012.928484338619,-0.5030128229792874
2012-05-10,4965.7001953125,4965.7001953125,5039.2998046875,4950.2998046875,4984.14990234375,0,5187.272534179688,5253.97501953125,5108.27936824435,5176.720777064374,-68.44140882002375,-40.87109328398039,18.588272691910333,5187.272534179688,5401.382560934534,4973.162507424841,-0.18291408161642542
2012-05-11,4928.89990234375,4928.89990234375,4976.25,4906.14990234375,4938.85009765625,0,5169.875024414063,5246.929013671875,5080.682527336566,5158.363675233217,-77.68114789665105,-48.233104206514525,18.74076485551005,5169.875024414063,5408.482189779668,4931.2678590484575,-0.741089705808029
2012-05-14,4907.7998046875,4907.7998046875,4957.2001953125,4874.5,4934.35009765625,0,5154.892504882812,5237.575009765625,5054.085185390556,5139.803388526127,-85.71820313557055,-55.73012399232573,21.282788781201234,5154.892504882812,5419.7521743702355,4890.032835395389,-0.4280893926495999
2012-05-15,4942.7998046875,4942.7998046875,4955.2001953125,4868.5498046875,4869.85009765625,0,5140.722485351563,5228.727001953125,5036.9643575900855,5125.210530464006,-88.24617287392084,-62.233333768644755,23.23286857446027,5140.722485351563,5419.478480959904,4861.966489743221,0.7131505235109747
2012-05-16,4858.25,4858.25,4882.25,4837.0498046875,4875.2998046875,0,5119.149975585938,5219.097001953125,5009.469841037765,5105.435676355562,-95.96583531779652,-68.97983407847511,20.70226341661548,5119.149975585938,5415.580381913882,4822.7195692579935,-1.7105650244486403
2012-05-17,4870.2001953125,4870.2001953125,4922.25,4850.2001953125,4878.60009765625,0,5097.659985351563,5209.31400390625,4988.043741695416,5088.010825907927,-99.9670842125106,-75.17728410528221,22.78005316399124,5097.659985351563,5401.120743481218,4794.199227221908,0.24597736453455532
2012-05-18,4891.4501953125,4891.4501953125,4908.5,4788.9501953125,4796.39990234375,0,5075.6125,5201.536005859375,4973.183196098045,5073.4507791971555,-100.2675830991102,-80.1953439040478,25.287059588512292,5075.6125,5371.235968680177,4779.989031319823,0.4363270327255364
2012-05-22,4860.5,4860.5,4956.35009765625,4849.89990234375,4954.7001953125,0,5054.094995117188,5194.2980078125,4955.847319775269,5057.676647404774,-101.8293276295044,-84.52214064913913,16.503934350146622,5054.094995117188,5346.383234701859,4761.806755532517,-0.632740681734012
2012-05-23,4835.64990234375,4835.64990234375,4853.75,4803.9501953125,4843.0,0,5035.847485351563,5186.602001953125,4937.355409401189,5041.230221844698,-103.87481244350874,-88.39267500801306,16.063919259882255,5035.847485351563,5335.109402840692,4736.585567862433,-0.511266282404077
2012-05-24,4921.39990234375,4921.39990234375,4931.89990234375,4830.14990234375,4863.39990234375,0,5020.784985351563,5178.35900390625,4934.900716007736,5032.353901881665,-97.4531858739283,-90.2047771811961,28.792692613185068,5020.784985351563,5310.635974516228,4730.933996186897,1.7732880115749916
2012-05-25,4920.39990234375,4920.39990234375,4935.7998046875,4889.35009765625,4905.9501953125,0,5006.70498046875,5169.576005859375,4932.669821597892,5024.061013027004,-91.39119142911204,-90.4420600307793,34.265986024056346,5006.70498046875,5286.681646122456,4726.7283148150445,-0.02031942170608314
2012-05-28,4985.64990234375,4985.64990234375,4994.9501953125,4931.2998046875,4931.7001953125,0,4996.5374755859375,5160.69900390625,4940.820603251101,5021.215745568986,-80.39514231788507,-88.43267648820046,38.66643927883605,4996.5374755859375,5263.087446128958,4729.987505042917,1.3261117245555454
2012-05-29,4990.10009765625,4990.10009765625,5020.14990234375,4982.14990234375,5005.35009765625,0,4986.512475585938,5151.2230078125,4948.402063928816,5018.910882760635,-70.50881883181955,-84.84790495692428,48.92266447350853,4986.512475585938,5236.924068697888,4736.100882473987,0.08926008443568278
2012-05-30,4950.75,4950.75,4982.25,4944.89990234375,4964.25,0,4971.64248046875,5142.6280078125,4948.763284862844,5013.86192848207,-65.0986436192261,-80.89805268938464,47.44884111688694,4971.64248046875,5189.891886239685,4753.393074697816,-0.7885632930435982
2012-05-31,4924.25,4924.25,4924.25,4894.4501953125,4896.10009765625,0,4955.897485351563,5134.755009765625,4944.99201026856,5007.224007853768,-62.231997585207864,-77.16484166854929,45.75957928472809,4955.897485351563,5134.773239843454,4777.021730859672,-0.5352724334696801
2012-06-01,4841.60009765625,4841.60009765625,4925.0,4831.75,4910.85009765625,0,4938.5574951171875,5126.446015625,4929.0855621743585,4994.955570061359,-65.87000788700061,-74.90587491223955,41.83504405121376,4938.5574951171875,5087.21928544335,4789.895704791025,-1.6784262038635367
2012-06-04,4848.14990234375,4848.14990234375,4858.2998046875,4770.35009765625,4797.2998046875,0,4926.622485351562,5117.91201171875,4916.633922200419,4984.081076156352,-67.44715395593266,-73.41413072097818,44.26498714160571,4926.622485351562,5062.973815795207,4790.271154907918,0.1352818191380667
2012-06-05,4863.2998046875,4863.2998046875,4898.9501953125,4847.7001953125,4869.4501953125,0,4914.07998046875,5107.87900390625,4908.428673352278,4975.134315306807,-66.70564195452971,-72.07243296768848,42.05318183149325,4914.07998046875,5020.710129684414,4807.449831253087,0.31248832335868393
2012-06-06,4997.10009765625,4997.10009765625,5010.4501953125,4886.14990234375,4886.64990234375,0,4913.937475585937,5103.252001953125,4922.070430937504,4976.761410295655,-54.6909793581508,-68.59614224578095,62.63535580191509,4913.937475585937,5020.090975501977,4807.783975669898,2.751224443119593
2012-06-07,5049.64990234375,5049.64990234375,5059.64990234375,5007.75,5035.35009765625,0,4917.67998046875,5098.68099609375,4941.69804192308,4982.160557854773,-40.462515931692906,-62.969416982963345,65.20630606997716,4917.67998046875,5037.292688078186,4798.067272859314,1.0516060046935394
2012-06-08,5068.35009765625,5068.35009765625,5084.4501953125,4994.7998046875,5044.25,0,4922.812475585937,5096.362998046875,4961.182973574338,4988.544968210438,-27.361994636100462,-55.84793251359077,65.05529832505127,4922.812475585937,5058.790718590187,4786.8342325816875,0.3703265706365144
2012-06-11,5054.10009765625,5054.10009765625,5124.4501953125,5040.7001953125,5096.7001953125,0,4929.072485351562,5092.582001953125,4975.477915740786,4993.4009037249425,-17.922987984156862,-48.26294360770399,66.95865437010639,4929.072485351562,5077.214324005578,4780.930646697546,-0.2811565840053043
2012-06-12,5115.89990234375,5115.89990234375,5128.89990234375,5015.14990234375,5015.5,0,4939.477490234375,5091.005,4997.081298295087,5002.474903622632,-5.393605327544719,-39.68907595167214,73.05635540929659,4939.477490234375,5109.015683400166,4769.939297068584,1.222765744512233
2012-06-13,5121.4501953125,5121.4501953125,5144.89990234375,5095.4501953125,5117.5498046875,0,4948.410009765625,5089.857001953125,5016.214974759305,5011.287888192252,4.927086567053266,-30.765843447927057,68.96030536188141,4948.410009765625,5136.49589411845,4760.324125412799,0.10849103920518299
2012-06-14,5054.75,5054.75,5130.0,5047.60009765625,5105.10009765625,0,4958.235009765625,5085.041005859375,5022.143440180951,5014.5073038817145,7.6361362992365684,-23.085447498494332,61.32321846421784,4958.235009765625,5147.01847143692,4769.451548094331,-1.3023693049587504
2012-06-15,5139.0498046875,5139.0498046875,5146.2001953125,5069.14990234375,5069.5498046875,0,4971.677490234375,5081.46400390625,5040.12903472042,5023.732674311772,16.396360408648434,-15.189085917065778,62.52652530999026,4971.677490234375,5172.001456289691,4771.353524179059,1.6677344020475715
2012-06-18,5064.25,5064.25,5190.2001953125,5041.7001953125,5174.0,0,4980.31748046875,5075.57900390625,5043.839952455741,5026.733957696085,17.105994759655914,-8.73006978172144,55.431034421097124,4980.31748046875,5180.977599562782,4779.657361374717,-1.4555181897492497
2012-06-19,5103.85009765625,5103.85009765625,5113.60009765625,5048.10009765625,5050.7998046875,0,4992.4849853515625,5071.1980078125,5053.072282486588,5032.446264359801,20.62601812678713,-2.858852200019726,61.20955627104368,4992.4849853515625,5192.063178183766,4792.906792519359,0.781953846201322
2012-06-20,5120.5498046875,5120.5498046875,5141.7001953125,5100.7001953125,5114.5498046875,0,5006.72998046875,5068.921005859375,5063.453439748268,5038.9724525322235,24.480987216044014,2.6091156831930222,64.58177972126386,5006.72998046875,5199.736317140838,4813.723643796662,0.3271982270584006
2012-06-21,5165.0,5165.0,5170.39990234375,5093.4501953125,5097.35009765625,0,5018.909985351563,5067.34900390625,5079.075987479303,5048.307826418725,30.768161060577768,8.240924758669971,75.46857395550941,5018.909985351563,5219.826566601068,4817.993404102057,0.8680746601040568
2012-06-22,5146.0498046875,5146.0498046875,5159.7998046875,5094.0,5101.75,0,5030.19248046875,5065.732998046875,5089.379651665179,5055.547972957153,33.83167870802572,13.35907554854112,73.01095068082503,5030.19248046875,5233.149514156013,4827.235446781487,-0.36689632744433265
2012-06-25,5114.64990234375,5114.64990234375,5194.60009765625,5105.64990234375,5158.5,0,5036.64248046875,5062.488994140625,5093.267382538806,5059.9258936524575,33.34148888634809,17.355558216102516,68.93979253115086,5036.64248046875,5241.826281552268,4831.458679385233,-0.610174862962809
2012-06-26,5120.7998046875,5120.7998046875,5134.5498046875,5095.5,5107.4501953125,0,5043.177465820312,5060.755986328125,5097.50313979245,5064.435072247646,33.06806754480476,20.498060081842965,61.541307107003675,5043.177465820312,5250.434745156394,4835.920186484231,0.12024092481739412
2012-06-27,5141.89990234375,5141.89990234375,5160.10009765625,5129.25,5149.4501953125,0,5052.7349609375,5059.06998046875,5104.333410954188,5070.1732078103205,34.160203143867875,23.23048869424795,59.14361822606217,5052.7349609375,5259.675264054063,4845.794657820937,0.41204691573639707
2012-06-28,5149.14990234375,5149.14990234375,5159.0498046875,5125.2998046875,5148.9501953125,0,5063.979956054687,5056.258974609375,5111.228255783351,5076.023333331315,35.204922452036044,25.625375445805567,58.19470635775862,5063.979956054687,5265.904293339163,4862.055618770211,0.14099846628081725
2012-06-29,5278.89990234375,5278.89990234375,5286.25,5189.0,5191.25,0,5085.844946289062,5055.83697265625,5137.02389371572,5091.0512273322365,45.972666383483556,29.69483363334117,68.47163555361544,5085.844946289062,5280.969768079751,4890.7201244983735,2.519833418346229
2012-07-02,5278.60009765625,5278.60009765625,5302.14990234375,5263.35009765625,5283.85009765625,0,5107.367456054688,5054.7609765625,5158.804848168109,5104.943736245126,53.86111192298267,34.52808929126947,64.87204710351921,5107.367456054688,5286.3948296186345,4928.340082490741,-0.005679302374472783
2012-07-03,5287.9501953125,5287.9501953125,5317.0,5265.9501953125,5298.85009765625,0,5128.5999755859375,5054.702978515625,5178.673363113399,5118.499770250117,60.173592863282465,39.65719000567207,65.11438444449567,5128.5999755859375,5285.051422142493,4972.148529029382,0.17713214646439823
2012-07-04,5302.5498046875,5302.5498046875,5317.64990234375,5273.2998046875,5310.39990234375,0,5143.8724609375,5056.74197265625,5197.731277201723,5132.133106134367,65.5981710673559,44.84538621800884,74.84461528821073,5143.8724609375,5305.812905375994,4981.932016499007,0.2760920363422015
2012-07-05,5327.2998046875,5327.2998046875,5333.64990234375,5288.85009765625,5297.0498046875,0,5157.754956054688,5058.834970703125,5217.664896814919,5146.589898619784,71.07499819513487,50.09130861343405,71.43347958255595,5157.754956054688,5332.762076097576,4982.747836011799,0.4667565777151328
2012-07-06,5316.9501953125,5316.9501953125,5327.2001953125,5287.75,5324.7001953125,0,5170.1849609375,5061.133974609375,5232.93955812224,5159.209179856282,73.73037826595737,54.81912254393872,83.72040595060622,5170.1849609375,5353.568586666663,4986.801335208338,-0.19427495644028792
2012-07-09,5275.14990234375,5275.14990234375,5300.60009765625,5257.75,5283.7001953125,0,5181.237451171875,5062.85697265625,5239.433457233241,5167.797381522021,71.63607571121975,58.18251317739493,72.72487012398139,5181.237451171875,5361.785840962096,5000.689061381655,-0.7861704818224902
2012-07-10,5345.35009765625,5345.35009765625,5348.5498046875,5284.5498046875,5286.60009765625,0,5192.7099609375,5065.95197265625,5255.728324990627,5180.949434569001,74.77889042162587,61.50178862624112,76.11528159562724,5192.7099609375,5384.582051477025,5000.837870397975,1.3307715726013747
2012-07-11,5306.2998046875,5306.2998046875,5336.4501953125,5300.25,5315.25,0,5201.95244140625,5067.114970703125,5263.5085526363,5190.234647170371,73.27390546592869,63.85621199417864,66.62350643382354,5201.95244140625,5397.151125806449,5006.75375700605,-0.730546966154233
2012-07-12,5235.25,5235.25,5261.75,5217.7001953125,5240.0,0,5210.97744140625,5067.03697265625,5259.161082999946,5193.569117750344,65.59196524960225,64.20336264526337,59.34817316548972,5210.97744140625,5393.819424672385,5028.135458140116,-1.3389707951430796
2012-07-13,5227.25,5227.25,5267.14990234375,5216.85009765625,5242.75,0,5215.387451171875,5067.813974609375,5254.251685615339,5196.063997916985,58.18768769835424,63.000227655881545,62.409099665618065,5215.387451171875,5395.1536174334815,5035.6212849102685,-0.1528102764910888
2012-07-16,5197.25,5197.25,5246.85009765625,5190.4501953125,5232.35009765625,0,5222.037451171875,5070.02197265625,5245.482195520671,5196.151849923134,49.33034559753651,60.26625124421254,58.00442116843997,5222.037451171875,5387.536627202363,5056.538275141386,-0.5739155387632144
2012-07-17,5192.85009765625,5192.85009765625,5236.7001953125,5181.7001953125,5228.0498046875,0,5226.487451171875,5071.5959765625,5237.384949695374,5195.907275681143,41.477674014231525,56.50853579821634,55.527854887584496,5226.487451171875,5383.156726090247,5069.818176253504,-0.08465827781518609
2012-07-18,5216.2998046875,5216.2998046875,5222.85009765625,5169.0498046875,5199.10009765625,0,5231.274951171875,5075.92296875,5234.141081232624,5197.417833385318,36.723247847306084,52.5514782080343,57.038046176190925,5231.274951171875,5379.96225510347,5082.58764724028,0.45157681408585226
2012-07-19,5242.7001953125,5242.7001953125,5257.75,5233.14990234375,5249.85009765625,0,5235.1599609375,5081.2809765625,5235.457868014143,5200.772082416961,34.685785597182075,48.97833968586385,45.1565780825963,5235.1599609375,5380.580508387323,5089.739413487677,0.5061133679715946
2012-07-20,5205.10009765625,5205.10009765625,5238.7001953125,5197.5,5233.5498046875,0,5238.112475585937,5086.068974609375,5230.787441805237,5201.09267613839,29.69476566684716,45.121624882060516,41.058394160583944,5238.112475585937,5378.2158380133615,5098.009113158513,-0.7171895446142051
2012-07-23,5117.9501953125,5117.9501953125,5164.2001953125,5108.10009765625,5163.25,0,5238.277490234375,5089.84998046875,5213.427865421739,5194.933973854991,18.49389156674806,39.796078218998026,32.61046768332031,5238.277490234375,5377.7750433453275,5098.779937123423,-1.6743175099167007
2012-07-24,5128.2001953125,5128.2001953125,5144.0,5103.25,5128.7998046875,0,5238.647509765625,5094.25798828125,5200.315916174163,5189.990730999992,10.325185174171565,33.901899610032736,32.00541448202597,5238.647509765625,5376.8664137629285,5100.428605768321,0.20027549329002525
2012-07-25,5109.60009765625,5109.60009765625,5121.60009765625,5076.60009765625,5118.39990234375,0,5237.03251953125,5097.593994140625,5186.359636402176,5184.035869270826,2.323767131349996,27.58627311429619,27.242361103312817,5237.03251953125,5380.6600948902515,5093.404944172248,-0.3627022531852764
2012-07-26,5043.0,5043.0,5126.2998046875,5032.39990234375,5126.2998046875,0,5231.725024414062,5101.288994140625,5164.3043077249185,5173.588767843357,-9.284460118438801,20.212126467749194,24.37566224560635,5231.725024414062,5395.463619716513,5067.986429111612,-1.3034307261501565
2012-07-27,5099.85009765625,5099.85009765625,5149.9501953125,5077.5,5124.2998046875,0,5222.772534179688,5105.8819921875,5154.388275406662,5168.126644125793,-13.738368719131358,13.422027430373085,34.05207261665521,5222.772534179688,5395.009605580193,5050.535462779182,1.127307111962117
2012-07-30,5199.7998046875,5199.7998046875,5206.60009765625,5129.75,5129.75,0,5218.83251953125,5112.048984375,5161.374664526791,5170.472804167401,-9.098139640609588,8.91799401617655,37.43848550664175,5218.83251953125,5389.2883769316195,5048.3766621308805,1.9598557823725882
2012-07-31,5229.0,5229.0,5234.5498046875,5154.0498046875,5214.85009765625,0,5215.885009765625,5119.418984375,5171.7785622919,5174.808152006853,-3.0295897149526354,6.528477269950713,43.21336218722564,5215.885009765625,5383.320505629595,5048.449513901655,0.5615638372495901
2012-08-01,5240.5,5240.5,5246.35009765625,5212.64990234375,5220.7001953125,0,5212.78251953125,5127.515986328125,5182.35109117007,5179.67421482116,2.6768763489099,5.758157085742551,50.51475615150836,5212.78251953125,5375.694938501213,5049.870100561287,0.2199273283610692
2012-08-02,5227.75,5227.75,5236.89990234375,5209.9501953125,5233.10009765625,0,5207.805029296875,5133.64298828125,5189.335538682366,5183.235384093667,6.100154588699297,5.826556586333901,50.04857196524827,5207.805029296875,5361.825858989294,5053.784199604455,-0.24329739528671235
2012-08-03,5215.7001953125,5215.7001953125,5220.2001953125,5164.64990234375,5195.60009765625,0,5202.742529296875,5139.548994140625,5193.391639702387,5185.640184924691,7.751454777695471,6.211536224606215,51.85709062028183,5202.742529296875,5348.0687062830675,5057.416352310682,-0.23049695734302933
2012-08-06,5282.5498046875,5282.5498046875,5293.2001953125,5260.85009765625,5260.85009765625,0,5203.112524414062,5145.4869921875,5207.108280469327,5192.818675277493,14.289605191834198,7.827150018051812,58.020364272672744,5203.112524414062,5349.250310704404,5056.97473812372,1.2816996159993987
2012-08-07,5336.7001953125,5336.7001953125,5350.10009765625,5281.64990234375,5295.39990234375,0,5202.680029296875,5152.418994140625,5227.045498137508,5203.476565650456,23.568932487051825,10.975506511851815,60.20514586347668,5202.680029296875,5347.086325483755,5058.273733109994,1.0250805506263116
2012-08-08,5338.0,5338.0,5377.60009765625,5331.0498046875,5345.25,0,5204.2650390625,5160.163994140625,5244.115421500968,5213.441264491163,30.67415700980564,14.91523661144258,58.43660035791166,5204.2650390625,5354.05562185792,5054.47445626708,0.024355962297484268
2012-08-09,5322.9501953125,5322.9501953125,5368.2001953125,5312.10009765625,5348.2998046875,0,5208.650048828125,5168.137998046875,5256.243848241204,5221.553037144595,34.69081109660965,18.870351508475995,60.8667776650185,5208.650048828125,5367.141835827231,5050.1582618290195,-0.2819371428905981
2012-08-10,5320.39990234375,5320.39990234375,5330.10009765625,5294.10009765625,5308.2001953125,0,5213.307543945312,5177.713994140625,5266.114010410826,5228.875027159347,37.23898325147911,22.54407785707662,72.11840382729788,5213.307543945312,5379.393474434792,5047.221613455833,-0.04791126866067197
2012-08-13,5347.89990234375,5347.89990234375,5352.4501953125,5309.0498046875,5316.35009765625,0,5220.8400390625,5187.708994140625,5278.696455323584,5237.691684580414,41.0047707431695,26.236216434295198,73.13115942401514,5220.8400390625,5397.2063062895,5044.4737718355,0.516878439680557
2012-08-14,5380.35009765625,5380.35009765625,5387.0498046875,5328.7998046875,5343.25,0,5230.2150390625,5198.05,5294.335477220917,5248.258974437884,46.07650278303299,30.204273704042755,77.69820971867009,5230.2150390625,5419.7581159587635,5040.671962166237,0.6067838947074966
2012-08-16,5362.9501953125,5362.9501953125,5390.64990234375,5356.64990234375,5385.9501953125,0,5237.54755859375,5205.367001953125,5304.891587696545,5256.754620428595,48.13696726794933,33.790812416824075,86.39521527486176,5237.54755859375,5435.96281511675,5039.1323020707505,-0.32339721445505676
2012-08-17,5366.2998046875,5366.2998046875,5399.9501953125,5341.7001953125,5368.60009765625,0,5243.7275390625,5211.7,5314.339005695153,5264.869078521848,49.46992717330522,36.92663536812031,84.50980168954086,5243.7275390625,5450.348302597158,5037.106775527842,0.06245833455489347
2012-08-21,5421.0,5421.0,5425.14990234375,5368.7001953125,5368.7001953125,0,5254.522534179688,5218.752998046875,5330.74838943436,5276.434331964674,54.314057469686304,40.404119788433505,82.4530988970683,5254.522534179688,5474.7570849481845,5034.287983411191,1.0193279783719644
2012-08-22,5412.85009765625,5412.85009765625,5433.35009765625,5394.7998046875,5395.75,0,5269.267529296875,5225.927998046875,5343.379421468498,5286.539203497383,56.840217971114726,43.691339424969755,78.74908184659928,5269.267529296875,5490.487966353916,5048.0470922398345,-0.15033946400572207
2012-08-23,5415.35009765625,5415.35009765625,5448.60009765625,5393.85009765625,5426.14990234375,0,5283.625024414063,5231.917001953125,5354.45183318969,5296.080751212854,58.37108197683574,46.62728793534295,78.13360778737145,5283.625024414063,5503.565283841517,5063.684764986609,0.046186388961388936
2012-08-24,5386.7001953125,5386.7001953125,5399.64990234375,5371.0,5392.60009765625,0,5297.480029296875,5237.222001953125,5359.413119670123,5302.793302627642,56.61981704248046,48.62579375677045,74.33039651528152,5297.480029296875,5505.870225890442,5089.089832703307,-0.52904986431348
2012-08-27,5350.25,5350.25,5399.14990234375,5346.64990234375,5387.85009765625,0,5312.842529296875,5243.132001953125,5358.003408951642,5306.3086135441135,51.694795407528545,49.23959408692207,69.16391960497948,5312.842529296875,5484.263960152943,5141.421098440807,-0.6766702060793883
2012-08-29,5287.7998046875,5287.7998046875,5345.5,5282.7001953125,5343.85009765625,0,5322.240014648438,5246.107001953125,5347.202854449466,5304.937590665846,42.26526378361996,47.84472802626165,50.75724709130349,5322.240014648438,5462.221453677852,5182.258575619024,-1.1672388264567068
2012-08-30,5315.0498046875,5315.0498046875,5342.7998046875,5255.0498046875,5268.60009765625,0,5328.002514648438,5251.122998046875,5342.256231409163,5305.686643556339,36.56958785282404,45.58969999157413,46.61448152853792,5328.002514648438,5455.712120703941,5200.2929085929345,0.515337210305189
2012-08-31,5258.5,5258.5,5303.25,5238.89990234375,5298.2001953125,0,5329.477514648437,5254.21599609375,5329.370657346215,5302.19133662624,27.179320719975294,41.907624137254366,39.4,5329.477514648437,5452.984915373029,5205.970113923845,-1.0639562518798384
2012-09-03,5253.75,5253.75,5295.7998046875,5243.14990234375,5276.5,0,5330.1400146484375,5256.88,5317.736710062181,5298.603089468741,19.133620593440355,37.35282342849156,40.51272850934388,5330.1400146484375,5451.765627339796,5208.514401957079,-0.09032994199866806
2012-09-04,5274.0,5274.0,5278.35009765625,5233.2001953125,5249.14990234375,0,5332.4525146484375,5259.06,5311.00798543723,5296.780638396983,14.227347040246968,32.727728150842644,43.93306561280972,5332.4525146484375,5447.45986811322,5217.445161183655,0.3854389721627438
2012-09-05,5225.7001953125,5225.7001953125,5259.5,5215.7001953125,5243.89990234375,0,5332.9525146484375,5260.6530078125,5297.883710033425,5291.515420390725,6.368289642699892,27.455840449214097,34.84625547833312,5332.9525146484375,5445.89100515535,5220.014024141525,-0.9158097210371641
2012-09-06,5238.39990234375,5238.39990234375,5260.60009765625,5217.64990234375,5217.64990234375,0,5330.74501953125,5263.1280078125,5288.732355004245,5287.58093757243,1.1514174318144796,22.194955845734174,31.490352780579244,5330.74501953125,5449.412214624605,5212.077824437895,0.24302402657239153
2012-09-07,5342.10009765625,5342.10009765625,5347.14990234375,5309.2001953125,5309.4501953125,0,5331.0150146484375,5267.554013671875,5296.942776950707,5291.619393874935,5.323383075772654,18.82064129174187,47.78072173189044,5331.0150146484375,5449.7638037987535,5212.2662254981215,1.9796158606772751
2012-09-10,5363.4501953125,5363.4501953125,5375.4501953125,5349.10009765625,5361.89990234375,0,5332.287524414062,5271.98501953125,5307.174687467906,5296.9401939814215,10.234493486484098,17.10341173069032,49.70788217580728,5332.287524414062,5451.893827006703,5212.681221821422,0.39965738690701524
2012-09-11,5390.0,5390.0,5393.35009765625,5332.10009765625,5336.10009765625,0,5335.6400146484375,5276.802021484375,5319.917043242074,5303.833512945761,16.083530296313256,16.899435443814905,46.62749930943629,5335.6400146484375,5457.874200152301,5213.405829144574,0.49501354017800203
2012-09-12,5431.0,5431.0,5435.5498046875,5393.9501953125,5404.4501953125,0,5341.17001953125,5279.8440234375,5337.00672889714,5313.253252727557,23.753476169583337,18.27024358896859,51.84281786389592,5341.17001953125,5470.313210729098,5212.026828333402,0.7606679035250474
2012-09-13,5435.35009765625,5435.35009765625,5447.4501953125,5421.85009765625,5435.2001953125,0,5345.542529296875,5282.9790234375,5352.136477937003,5322.297463463015,29.839014473987845,20.58399776597244,52.02306371662884,5345.542529296875,5481.392715485524,5209.692343108226,0.0800975447661667
2012-09-14,5577.64990234375,5577.64990234375,5586.64990234375,5526.9501953125,5528.35009765625,0,5355.40751953125,5288.773017578125,5386.830850922657,5341.212458935662,45.61839198699545,25.590876610177045,65.70439995470174,5355.40751953125,5526.08940419683,5184.725634865669,2.6180430355141393
2012-09-17,5610.0,5610.0,5652.2001953125,5585.14990234375,5631.75,0,5367.760009765625,5294.922021484375,5421.164566165325,5361.12264716265,60.04191900267506,32.48108508867665,71.50783870414755,5367.760009765625,5573.000413698086,5162.519605833164,0.5799951273861126
2012-09-18,5600.0498046875,5600.0498046875,5620.5498046875,5586.4501953125,5602.39990234375,0,5379.447509765625,5300.377021484375,5448.685372091813,5378.820955127454,69.8644169643594,39.9577514638132,78.3168786819275,5379.447509765625,5609.464293904333,5149.430725626917,-0.17736533533868615
2012-09-20,5554.25,5554.25,5581.35009765625,5534.89990234375,5536.9501953125,0,5386.110009765625,5305.123017578125,5464.926084077688,5391.815699192087,73.11038488560098,46.58827814817076,70.98617663136142,5386.110009765625,5628.576805193326,5143.643214337924,-0.8178463814583092
2012-09-21,5691.14990234375,5691.14990234375,5720.0,5575.4501953125,5577.0,0,5400.025,5313.443017578125,5499.729748426313,5413.988603129247,85.74114529706549,54.4188515779497,83.26799132844889,5400.025,5678.258132993433,5121.7918670065665,2.464777464891754
2012-09-24,5669.60009765625,5669.60009765625,5709.85009765625,5662.75,5691.9501953125,0,5412.7375,5319.928017578125,5525.863648307842,5432.922787909026,92.94086039881586,62.123253342122936,81.17086603856039,5412.7375,5716.024296330879,5109.450703669121,-0.37865466658373315
2012-09-25,5673.89990234375,5673.89990234375,5702.7001953125,5652.4501953125,5674.89990234375,0,5427.097485351563,5327.28001953125,5548.638456621059,5450.77294453382,97.86551208723904,69.27170509114616,80.70960237759017,5427.097485351563,5751.644897997708,5102.550072705418,0.07583964677293498
2012-09-26,5663.4501953125,5663.4501953125,5672.7998046875,5638.64990234375,5653.39990234375,0,5442.757495117187,5335.8440234375,5566.301801035127,5466.52681496187,99.77498607325742,75.37236128756842,85.69104745950025,5442.757495117187,5781.602191384881,5103.912798849494,-0.18417150832945595
2012-09-27,5649.5,5649.5,5693.7001953125,5639.7001953125,5673.75,0,5460.842504882812,5344.2890234375,5579.101523952801,5480.080384223954,99.02113972884672,80.10211697582409,83.44999384185078,5460.842504882812,5803.452897337106,5118.232112428518,-0.24631973146062025
2012-09-28,5703.2998046875,5703.2998046875,5735.14990234375,5683.4501953125,5684.7998046875,0,5480.2550048828125,5354.41001953125,5598.208951758139,5496.615156110142,101.59379564799656,84.40045271025859,81.98727145833388,5480.2550048828125,5831.959744239219,5128.550265526406,0.9522932062571821
2012-10-01,5718.7998046875,5718.7998046875,5722.9501953125,5694.0,5704.75,0,5503.269995117187,5364.929013671875,5616.761390670348,5513.073278226984,103.68811244336393,88.25798465687966,81.79867833941265,5503.269995117187,5854.116072124985,5152.423918109389,0.2717724919047759
2012-10-03,5731.25,5731.25,5743.25,5715.7998046875,5727.7001953125,0,5527.144995117187,5375.228017578125,5634.37502287491,5529.234516876838,105.14050599807251,91.63448892511823,81.32749170284066,5527.144995117187,5871.42332452798,5182.866665706394,0.2177064373243942
2012-10-04,5787.60009765625,5787.60009765625,5807.25,5751.35009765625,5751.5498046875,0,5552.825,5386.126015625,5657.948111302809,5548.372708045683,109.5754032571258,95.22267179151974,81.83932219527954,5552.825,5894.2064558383845,5211.443544161615,0.9832078107960829
2012-10-05,5746.9501953125,5746.9501953125,5815.35009765625,4888.2001953125,5815.0,0,5578.8875,5396.963017578125,5671.640739611991,5563.082151546928,108.5585880650633,97.88985504622846,76.12782616741768,5578.8875,5893.667303686516,5264.107696313484,-0.7023619748747212
2012-10-08,5676.0,5676.0,5751.85009765625,5666.2001953125,5751.85009765625,0,5600.767504882812,5408.124013671875,5672.3113950563,5571.446436617526,100.86495843877401,98.48487572473758,59.367573344544724,5600.767504882812,5873.987826261374,5327.547183504251,-1.2345712578189838
2012-10-09,5704.60009765625,5704.60009765625,5728.64990234375,5677.89990234375,5708.14990234375,0,5618.892504882812,5419.65201171875,5677.278887763985,5581.309670768543,95.96921699544237,97.98174397887854,59.07522552104754,5618.892504882812,5866.783164704825,5371.0018450607995,0.503877689504062
2012-10-10,5652.14990234375,5652.14990234375,5686.5,5647.0498046875,5671.14990234375,0,5633.327490234375,5430.5030078125,5673.412890007025,5586.557095329669,86.85579467735624,95.75655411857409,54.62126350310147,5633.327490234375,5850.279755783847,5416.375224684903,-0.9194368477125958
2012-10-11,5708.0498046875,5708.0498046875,5721.10009765625,5636.9501953125,5663.5,0,5649.22998046875,5443.80400390625,5678.7416461117145,5595.556555282102,83.18509082961282,93.24226146078185,63.401869731487764,5649.22998046875,5835.547044192121,5462.912916745379,0.9890024735644376
2012-10-12,5676.0498046875,5676.0498046875,5725.0,5659.35009765625,5681.7001953125,0,5661.482470703125,5455.327998046875,5678.327516661835,5601.51901820102,76.80849846081492,89.95550886078847,48.38983783310962,5661.482470703125,5817.069127803029,5505.895813603221,-0.5606117867738569
2012-10-15,5687.25,5687.25,5693.7001953125,5651.0498046875,5674.25,0,5674.077465820313,5465.077001953125,5679.700206406169,5607.86946129724,71.83074510892857,86.3305561104165,51.92453288269437,5674.077465820313,5787.715556873911,5560.4393747667145,0.1973237673716488
2012-10-16,5648.0,5648.0,5714.0,5635.60009765625,5705.60009765625,0,5677.594970703125,5473.457001953125,5674.823251574451,5610.842093793741,63.98115778071042,81.86067644447529,47.37589901542413,5677.594970703125,5782.700408662021,5572.489532744229,-0.6901402259440026
2012-10-17,5660.25,5660.25,5684.35009765625,5633.89990234375,5681.10009765625,0,5680.107470703125,5481.852001953125,5672.581212870689,5614.5019386979075,58.07927417278188,77.10439599013661,49.67694424946962,5680.107470703125,5780.715613085612,5579.499328320638,0.21689093484418276
2012-10-18,5718.7001953125,5718.7001953125,5722.5,5650.5498046875,5675.2998046875,0,5686.039990234375,5491.671005859375,5679.676440938661,5622.220328076766,57.456112861894326,73.17473936448815,56.40979021485068,5686.039990234375,5780.581281391641,5591.498699077109,1.0326433516629097
2012-10-19,5684.25,5684.25,5711.7001953125,5660.0,5703.2998046875,0,5692.539990234375,5501.042001953125,5680.380065409636,5626.815118589599,53.56494682003722,69.25278085559796,48.16987589643902,5692.539990234375,5763.9842891473745,5621.095691321376,-0.602413033310234
2012-10-22,5717.14990234375,5717.14990234375,5721.5498046875,5658.0498046875,5667.60009765625,0,5693.839990234375,5509.73400390625,5686.0369633995,5633.50658405287,52.53037934663007,65.90830055380438,49.8466208935116,5693.839990234375,5766.119102313134,5621.560878155617,0.5787905588907849
2012-10-23,5691.39990234375,5691.39990234375,5720.7998046875,5681.4501953125,5715.64990234375,0,5694.92998046875,5516.827998046875,5686.862030929385,5637.794978000342,49.0670529290428,62.54005102885207,46.384828621217856,5694.92998046875,5766.322008279969,5623.537952657531,-0.4503992450756611
2012-10-25,5705.2998046875,5705.2998046875,5718.75,5685.7001953125,5688.7998046875,0,5696.499975585937,5524.173994140625,5689.698611507556,5642.7953355327245,46.90327597483156,59.41269601804797,41.91073497411739,5696.499975585937,5767.323513364165,5625.67643780771,0.24422642200956357
2012-10-29,5665.60009765625,5665.60009765625,5698.2998046875,5645.10009765625,5665.2001953125,0,5696.607470703125,5531.0269921875,5685.991147838125,5644.4845771715045,41.506570666620064,55.83147094776239,41.98916598469236,5696.607470703125,5767.2260272583135,5625.988914147936,-0.6958391038211942
2012-10-30,5597.89990234375,5597.89990234375,5689.89990234375,5589.89990234375,5656.35009765625,0,5694.0274658203125,5536.5769921875,5672.438648531297,5641.033860517597,31.404788013700454,50.94613436095001,42.25966084568876,5694.0274658203125,5774.916082244933,5613.138849395692,-1.194934237248868
2012-10-31,5619.7001953125,5619.7001953125,5624.39990234375,5583.0498046875,5596.75,0,5689.847485351563,5542.012998046875,5664.32504034379,5639.453589020924,24.87145132286605,45.73119775333323,41.470787047074886,5689.847485351563,5777.107799364007,5602.587171339118,0.38943699153359823
2012-11-01,5645.0498046875,5645.0498046875,5649.75,5601.9501953125,5609.85009765625,0,5686.159985351563,5547.3069921875,5661.359619473592,5639.868123514744,21.491495958847736,40.88325739443613,49.24563363972819,5686.159985351563,5774.49530782143,5597.824662881695,0.45108472861496995
2012-11-02,5697.7001953125,5697.7001953125,5711.2998046875,5682.5498046875,5696.35009765625,0,5684.482495117188,5554.0019921875,5666.950477294962,5644.151980684948,22.7984966100139,37.266305237551684,48.892736022333345,5684.482495117188,5770.455136096478,5598.5098541378975,0.9326824819380741
2012-11-05,5704.2001953125,5704.2001953125,5709.2001953125,5679.5,5693.0498046875,0,5680.3125,5560.76,5672.681203143814,5648.599996583285,24.0812065605287,34.62928550214709,53.1855101612315,5680.3125,5752.1550497695025,5608.4699502304975,0.11408111654149788
2012-11-06,5724.39990234375,5724.39990234375,5730.7998046875,5693.64990234375,5694.10009765625,0,5679.184985351562,5566.827998046875,5680.63792609765,5654.214804417394,26.423121680256372,32.988052737768946,54.1199838412894,5679.184985351562,5747.231583349637,5611.138387353488,0.3541198825358416
2012-11-07,5760.10009765625,5760.10009765625,5777.2998046875,5711.39990234375,5718.60009765625,0,5683.389990234375,5573.772998046875,5692.862875568204,5662.058159472124,30.804716096079574,32.55138540943107,62.53074270444103,5683.389990234375,5760.410264485389,5606.36971598336,0.6236495688898946
2012-11-08,5738.75,5738.75,5744.5,5693.9501953125,5709.0,0,5685.097485351563,5580.24099609375,5699.922433173096,5667.739036548262,32.18339662483322,32.4777876525115,58.5999049970686,5685.097485351563,5765.53593360792,5604.659037095205,-0.37065497637683853
2012-11-09,5686.25,5686.25,5751.7001953125,5677.75,5731.10009765625,0,5686.802490234375,5586.2319921875,5697.818981915696,5669.110219026169,28.70876288952695,31.723982699914593,46.39802628013208,5686.802490234375,5765.731876438194,5607.873104030556,-0.9148333696362476
2012-11-12,5683.7001953125,5683.7001953125,5718.89990234375,5665.75,5688.4501953125,0,5685.585009765625,5592.90099609375,5695.64686089982,5670.190958010342,25.45590288947824,30.470366737827327,49.93432027905132,5685.585009765625,5763.883102394685,5607.286917136565,-0.044841586062871475
2012-11-15,5631.0,5631.0,5651.64990234375,5603.5498046875,5650.35009765625,0,5683.33251953125,5599.765,5685.701189992155,5667.28792408365,18.41326590850531,28.058946571962927,40.17339076637917,5683.33251953125,5765.291992994817,5601.373046067683,-0.9272163115845444
2012-11-16,5574.0498046875,5574.0498046875,5650.14990234375,5559.7998046875,5624.7998046875,0,5677.672509765625,5604.945,5668.52405379144,5660.381396720973,8.142657070467067,24.075688671663755,37.50399058274467,5677.672509765625,5773.032314305535,5582.312705225716,-1.0113691229355348
2012-11-19,5571.39990234375,5571.39990234375,5592.75,5549.25,5577.2998046875,0,5673.842504882812,5611.202998046875,5653.581876645641,5653.7901749152525,-0.20829826961107756,19.218891283408787,35.39168484091715,5673.842504882812,5779.78600425705,5567.899005508574,-0.0475399832545742
2012-11-20,5571.5498046875,5571.5498046875,5613.7001953125,5548.35009765625,5604.7998046875,0,5669.407495117188,5617.558994140625,5640.961557882851,5647.698295639123,-6.736737756272305,14.027765475472568,38.77012736692238,5669.407495117188,5784.755730451683,5554.059259782693,0.0026905687327660743
2012-11-21,5614.7998046875,5614.7998046875,5620.2001953125,5561.39990234375,5582.5,0,5664.212475585938,5624.374990234375,5636.936672775873,5645.261370383447,-8.324697607573398,9.557272858863374,52.143024319929864,5664.212475585938,5779.57208552773,5548.852865644145,0.7762651598952397
2012-11-22,5627.75,5627.75,5643.35009765625,5608.0,5628.60009765625,0,5661.387475585938,5632.415986328125,5635.523338502662,5643.964231836525,-8.440893333862732,5.957639620318154,51.04420814743312,5661.387475585938,5777.446113550449,5545.328837621427,0.2306439367916191
2012-11-23,5626.60009765625,5626.60009765625,5637.75,5593.5498046875,5635.4501953125,0,5656.8599853515625,5640.179990234375,5634.1505322185985,5642.677999675024,-8.527467456425256,3.0606182049694715,47.4464107828574,5656.8599853515625,5770.804926292072,5542.915044411053,-0.020432719004037647
2012-11-26,5635.89990234375,5635.89990234375,5649.2001953125,5623.4501953125,5648.64990234375,0,5654.084985351563,5646.055986328125,5634.419666084006,5642.175918391225,-7.756252307219256,0.8972441025317262,40.27991318759129,5654.084985351563,5767.188284342086,5540.9816863610395,0.1652828444547394
2012-11-27,5727.4501953125,5727.4501953125,5733.2001953125,5658.0,5658.5,0,5655.1925048828125,5653.335986328125,5648.732055196082,5648.492531496505,0.23952369957714836,0.7657000219408107,52.88497192338732,5655.1925048828125,5770.81317001334,5539.571839752285,1.6244130405985047
2012-11-29,5825.0,5825.0,5833.5,5736.10009765625,5736.7001953125,0,5663.1625,5662.035986328125,5675.850200550531,5661.56715879306,14.283041757470528,3.4691683690467543,60.4726250565493,5663.1625,5801.539945258363,5524.785054741637,1.70319778192638
2012-11-30,5879.85009765625,5879.85009765625,5885.25,5827.85009765625,5836.0,0,5677.260009765625,5671.01298828125,5707.234800105256,5677.736265375519,29.498534729737003,8.675041641184805,61.98818231766572,5677.260009765625,5842.486501929346,5512.033517601904,0.9416325777896972
2012-12-03,5870.9501953125,5870.9501953125,5899.14990234375,5854.60009765625,5878.25,0,5689.822509765625,5679.724990234375,5732.421783983294,5692.048408333813,40.373375649480295,15.014708442843904,63.57291532982546,5689.822509765625,5873.7678378834435,5505.8771816478065,-0.1513627421776853
2012-12-04,5889.25,5889.25,5894.9501953125,5859.0,5866.7998046875,0,5702.03251953125,5685.9569921875,5756.549201832018,5706.65593364242,49.89326818959853,21.990420392194828,72.41608740755758,5702.03251953125,5904.9094538220725,5499.155585240427,0.311700901535672
2012-12-05,5900.5,5900.5,5917.7998046875,5891.35009765625,5906.60009765625,0,5712.172509765625,5691.7669921875,5778.695478473246,5721.01475337261,57.680725100635755,29.128481333883013,73.48860289138679,5712.172509765625,5933.565075347465,5490.779944183786,0.1910260219892157
2012-12-06,5930.89990234375,5930.89990234375,5942.5498046875,5838.89990234375,5926.2998046875,0,5723.507495117187,5698.383994140625,5802.111543684093,5736.561801444546,65.5497422395465,36.41273351501572,84.14163278601771,5723.507495117187,5965.441870759884,5481.57311947449,0.5152089203245502
2012-12-07,5907.39990234375,5907.39990234375,5949.85009765625,5888.64990234375,5934.0,0,5732.657495117188,5705.4469921875,5818.309752708655,5749.216475585228,69.09327712342656,42.948842236697885,91.07831162188995,5732.657495117188,5988.193802601797,5477.121187632579,-0.39622992103969246
2012-12-10,5908.89990234375,5908.89990234375,5919.9501953125,5888.10009765625,5916.0498046875,0,5740.097485351563,5709.8019921875,5832.246698806362,5761.044877567341,71.20182123902032,48.59943803716238,91.70789988173107,5740.097485351563,6007.392135181168,5472.802835521958,0.025391881788894288
2012-12-11,5898.7998046875,5898.7998046875,5965.14990234375,5865.4501953125,5923.7998046875,0,5748.0999755859375,5714.385986328125,5842.48563817269,5771.2489462429085,71.23669192978195,53.12688881568629,89.47052878805368,5748.0999755859375,6024.64800325167,5471.551947920205,-0.1709302547542535
2012-12-12,5888.0,5888.0,5924.60009765625,5874.25,5917.7998046875,0,5758.187475585937,5718.66798828125,5849.487847684584,5779.897172447138,69.5906752374467,56.41964610003838,85.74986582155545,5758.187475585937,6039.906185370849,5476.468765801025,-0.1830847807196001
2012-12-13,5851.5,5851.5,5907.4501953125,5841.35009765625,5900.35009765625,0,5766.577465820313,5722.428984375,5849.797409579264,5785.201085599201,64.59632398006306,58.05498167604332,77.57923372293175,5766.577465820313,6048.9496848657245,5484.205246774901,-0.6199048913043459
2012-12-14,5879.60009765625,5879.60009765625,5886.10009765625,5839.14990234375,5846.89990234375,0,5779.007470703125,5727.030986328125,5854.382438514185,5792.193605010834,62.18883350335091,58.88175204150484,79.24182020939902,5779.007470703125,6058.118691153862,5499.896250252389,0.4802204162394297
2012-12-17,5857.89990234375,5857.89990234375,5886.0498046875,5850.14990234375,5860.5,0,5793.199975585938,5730.12298828125,5854.923586795656,5797.060738146605,57.86284864905065,58.67797136301401,74.9438202247191,5793.199975585938,6056.869396033808,5529.530555138068,-0.36907604177280895
2012-12-18,5896.7998046875,5896.7998046875,5905.7998046875,5823.14990234375,5873.60009765625,0,5809.469970703125,5733.68298828125,5861.366081855939,5804.448817149634,56.917264706305104,58.32583003167223,71.58146781957657,5809.469970703125,6055.050195714539,5563.889745691711,0.6640588434805084
2012-12-19,5929.60009765625,5929.60009765625,5939.39990234375,5910.7998046875,5917.2998046875,0,5827.372485351562,5737.649990234375,5871.863622748295,5813.719282372346,58.14434037594856,58.2895321005275,65.96460111040727,5827.372485351562,6051.16094949348,5603.584021209645,0.556238876257531
2012-12-20,5916.39990234375,5916.39990234375,5937.60009765625,5881.4501953125,5934.4501953125,0,5842.452490234375,5740.225986328125,5878.715358070673,5821.32525422208,57.390103848592844,58.10964645014057,56.390938926891906,5842.452490234375,6045.625566419254,5639.279414049495,-0.22261527076198329
2012-12-21,5847.7001953125,5847.7001953125,5888.0,5841.64990234375,5888.0,0,5853.45,5742.240986328125,5873.943794569415,5823.278953562111,50.66484100730395,56.62068536157325,46.63774403470716,5853.45,6029.720213852645,5677.179786147354,-1.1611741627545302
2012-12-24,5855.75,5855.75,5871.89990234375,5844.7001953125,5869.0,0,5864.907495117188,5745.835986328125,5871.144749251043,5825.684216261214,45.46053298982952,54.388654887224504,45.007451564828614,5864.907495117188,6005.213230682734,5724.601759551641,0.1376576161334686
2012-12-26,5905.60009765625,5905.60009765625,5917.2998046875,5859.5498046875,5864.9501953125,0,5878.392504882812,5749.855986328125,5876.445572082614,5831.603911179364,44.84166090324925,52.47925609042946,50.681648800441685,5878.392504882812,5969.0991725315835,5787.685837234041,0.8513016719677191
2012-12-27,5870.10009765625,5870.10009765625,5930.7998046875,5864.7001953125,5930.2001953125,0,5885.525,5754.214990234375,5875.469345247788,5834.455480548022,41.01386469976569,50.186177812296705,41.98315224529424,5885.525,5942.370693921989,5828.67930607801,-0.6011243466026217
2012-12-28,5908.35009765625,5908.35009765625,5915.75,5879.5,5887.14990234375,0,5889.6925048828125,5758.22099609375,5880.527922541398,5839.929155889373,40.598766652025006,48.26869558024237,50.12059840606834,5889.6925048828125,5939.660186810966,5839.724822954659,0.6516072871614487
2012-12-31,5905.10009765625,5905.10009765625,5919.0,5897.14990234375,5901.2001953125,0,5890.955004882812,5762.802001953125,5884.308257174453,5844.75663305729,39.551624117162646,46.525281287626434,49.5198631776642,5890.955004882812,5941.1510346841,5840.758975081525,-0.05500689610944409
2013-01-02,5993.25,5993.25,6006.0498046875,5982.0,5982.60009765625,0,5897.069995117187,5768.922001953125,5901.06852530146,5855.756141719713,45.31238358174687,46.28270174645052,59.96835834432718,5897.069995117187,5964.009886765327,5830.130103469048,1.4927757512313233
2013-01-03,6009.5,6009.5,6017.0,5986.5498046875,6015.7998046875,0,5903.082495117187,5776.152001953125,5917.750290639697,5867.144575666401,50.60571497329602,47.14730439181962,62.677373797893225,5903.082495117187,5986.611070429597,5819.553919804777,0.27113836399281777
2013-01-04,6016.14990234375,6016.14990234375,6020.75,5981.5498046875,6011.9501953125,0,5908.864990234375,5783.27,5932.8886924403205,5878.18200727213,54.70668516819023,48.65918054709375,68.32089313016085,5908.864990234375,6006.467495643844,5811.262484824906,0.11065649960479984
2013-01-07,5988.39990234375,5988.39990234375,6042.14990234375,5977.14990234375,6042.14990234375,0,5911.739990234375,5788.663994140625,5941.42887857931,5886.346295795954,55.082582783355974,49.943860994346196,62.11579116787305,5911.739990234375,6015.282135671369,5808.197844797381,-0.46125845350344363
2013-01-08,6001.7001953125,6001.7001953125,6007.0498046875,5964.39990234375,5983.4501953125,0,5916.455004882812,5795.012998046875,5950.701388845955,5894.8910290934755,55.8103597524796,51.11716074597288,66.31868600729874,5916.455004882812,6027.482749457292,5805.427260308333,0.22210094826073945
2013-01-09,5971.5,5971.5,6020.10009765625,5958.4501953125,6006.2001953125,0,5919.585009765625,5800.1,5953.901175177347,5900.565767679143,53.335407498203494,51.56081009641901,58.64784993646357,5919.585009765625,6033.215012856823,5805.955006674427,-0.5031940005281732
2013-01-10,5968.64990234375,5968.64990234375,6005.14990234375,5947.2998046875,5998.7998046875,0,5923.0775146484375,5805.645,5956.170210126024,5905.609036913559,50.56117321246529,51.36088271962827,54.85754269345987,5923.0775146484375,6038.300256133959,5807.854773162916,-0.047728337205898974
2013-01-11,5951.2998046875,5951.2998046875,6018.85009765625,5940.60009765625,6012.39990234375,0,5926.242504882813,5810.565,5955.420916981637,5908.993538230147,46.427378751489414,50.3741819260005,54.29695813238779,5926.242504882813,6040.884329799239,5811.600679966386,-0.29068713930493484
2013-01-14,6024.0498046875,6024.0498046875,6036.89990234375,5962.14990234375,5967.2001953125,0,5934.8699951171875,5817.733994140625,5965.979207397924,5917.516224634395,48.462982763529,49.9919420935062,71.49816425948943,5934.8699951171875,6051.776802086484,5817.963188147891,1.222422031951731
2013-01-15,6056.60009765625,6056.60009765625,6068.5,6018.60009765625,6037.85009765625,0,5943.719995117188,5826.907998046875,5979.920882822283,5927.818733747125,52.102149075157286,50.413983489836426,73.10476147680487,5943.719995117188,6069.473482877691,5817.966507356685,0.5403390414106646
2013-01-16,6001.85009765625,6001.85009765625,6055.9501953125,5992.0498046875,6049.0,0,5950.917504882813,5834.55099609375,5983.294608181354,5933.302538481134,49.99206970021987,50.32960073191312,60.94867807153966,5950.917504882813,6072.394512505618,5829.440497260008,-0.903972511263984
2013-01-17,6039.2001953125,6039.2001953125,6053.2001953125,5988.10009765625,6001.25,0,5958.037524414062,5842.43400390625,5991.8954677399925,5941.146809357532,50.748658382460235,50.41341226202254,69.15493440738771,5958.037524414062,6082.807093453846,5833.267955374278,0.6223097386393484
2013-01-18,6064.39990234375,6064.39990234375,6083.39990234375,6048.2998046875,6059.85009765625,0,5964.777514648437,5849.767998046875,6003.04999614057,5950.276668097252,52.77332804331854,50.885395418281746,68.21519682831355,5964.777514648437,6097.395751294944,5832.159278001931,0.41726894648748125
2013-01-21,6082.2998046875,6082.2998046875,6094.35009765625,6065.10009765625,6085.75,130900,5973.072509765625,5857.329990234375,6015.242274378559,5960.056159696529,55.186114682030166,51.74553927103143,69.99994488931017,5973.072509765625,6113.474969398584,5832.670050132666,0.2951636210011932
2013-01-22,6048.5,6048.5,6101.2998046875,6040.5,6080.14990234375,129000,5983.1125,5863.8119921875,6020.358847551089,5966.607555274564,53.75129227652451,52.146689872130054,57.107930589128046,5983.1125,6114.173836914619,5852.051163085382,-0.555707639755787
2013-01-23,6054.2998046875,6054.2998046875,6069.7998046875,6021.14990234375,6052.85009765625,137000,5993.039990234375,5869.695986328125,6025.580533264383,5973.1032774533005,52.477255811082614,52.212803059920574,55.922763293456626,5993.039990234375,6113.098244827826,5872.981735640924,0.09588831425146882
2013-01-24,6019.35009765625,6019.35009765625,6065.2998046875,6007.85009765625,6046.2001953125,185200,5998.727490234375,5875.30798828125,6024.622004709286,5976.528967838704,48.09303687058127,51.38884982205272,50.393627959717094,5998.727490234375,6111.925928171896,5885.529052296854,-0.5772708349228162
2013-01-25,6074.64990234375,6074.64990234375,6080.5498046875,6014.4501953125,6024.5,147600,6008.95498046875,5883.075986328125,6032.318604345357,5983.797185209448,48.52141913590913,50.81536368482401,59.93549577358949,6008.95498046875,6109.472730227606,5908.437230709895,0.9187005871120979
2013-01-28,6074.7998046875,6074.7998046875,6088.39990234375,6061.39990234375,6082.10009765625,113100,6017.2774658203125,5890.897978515625,6038.854173628764,5990.538119985599,48.316053643165105,50.31550167649223,58.68373855281079,6017.2774658203125,6109.981929757477,5924.573001883148,0.002467670502159791
2013-01-29,6049.89990234375,6049.89990234375,6111.7998046875,6042.4501953125,6064.7001953125,157600,6024.5174560546875,5899.2759765625,6040.553516507993,5994.9352890491655,45.61822745882728,49.37604683295925,59.432154492702196,6024.5174560546875,6101.642332273029,5947.392579836346,-0.40988844314732154
2013-01-30,6055.75,6055.75,6071.9501953125,6044.14990234375,6065.0,124200,6027.6424560546875,5908.90998046875,6042.891437045224,5999.440082452931,43.45135459229277,48.19110838482595,60.40376021677587,6027.6424560546875,6104.497311078828,5950.787601030547,0.09669742889437671
2013-01-31,6034.75,6034.75,6058.0498046875,6025.14990234375,6045.64990234375,168500,6028.904956054687,5918.176982421875,6041.638908269036,6002.055631900862,39.583276368173756,46.46954198149552,59.881632719140214,6028.904956054687,6105.333342711328,5952.476569398046,-0.3467778557569301
2013-02-01,5998.89990234375,5998.89990234375,6052.9501953125,5983.2001953125,6040.9501953125,159300,6028.042456054687,5926.723984375,6035.063676588223,6001.821874155891,33.2418024323315,43.82399407166272,46.736738068538195,6028.042456054687,6105.459849164992,5950.625062944382,-0.5940610241724986
2013-02-04,5987.25,5987.25,6038.5,5981.25,6025.2001953125,141700,6027.9849609375,5934.17298828125,6027.7077263438805,6000.74247607027,26.965250273610764,40.45224531205233,40.48561678798378,6027.9849609375,6105.527922725358,5950.441999149642,-0.19420064567502449
2013-02-05,5956.89990234375,5956.89990234375,5970.35009765625,5946.89990234375,5948.2001953125,136200,6025.744946289063,5940.755986328125,6016.814214959245,5997.494878016453,19.31933694279178,36.22566363820022,43.39062634617041,6025.744946289063,6108.872204751165,5942.617687826961,-0.506912149254668
2013-02-06,5959.2001953125,5959.2001953125,5990.89990234375,5953.14990234375,5988.0498046875,157800,6025.129956054688,5947.40798828125,6007.9505196289765,5994.658234853197,13.29228477577908,31.638987865715993,36.88520391010473,6025.129956054688,6110.108338007958,5940.151574101417,0.03861560554081489
2013-02-07,5938.7998046875,5938.7998046875,5978.5,5927.60009765625,5936.4501953125,157600,6023.637451171875,5953.465986328125,5997.311948099519,5990.520573359442,6.791374740077117,26.66946524058822,29.080576244004234,6023.637451171875,6113.689649834087,5933.585252509663,-0.34233437300943415
2013-02-08,5903.5,5903.5,5953.7001953125,5883.64990234375,5929.10009765625,192600,6021.2474609375,5956.986982421875,5982.879340699594,5984.074604962447,-1.1952642628530157,21.096519339899977,21.851381517855486,6021.2474609375,6121.358634726061,5921.13628714894,-0.5943929051058117
2013-02-11,5897.85009765625,5897.85009765625,5924.14990234375,5879.10009765625,5920.0498046875,122000,6014.937475585937,5958.443984375,5969.797918692926,5977.687604421247,-7.889685728320728,15.299278326255836,23.9764976981847,6014.937475585937,6129.211763930224,5900.66318724165,-0.09570428294656264
2013-02-12,5922.5,5922.5,5927.64990234375,5886.4501953125,5894.35009765625,142800,6008.232470703125,5959.296982421875,5962.521315817092,5973.599633723376,-11.07831790628461,10.023759079747746,28.624734319715927,6008.232470703125,6127.826681656291,5888.638259749959,0.4179472508727411
2013-02-13,5932.9501953125,5932.9501953125,5969.5,5922.9501953125,5943.14990234375,142600,6004.7874755859375,5960.536982421875,5957.971912662539,5970.58856421146,-12.616651548921254,5.4956769540139465,34.778045603838805,6004.7874755859375,6129.034690206252,5880.540260965623,0.17644905550864287
2013-02-14,5896.9501953125,5896.9501953125,5940.2001953125,5884.5498046875,5933.2001953125,143800,5997.674975585937,5960.690986328125,5948.5839561471485,5965.133870218944,-16.549914071795683,1.086558748852021,16.408434973795323,5997.674975585937,6129.672104527679,5865.677846644196,-0.6067807551872417
2013-02-15,5887.39990234375,5887.39990234375,5899.9501953125,5853.89990234375,5869.9501953125,125100,5988.824975585938,5960.428984375,5939.1710247927795,5959.375798524485,-20.204773731705245,-3.1717077472594326,15.790562065357108,5988.824975585938,6125.632428183669,5852.017522988207,-0.16195308850228685
2013-02-18,5898.2001953125,5898.2001953125,5911.0,5878.4501953125,5888.64990234375,114300,5979.6199951171875,5959.774990234375,5932.867820257352,5954.844272360634,-21.9764521032821,-6.932656618463966,20.8046640216662,5979.6199951171875,6114.709049156033,5844.530941078342,0.18344758548591855
2013-02-19,5939.7001953125,5939.7001953125,5947.5498046875,5883.14990234375,5900.2001953125,101000,5974.180004882813,5960.42099609375,5933.918954881221,5953.722488875587,-19.803533994366262,-9.506832093644425,30.36057803544631,5974.180004882813,6106.320492278902,5842.0395174867235,0.7036044662061647
2013-02-20,5943.0498046875,5943.0498046875,5971.0,5937.5498046875,5966.2998046875,135400,5968.617504882813,5961.103994140625,5935.3237010052635,5952.931919676469,-17.608218671205577,-11.127109409156656,33.49533163659885,5968.617504882813,6095.831658235188,5841.403351530437,0.05639357652500454
2013-02-21,5852.25,5852.25,5921.14990234375,5844.39990234375,5909.64990234375,159400,5960.2625,5960.172998046875,5922.543131619838,5945.473999700434,-22.930868080596156,-13.487861143444558,27.96398389958223,5960.2625,6095.164274756236,5825.360725243763,-1.5278317980085387
2013-02-22,5850.2998046875,5850.2998046875,5873.7998046875,5835.7998046875,5837.9501953125,157000,5949.044995117188,5959.418994140625,5911.428773630248,5938.424059329106,-26.995285698858424,-16.189346054527334,28.803611806386854,5949.044995117188,6081.180085626334,5816.909904608041,-0.03332385514118741
2013-02-25,5854.75,5854.75,5878.39990234375,5825.0,5870.5498046875,125100,5938.042504882813,5959.483994140625,5902.708962302518,5932.225980860283,-29.51701855776537,-18.854880555174944,32.811778528176944,5938.042504882813,6062.5116245621175,5813.573385203508,0.07606781636959603
2013-02-26,5761.35009765625,5761.35009765625,5838.85009765625,5748.60009765625,5838.2998046875,157400,5923.615014648438,5957.118994140625,5880.96144466463,5919.568508030355,-38.60706336572457,-22.805317117284872,24.52030279058829,5923.615014648438,6059.830593203975,5787.399436092901,-1.595284211003889
2013-02-27,5796.89990234375,5796.89990234375,5818.2001953125,5749.7001953125,5784.89990234375,175200,5910.672509765625,5955.898994140625,5868.028899692186,5910.4819446461615,-42.45304495397522,-26.73486268462294,32.412005863249746,5910.672509765625,6043.164134069314,5778.180885461937,0.6170394800684376
2013-02-28,5693.0498046875,5693.0498046875,5849.89990234375,5671.89990234375,5834.35009765625,334900,5893.5875,5951.823994140625,5841.1090389222345,5894.375860204779,-53.2668212825447,-32.041254404207294,27.70419448887492,5893.5875,6045.424054737631,5741.750945262368,-1.7914764685562745
2013-03-01,5719.7001953125,5719.7001953125,5739.4501953125,5679.89990234375,5702.4501953125,174500,5879.627514648438,5947.62599609375,5822.430755289967,5881.43692206461,-59.006166774643134,-37.43423687829446,31.93025100959524,5879.627514648438,6041.690907546061,5717.564121750815,0.4681215084936907
2013-03-04,5698.5,5698.5,5712.0,5663.60009765625,5704.7001953125,144900,5865.190014648438,5943.267998046875,5803.364485245357,5867.886038948714,-64.5215537033564,-42.85170024330685,27.11955535073386,5865.190014648438,6037.976667302145,5692.40336199473,-0.37065221232879253
2013-03-05,5784.25,5784.25,5790.10009765625,5722.39990234375,5722.4501953125,154400,5856.55751953125,5941.998994140625,5800.42379520761,5861.690776804364,-61.266981596753794,-46.53475651399624,36.83604907703906,5856.55751953125,6027.291238258015,5685.8238008044855,1.504781960164947
2013-03-06,5818.60009765625,5818.60009765625,5828.7001953125,5795.0498046875,5816.39990234375,156900,5849.527514648437,5941.25599609375,5803.220149430478,5858.4988746452445,-55.27872521476638,-48.28355025415027,43.04359625537464,5849.527514648437,6013.927117980394,5685.127911316481,0.5938556883995361
2013-03-07,5863.2998046875,5863.2998046875,5878.0,5801.2998046875,5801.2998046875,134700,5845.752514648438,5940.409990234375,5812.463173316174,5858.854499092819,-46.39132577664532,-47.90510535864929,47.985953045696675,5845.752514648438,6004.904518910962,5686.600510385913,0.7682209858219213
2013-03-08,5945.7001953125,5945.7001953125,5952.85009765625,5883.0,5883.64990234375,150800,5847.862524414062,5941.9219921875,5832.961176700224,5865.287513627611,-32.326336927386365,-44.789351672396705,53.545303202143515,5847.862524414062,6011.299417865599,5684.425630962525,1.4053586439350063
2013-03-11,5942.35009765625,5942.35009765625,5971.2001953125,5930.35009765625,5946.10009765625,125400,5850.0875244140625,5942.6019921875,5849.79024146269,5870.995853185288,-21.205611722598405,-40.07260368243705,50.20972697234942,5850.0875244140625,6017.5517815203275,5682.6232673077975,-0.05634488026979856
2013-03-12,5914.10009765625,5914.10009765625,5952.0,5893.64990234375,5944.60009765625,115900,5849.667529296875,5942.7819921875,5859.684065492468,5874.188760183137,-14.504694690668657,-34.95902188408338,47.79565458897504,5849.667529296875,6016.407688121671,5682.927370472079,-0.475401138198539
2013-03-13,5851.2001953125,5851.2001953125,5893.85009765625,5842.25,5884.7998046875,116700,5845.580029296875,5939.94099609375,5858.37885469555,5872.485903526052,-14.107048830502208,-30.788627273367144,49.91651665550967,5845.580029296875,6007.667092428687,5683.492966165063,-1.063558298052436
2013-03-14,5908.9501953125,5908.9501953125,5920.14990234375,5791.75,5845.9501953125,149000,5846.180029296875,5937.93,5866.159060944312,5875.1869621769,-9.027901232588192,-26.436482065211354,54.28385973922223,5846.180029296875,6009.154170060747,5683.2058885330025,0.9869769974075515
2013-03-15,5872.60009765625,5872.60009765625,5945.64990234375,5861.0,5914.89990234375,152200,5845.4400390625,5935.05900390625,5867.149989669226,5874.995342582778,-7.845352913552233,-22.71825623487953,51.24573107856588,5845.4400390625,6007.759218145503,5683.120859979496,-0.6151701479069183
2013-03-18,5835.25,5835.25,5850.2001953125,5814.35009765625,5816.75,102700,5842.292529296875,5931.996005859375,5862.242298950883,5872.051243132202,-9.80894418131902,-20.136393824167428,55.595079042455424,5842.292529296875,6002.734528635171,5681.850529958579,-0.636006147790591
2013-03-19,5745.9501953125,5745.9501953125,5863.60009765625,5724.2998046875,5859.5,182300,5832.605029296875,5926.881005859375,5844.35120608344,5862.710424775187,-18.35921869174672,-19.780958797683287,46.43284713803885,5832.605029296875,5991.674299718601,5673.5357588751485,-1.5303509650400615
2013-03-20,5694.39990234375,5694.39990234375,5745.2998046875,5682.2998046875,5740.5498046875,187600,5820.172534179687,5921.33900390625,5821.281774738873,5850.242978669155,-28.961203930281954,-21.61700782420302,50.10199406700698,5820.172534179687,5981.744206900556,5658.600861458819,-0.8971587155559457
2013-03-21,5658.75,5658.75,5757.75,5647.9501953125,5705.89990234375,179200,5810.497534179687,5915.141005859375,5796.276886317507,5836.058313582551,-39.78142726504393,-25.249891712371202,45.457245131021,5810.497534179687,5986.509994265049,5634.485074094326,-0.626051962544405
2013-03-22,5651.35009765625,5651.35009765625,5691.4501953125,5631.7998046875,5659.7998046875,165300,5800.550048828125,5909.14201171875,5773.980457292698,5822.376223513936,-48.395766221237864,-29.879066614144534,46.4120020302622,5800.550048828125,5989.1300447076865,5611.9700529485635,-0.13076920421912774
2013-03-25,5633.85009765625,5633.85009765625,5718.39990234375,5624.39990234375,5707.2998046875,150400,5789.505053710937,5901.338017578125,5752.421940425552,5808.411325302255,-55.9893848767033,-35.10113026665629,37.228275517202206,5789.505053710937,5990.205338864848,5588.804768557026,-0.3096605182407286
2013-03-26,5641.60009765625,5641.60009765625,5655.2998046875,5612.0498046875,5613.75,126500,5783.517553710937,5893.038017578125,5735.372426153352,5796.054938069217,-60.68251191586569,-40.21740659649817,34.25827654670111,5783.517553710937,5994.629418564465,5572.40568885741,0.13756134553923882
2013-03-28,5682.5498046875,5682.5498046875,5692.9501953125,5604.85009765625,5647.75,209700,5777.800048828125,5886.65201171875,5727.245869004759,5787.647150411312,-60.40128140655361,-44.254181558509266,33.81682005690274,5777.800048828125,5993.529237925263,5562.070859730987,0.7258527070761689
2013-04-01,5704.39990234375,5704.39990234375,5720.9501953125,5675.89990234375,5697.35009765625,97800,5778.3675537109375,5879.956005859375,5723.731104903065,5781.480687591494,-57.749582688428745,-46.953261784493165,25.76819237833911,5778.3675537109375,5993.215936369185,5563.51917105269,0.38451220679536213
2013-04-02,5748.10009765625,5748.10009765625,5754.60009765625,5687.14990234375,5701.7001953125,106400,5779.787548828125,5873.630009765625,5727.480180711247,5779.008051299995,-51.527870588747646,-47.86818354534406,31.955411054342775,5779.787548828125,5993.375008051704,5566.2000896045465,0.7660787472937303
2013-04-03,5672.89990234375,5672.89990234375,5744.9501953125,5650.10009765625,5740.2001953125,140700,5778.507543945312,5865.44201171875,5719.083214808556,5771.148188414347,-52.06497360579124,-48.7075415574335,29.391651161044322,5778.507543945312,5994.440110480627,5562.574977409998,-1.3082617566656962
2013-04-04,5574.75,5574.75,5644.4501953125,5565.64990234375,5640.64990234375,134600,5768.032543945313,5855.96701171875,5696.878104838008,5756.600174457729,-59.72206961972097,-50.910447169891,27.72180608523611,5768.032543945313,6002.336573401912,5533.728514488714,-1.7301539606436434
2013-04-05,5553.25,5553.25,5577.2998046875,5534.7001953125,5568.10009765625,137500,5754.7650390625,5845.946015625,5674.781473324469,5741.537198571971,-66.7557252475026,-54.079502785413325,19.556652140262543,5754.7650390625,6006.421122897101,5503.1089552279,-0.3856675187228098
2013-04-08,5542.9501953125,5542.9501953125,5569.2001953125,5537.0498046875,5550.5,97000,5738.74755859375,5836.418017578125,5654.499738245704,5726.827050182381,-72.32731193667678,-57.72906461566602,20.469411446682727,5738.74755859375,6001.8368032455155,5475.6583139419845,-0.1854734558591864
2013-04-09,5495.10009765625,5495.10009765625,5603.0498046875,5487.0,5568.75,138200,5716.217553710938,5824.827021484375,5629.976716616557,5709.662090736001,-79.68537411944453,-62.12032651642173,20.091448099983268,5716.217553710938,5981.848256823115,5450.586850598761,-0.8632604654596254
2013-04-10,5558.7001953125,5558.7001953125,5569.25,5477.2001953125,5536.25,128600,5697.03505859375,5814.505029296875,5619.011097954394,5698.479728112038,-79.46863015764393,-65.58998724466616,32.75624526737424,5697.03505859375,5948.964398293598,5445.105718893903,1.157396526468668
2013-04-11,5594.0,5594.0,5610.64990234375,5542.85009765625,5601.64990234375,146800,5681.030053710938,5805.38703125,5615.163236730641,5690.740488992628,-75.57725226198727,-67.58744024813038,40.4689616299907,5681.030053710938,5914.921909714538,5447.138197707338,0.6350370310898912
2013-04-12,5528.5498046875,5528.5498046875,5544.5,5494.89990234375,5520.7001953125,127300,5664.897534179688,5794.84302734375,5601.838093339389,5678.7263642292855,-76.88827088989638,-69.44760637648358,38.30186924415993,5664.897534179688,5893.825395475899,5435.969672883476,-1.1700070667232776
2013-04-15,5568.39990234375,5568.39990234375,5592.85009765625,5500.2998046875,5508.5,142900,5647.87001953125,5785.516025390625,5596.693756263137,5670.554033719245,-73.86027745610772,-70.33014059240841,42.95779201936709,5647.87001953125,5849.3849156298575,5446.355123432643,0.7208056192685941
2013-04-16,5688.9501953125,5688.9501953125,5699.25,5555.85009765625,5562.4501953125,142700,5638.687524414063,5779.31703125,5610.887054578424,5671.916712355783,-61.02965777735881,-68.4700440293985,53.981218119737484,5638.687524414063,5811.823802899727,5465.551245928399,2.16490006254777
2013-04-17,5688.7001953125,5688.7001953125,5732.14990234375,5669.0,5708.64990234375,154600,5631.360034179687,5773.34603515625,5622.858306999051,5673.159933315539,-50.30162631648818,-64.83636048681643,53.44047217369531,5631.360034179687,5780.163988630952,5482.556079728422,-0.004394483892755652
2013-04-18,5783.10009765625,5783.10009765625,5794.35009765625,5681.85009765625,5682.7001953125,149900,5633.217529296875,5769.8700390625,5647.510890177081,5681.303649192629,-33.792759015547745,-58.627640192562694,56.81280573378424,5633.217529296875,5788.816586363296,5477.618472230454,1.65942832462036
2013-04-22,5834.39990234375,5834.39990234375,5844.85009765625,5789.7998046875,5789.85009765625,135100,5640.217529296875,5767.374033203125,5676.263045895031,5692.644112389008,-16.381066493977414,-50.17832545284564,58.4701546668567,5640.217529296875,5818.368045560027,5462.067013033723,0.8870640974775856
2013-04-23,5836.89990234375,5836.89990234375,5844.2998046875,5791.5498046875,5843.10009765625,132200,5649.125024414063,5765.33603515625,5700.976408425603,5703.32972645973,-2.353318034127369,-40.61332396910199,56.11400308487163,5649.125024414063,5847.808726828711,5450.441321999415,0.04284930827240796
2013-04-25,5916.2998046875,5916.2998046875,5924.60009765625,5853.2998046875,5856.10009765625,199600,5662.372509765625,5765.59203125,5734.1030847735865,5719.105287809936,14.997796963650217,-29.49109978255155,66.66209849992546,5662.372509765625,5894.2412382920065,5430.503781239244,1.3603094737305366
2013-04-26,5871.4501953125,5871.4501953125,5907.0498046875,5860.5,5899.75,141300,5674.252514648438,5765.064033203125,5755.233409471881,5730.390095773089,24.843313698791462,-18.624217086282947,71.90964159515397,5674.252514648438,5923.652645406805,5424.85238389007,-0.7580685708230228
2013-04-29,5904.10009765625,5904.10009765625,5918.64990234375,5868.7998046875,5877.60009765625,118900,5687.377514648438,5764.69603515625,5778.135976884861,5743.257503319991,34.87847356486964,-7.923678956052431,75.48858311428947,5687.377514648438,5956.399305346742,5418.355723950133,0.5560790138323224
2013-04-30,5930.2001953125,5930.2001953125,5962.2998046875,5867.7998046875,5932.60009765625,153200,5699.760034179688,5764.64103515625,5801.530472027574,5757.105110134251,44.4253618933235,2.5461292138227556,77.50160552717468,5699.760034179688,5989.821171128276,5409.6988972311,0.44206732989859887
2013-05-02,5999.35009765625,5999.35009765625,6019.4501953125,5910.9501953125,5911.39990234375,162400,5714.507543945312,5766.689033203125,5831.964260585833,5775.049183284028,56.91507730180456,13.419918831419118,84.75910054149534,5714.507543945312,6034.055364901285,5394.959722989339,1.1660635402900743
2013-05-03,5944.0,5944.0,6000.2998046875,5930.14990234375,5993.5,145800,5724.3025390625,5767.82103515625,5849.200528188012,5787.564058596323,61.63646959168909,23.063228983473113,76.8651523198649,5724.3025390625,6059.79772251005,5388.807355614949,-0.9226015610903193
2013-05-06,5971.0498046875,5971.0498046875,5976.5,5928.4501953125,5944.89990234375,110200,5739.210034179688,5769.27802734375,5867.946570726394,5801.155595343818,66.79097538257611,31.808778263293714,76.59589563856491,5739.210034179688,6091.17987435646,5387.240194002916,0.4550774678246938
2013-05-07,6043.5498046875,6043.5498046875,6050.5,5982.9501953125,5983.4501953125,136400,5762.6500244140625,5771.35501953125,5894.962452874257,5819.110721961868,75.85173091238903,40.61736879311278,85.96874015286168,5762.6500244140625,6130.583107603014,5394.716941225111,1.2141918485269576
2013-05-08,6069.2998046875,6069.2998046875,6083.5498046875,6024.9501953125,6064.14990234375,122300,5788.4525146484375,5773.88001953125,5921.783583922448,5837.6432466082115,84.1403373142366,49.32196249733755,85.68683316113366,5788.4525146484375,6166.786933013889,5410.118096282986,0.42607409274642016
2013-05-09,6050.14990234375,6050.14990234375,6084.7001953125,6040.4501953125,6078.35009765625,110000,5813.8125,5777.838017578125,5941.532248294956,5853.384480366399,88.14776792855719,57.08712358358149,80.07997612264631,5813.8125,6190.85137398523,5436.77362601477,-0.31552078427498076
2013-05-10,6094.75,6094.75,6105.2998046875,6045.60009765625,6046.25,111400,5843.794995117188,5782.727021484375,5965.104210095731,5871.2634077466655,93.8408023490656,64.43785933667832,81.48898175313492,5843.794995117188,6209.314457507997,5478.2755327263785,0.7371734316693912
2013-05-13,5980.4501953125,5980.4501953125,6104.9501953125,5972.89990234375,6098.2001953125,107900,5864.882495117187,5785.241025390625,5967.465130898311,5879.351317936727,88.11381296158379,69.17305006165941,64.84619097400017,5864.882495117187,6209.196676406514,5520.568313827861,-1.8753813476762748
2013-05-14,5995.39990234375,5995.39990234375,6026.2001953125,5970.0498046875,5989.7001953125,119300,5884.952490234375,5789.922021484375,5971.762788043763,5887.947509374284,83.81527866947908,72.10149578322336,62.81237468486644,5884.952490234375,6208.981269551928,5560.923710916822,0.2499762817683493
2013-05-15,6146.75,6146.75,6157.10009765625,6018.85009765625,6018.85009765625,153900,5915.8625,5796.9190234375,5998.683897575493,5907.118064235448,91.56583334004426,75.99436329458754,69.93505281788589,5915.8625,6213.619403478711,5618.105596521289,2.5244370704460284
2013-05-16,6169.89990234375,6169.89990234375,6187.2998046875,6128.25,6128.25,158600,5945.9375,5806.456025390625,6025.024821385994,5926.583385576804,98.4414358091899,80.48377779750801,67.58915768818905,5945.9375,6216.159906244375,5675.715093755625,0.37662020325781587
2013-05-17,6187.2998046875,6187.2998046875,6199.9501953125,6146.14990234375,6172.9501953125,147300,5970.85498046875,5815.808017578125,6049.9902034323795,5945.895712918337,104.09449051404226,85.20592034081486,72.77380959086992,5970.85498046875,6233.088856665142,5708.621104272358,0.2820127168860598
2013-05-20,6156.89990234375,6156.89990234375,6229.4501953125,6146.0498046875,6198.0,122300,5994.264965820313,5824.976015625,6066.437849418744,5961.525652875775,104.91219654296856,89.1471755812456,68.28704357802053,5994.264965820313,6232.981807355424,5755.548124285201,-0.4913274498306808
2013-05-21,6114.10009765625,6114.10009765625,6180.25,6102.35009765625,6152.35009765625,130600,6010.814965820313,5831.573017578125,6073.770502993745,5972.827463600254,100.94303939349084,91.50634834369465,62.98913557050498,6010.814965820313,6233.229480127916,5788.40045151271,-0.6951518680887947
2013-05-22,6094.5,6094.5,6147.60009765625,6074.4501953125,6127.0498046875,133800,6023.819970703125,5837.091015625,6076.959656379323,5981.840244074309,95.11941230501361,92.22896113595846,57.22640156226475,6023.819970703125,6232.8137173302675,5814.826224075983,-0.32057207672742116
2013-05-23,5967.0498046875,5967.0498046875,6081.4501953125,5955.7001953125,6050.39990234375,198900,6030.327465820313,5839.166015625,6060.050448426735,5980.744655971583,79.30579245515219,89.6443273997972,51.577782828417874,6030.327465820313,6222.220596195091,5838.434335445534,-2.091233002092052
2013-05-24,5983.5498046875,5983.5498046875,6015.2998046875,5936.7998046875,6010.7001953125,161600,6033.689965820313,5839.9230078125,6048.281118620699,5980.952444765354,67.32867385534519,85.1811966909068,50.868176842196654,6033.689965820313,6219.4282298862245,5847.951701754401,0.2765185567420225
2013-05-27,6083.14990234375,6083.14990234375,6099.89990234375,5975.5498046875,5989.39990234375,115100,6044.274951171875,5842.73900390625,6053.645546885784,5988.522626808199,65.12292007758515,81.16954136824248,52.650610678789825,6044.274951171875,6214.570386036765,5873.979516306985,1.6645653651653936
2013-05-28,6111.25,6111.25,6127.64990234375,6055.39990234375,6086.35009765625,139700,6054.6324462890625,5846.682001953125,6062.507770441817,5997.6135433409245,64.89422710089275,77.91447851477253,52.799107038134636,6054.6324462890625,6213.869876033722,5895.395016544403,0.4619333422216654
2013-05-29,6104.2998046875,6104.2998046875,6125.0498046875,6069.7998046875,6120.4501953125,120200,6063.337426757813,5851.743994140625,6068.9373141719225,6005.516229366596,63.421084805326245,75.01579977288327,53.67292338855244,6063.337426757813,6212.6598141994,5914.015039316226,-0.11372788402536083
2013-05-30,6124.0498046875,6124.0498046875,6133.75,6072.14990234375,6072.14990234375,194100,6069.572412109375,5856.045986328125,6077.416158866627,6014.296494205182,63.1196646614444,72.63657275059549,52.056704529096024,6069.572412109375,6218.056468889613,5921.088355329138,0.32354243126841986
2013-05-31,5985.9501953125,5985.9501953125,6106.25,5975.5498046875,6098.7001953125,175300,6071.669921875,5858.31298828125,6063.344472165992,6012.19676836128,51.147703804711455,68.33879896141869,50.37359074301574,6071.669921875,6213.731398800585,5929.608444949415,-2.2550373328005135
2013-06-03,5939.2998046875,5939.2998046875,6011.0,5916.35009765625,5997.35009765625,112100,6070.082421875,5860.393984375,6044.260677169301,6006.7969932743335,37.46368389496729,62.16377594812842,46.346699905561685,6070.082421875,6217.487332984523,5922.677510765478,-0.7793314194550316
2013-06-04,5919.4501953125,5919.4501953125,5981.60009765625,5910.25,5941.10009765625,114500,6063.87744140625,5863.863984375,6025.059064575947,6000.3268600919755,24.732204483971145,54.677461655296966,32.138938043590045,6063.87744140625,6225.725348823734,5902.029533988766,-0.33420790375549014
2013-06-05,5923.85009765625,5923.85009765625,5935.2001953125,5883.7001953125,5908.2998046875,110200,6056.604956054687,5868.45298828125,6009.4884542806085,5994.661914726366,14.826539554242117,46.707277235085996,30.07854566385872,6056.604956054687,6230.08058061487,5883.129331494504,0.07432957789279548
2013-06-06,5921.39990234375,5921.39990234375,5956.5498046875,5869.5,5895.0,114200,6050.167456054687,5873.705986328125,5995.936369367246,5989.235098994321,6.701270372925137,38.706075862653826,27.93728350045579,6050.167456054687,6233.903779833117,5866.431132276257,-0.04136153467944048
2013-06-07,5881.0,5881.0,5972.7001953125,5871.2998046875,5900.0498046875,118300,6039.479956054687,5878.298984375,5978.253851003054,5981.217684254,-2.9638332509466636,30.372094039933728,27.481239115099967,6039.479956054687,6236.671285023621,5842.288627085753,-0.6822694465840606
2013-06-10,5878.0,5878.0,5931.64990234375,5857.39990234375,5907.89990234375,100100,6034.357446289063,5883.181982421875,5962.830181617968,5973.571929864815,-10.741748246846328,22.149325582577717,29.390714307025434,6034.357446289063,6242.995868080248,5825.719024497877,-0.05101173269852488
2013-06-11,5788.7998046875,5788.7998046875,5868.0498046875,5780.35009765625,5848.75,180900,6024.02744140625,5886.1259765625,5936.05627747482,5959.885105777606,-23.82882830278686,12.953694805504801,26.206412715979198,6024.02744140625,6259.517587619496,5788.537295193003,-1.517526289766924
2013-06-12,5760.2001953125,5760.2001953125,5792.89990234375,5738.60009765625,5771.75,140400,6004.699951171875,5887.678984375,5909.001495603694,5945.093630928339,-36.092135324644914,3.144528779474859,30.9723407504559,6004.699951171875,6260.367125606145,5749.032776737605,-0.49405075905097906
2013-06-13,5699.10009765625,5699.10009765625,5729.85009765625,5683.10009765625,5709.35009765625,142000,5981.1599609375,5887.57298828125,5876.708972842549,5926.871887722999,-50.162914880450444,-7.516959952510202,25.818264536155567,5981.1599609375,6258.555638129223,5703.764283745777,-1.0607287174840163
2013-06-14,5808.39990234375,5808.39990234375,5819.39990234375,5739.39990234375,5748.9501953125,124400,5962.2149658203125,5888.778984375,5866.1998850735035,5918.096185102315,-51.89630002881131,-16.392827967770423,27.02181320422477,5962.2149658203125,6231.982454032056,5692.447477608569,1.9178432176063964
2013-06-17,5850.0498046875,5850.0498046875,5854.89990234375,5770.25,5820.39990234375,107200,5946.8724609375,5892.321982421875,5863.715257321811,5913.055712478995,-49.3404551571839,-22.982353405653118,28.639152303325645,5946.8724609375,6204.656464278356,5689.088457596645,0.7170632711935632
2013-06-18,5813.60009765625,5813.60009765625,5863.39990234375,5804.2998046875,5841.89990234375,117500,5931.8474609375,5897.098984375,5856.005232757878,5905.688629899532,-49.683397141654495,-28.322562152853394,27.320939750609682,5931.8474609375,6183.549557881952,5680.145363993048,-0.6230666105106253
2013-06-19,5822.25,5822.25,5828.39990234375,5777.89990234375,5805.75,115500,5918.2349609375,5902.478984375,5850.812120025897,5899.507990647715,-48.69587062181836,-32.39722384664638,26.039983625723735,5918.2349609375,6162.228486945264,5674.241434929735,0.14878736408507898
2013-06-20,5655.89990234375,5655.89990234375,5755.0,5645.64990234375,5754.14990234375,198400,5902.677465820312,5904.737978515625,5820.825624997874,5881.462947069644,-60.63732207176963,-38.04524349167103,24.922070068302304,5902.677465820312,6171.936517135,5633.418414505624,-2.857144534436862
2013-06-21,5667.64990234375,5667.64990234375,5686.14990234375,5616.85009765625,5639.89990234375,182400,5886.882470703125,5908.188974609375,5797.260129204931,5865.624943756615,-68.3648145516836,-44.109157703673546,28.203452569289198,5886.882470703125,6172.7182930614745,5601.046648344776,0.20774766532078992
2013-06-24,5590.25,5590.25,5640.0,5566.25,5638.0498046875,193500,5862.237475585937,5908.819970703125,5765.412417019557,5845.226799774643,-79.81438275508572,-51.250202713955986,25.818967743416422,5862.237475585937,6161.5023502183785,5562.972600953496,-1.3656436737869537
2013-06-25,5609.10009765625,5609.10009765625,5666.25,5570.25,5606.9501953125,196600,5837.12998046875,5909.12197265625,5741.364367886741,5827.735932951058,-86.37156506431711,-58.27447518402821,27.360982140473965,5837.12998046875,6132.665543638405,5541.594417299094,0.3371959689861814
2013-06-26,5588.7001953125,5588.7001953125,5635.25,5579.35009765625,5627.9501953125,160100,5811.35,5910.32498046875,5717.877572106088,5810.0295820148685,-92.1520099087802,-65.04998212897861,26.6722677682623,5811.35,6098.593349439148,5524.106650560852,-0.3636929630169039
2013-06-27,5682.35009765625,5682.35009765625,5699.35009765625,5630.9501953125,5647.9501953125,239000,5789.2650146484375,5912.603984375,5712.4118068061125,5800.571842432749,-88.16003562663627,-69.67199282851016,37.039203355499865,5789.2650146484375,6041.004813032392,5537.525216264483,1.6757009514000831
2013-06-28,5842.2001953125,5842.2001953125,5852.9501953125,5749.5,5749.5,214400,5782.0775146484375,5915.668984375,5732.379251191711,5803.655424127545,-71.27617293583444,-69.99282884997501,48.06110079165944,5782.0775146484375,6017.876389188609,5546.278640108266,2.813098364392963
2013-07-01,5898.85009765625,5898.85009765625,5904.35009765625,5822.2001953125,5834.10009765625,144800,5780.055029296875,5919.871982421875,5757.990150647794,5810.706881425967,-52.71673077817377,-66.53760923561477,56.1780960928133,5780.055029296875,6010.815989043763,5549.2940695499865,0.9696672563395348
2013-07-02,5857.5498046875,5857.5498046875,5898.7998046875,5852.2998046875,5885.5,145700,5776.960009765625,5921.3609765625,5773.307020500057,5814.176727593488,-40.869707093431316,-61.40402880717808,55.388257678129364,5776.960009765625,6001.423483557566,5552.496535973683,-0.7001414222266744
2013-07-03,5770.89990234375,5770.89990234375,5815.0,5760.39990234375,5811.9501953125,160500,5769.3125,5920.0909765625,5772.936694629855,5810.971036834248,-38.03434220439249,-56.730091486620964,53.8647782311266,5769.3125,5982.8607844137105,5555.7642155862895,-1.479285797525931
2013-07-04,5836.9501953125,5836.9501953125,5848.2001953125,5786.0498046875,5794.75,151900,5765.090014648437,5920.091982421875,5782.784925504108,5812.895418943747,-30.110493439638958,-51.406171877224565,51.61182725212275,5765.090014648437,5969.103081134422,5561.076948162453,1.1445406104154454
2013-07-05,5867.89990234375,5867.89990234375,5900.4501953125,5858.4501953125,5889.9501953125,123600,5764.435009765625,5919.123984375,5795.879537325592,5816.969825121525,-21.090287795933364,-45.34299506096633,51.02006421128001,5764.435009765625,5966.9598575389355,5561.910161992315,0.5302376411589815
2013-07-08,5811.5498046875,5811.5498046875,5833.85009765625,5775.5498046875,5833.14990234375,127600,5761.1125,5917.9259765625,5798.290347688962,5816.568342126412,-18.277994437449706,-39.92999493626301,49.88543930574964,5761.1125,5957.891567568498,5564.333432431502,-0.9603111606205639
2013-07-09,5859.0,5859.0,5864.9501953125,5834.60009765625,5834.60009765625,110400,5764.622509765625,5917.023974609375,5807.630294198352,5819.711427894826,-12.081133696473444,-34.36022268830509,51.968081434389966,5764.622509765625,5965.933204046695,5563.311815484555,0.8164809200159828
2013-07-10,5816.7001953125,5816.7001953125,5879.35009765625,5802.85009765625,5869.89990234375,117500,5767.447509765625,5914.753974609375,5809.025663600529,5819.488373629468,-10.462710028939,-29.580720156431873,59.930846935064515,5767.447509765625,5970.078309740902,5564.816709790348,-0.7219628722904936
2013-07-11,5935.10009765625,5935.10009765625,5948.85009765625,5887.9501953125,5894.5,120200,5779.247509765625,5913.468974609375,5828.421730378332,5828.052205038859,0.36952533947260235,-23.59067105725098,64.59482648362892,5779.247509765625,5992.336380132611,5566.158639398639,2.035516673855131
2013-07-12,6009.0,6009.0,6019.0,5951.14990234375,6000.5,127700,5789.277514648437,5914.768974609375,5856.203002627819,5841.4557454063515,14.747257221467407,-15.923085401507302,72.93892084360449,5789.277514648437,6025.745801837763,5552.809227459112,1.2451332096813816
2013-07-15,6030.7998046875,6030.7998046875,6038.2001953125,5980.9501953125,5991.2001953125,116300,5798.315014648438,5915.963974609375,5883.064049098539,5855.481231279029,27.582817819509728,-7.221904757303897,73.0260916211508,5798.315014648438,6057.30623934994,5539.323789946935,0.36278589927609683
2013-07-16,5955.25,5955.25,5966.0498046875,5910.9501953125,5930.7998046875,151200,5805.397509765625,5914.197978515625,5894.169580006455,5862.871510443545,31.298069562910314,0.48209010673894515,68.87778504249862,5805.397509765625,6073.727581394565,5537.067438136684,-1.2527327574159974
2013-07-17,5973.2998046875,5973.2998046875,5989.7998046875,5926.75,5972.25,191500,5812.95,5912.277978515625,5906.343460726616,5871.051384091245,35.292076635370904,7.444087412465337,66.24964343586564,5812.95,6091.582469451479,5534.317530548521,0.3030906290667934
2013-07-18,6038.0498046875,6038.0498046875,6051.10009765625,5974.5498046875,5984.7001953125,171700,5832.0574951171875,5912.0359765625,5926.605975182137,5883.421637468746,43.18433771339096,14.592137472650464,62.23831486550974,5832.0574951171875,6117.668387364309,5546.446602870066,1.0839904594975858
2013-07-19,6029.2001953125,6029.2001953125,6066.85009765625,6020.25,6057.2001953125,163300,5850.135009765625,5910.72498046875,5942.389701356039,5894.2200491608755,48.16965219516351,21.307640417153074,58.66287299350796,5850.135009765625,6137.692407375173,5562.577612156077,-0.14656403410467922
2013-07-22,6031.7998046875,6031.7998046875,6064.14990234375,6004.25,6009.75,115200,5872.2125,5911.75197265625,5956.145101868572,5904.411142162848,51.733959705724374,27.392904274867334,62.20839217489354,5872.2125,6143.073714523342,5601.351285476658,0.043116985516933326
2013-07-23,6077.7998046875,6077.7998046875,6093.35009765625,6061.2998046875,6064.2998046875,126500,5895.647485351563,5913.399970703125,5974.861209994561,5917.254746794303,57.60646320025808,33.43561605994549,72.80093390340717,5895.647485351563,6151.337087920996,5639.95788278213,0.7626247801568509
2013-07-24,5990.5,5990.5,6047.25,5962.60009765625,6032.2001953125,151900,5915.737475585937,5910.274970703125,5977.267177687706,5922.680321105837,54.58685658186914,37.66586416433022,61.05871347990604,5915.737475585937,6129.599102081844,5701.875849090031,-1.4363718367322642
2013-07-25,5907.5,5907.5,5990.64990234375,5896.39990234375,5970.39990234375,237100,5926.994970703125,5905.02697265625,5966.533765735751,5921.555852875775,44.97791285997664,39.12827390345951,52.653101014839514,5926.994970703125,6110.707183583326,5743.2827578229235,-1.3855270845505419
2013-07-26,5886.2001953125,5886.2001953125,5944.5,5869.5,5937.9501953125,174500,5929.194970703125,5899.00498046875,5954.174754901404,5918.936915278495,35.23783962290963,38.350187047349536,55.24784503472385,5929.194970703125,6109.656718381563,5748.7332230246875,-0.3605553057553945
2013-07-29,5831.64990234375,5831.64990234375,5886.0,5825.7998046875,5869.9501953125,173400,5925.8349609375,5892.49998046875,5935.324777584842,5912.471210616662,22.85356696818053,35.250863031515735,48.096320157261836,5925.8349609375,6111.113719347629,5740.556202527371,-0.9267488559460024
2013-07-30,5755.0498046875,5755.0498046875,5861.2998046875,5747.60009765625,5836.0498046875,181500,5920.7099609375,5885.318974609375,5907.590166369866,5900.810365733019,6.77980063684663,29.556650552581914,45.904436417234976,5920.7099609375,6119.145118869569,5722.274803005431,-1.3135235986211136
2013-07-31,5742.0,5742.0,5752.10009765625,5675.75,5738.35009765625,235500,5919.264965820313,5878.268974609375,5882.114756159117,5889.04663493798,-6.931878778863393,22.258944686292853,35.08415009199143,5919.264965820313,6122.652523172172,5715.877408468454,-0.22675398355147536
2013-08-01,5727.85009765625,5727.85009765625,5808.5,5676.85009765625,5776.89990234375,216800,5913.8099609375,5873.48498046875,5858.38173177406,5877.10615069489,-18.72441892082952,14.06227196486838,26.074317355869155,5913.8099609375,6131.819934901258,5695.799986973742,-0.24642811465952486
2013-08-02,5677.89990234375,5677.89990234375,5761.85009765625,5649.0,5750.0498046875,222500,5904.3099609375,5867.371982421875,5830.61529647709,5862.350132298509,-31.734835821419438,4.902850407610816,21.341511287908887,5904.3099609375,6146.014643215644,5662.605278659356,-0.8720583545463012
2013-08-05,5685.39990234375,5685.39990234375,5721.0,5661.5,5682.39990234375,197200,5898.002465820313,5859.416982421875,5808.274466610423,5849.2427078574165,-40.968241246993784,-4.271367923310104,25.362857028223445,5898.002465820313,6155.93838445945,5640.066547181175,0.13209109228755622
2013-08-06,5542.25,5542.25,5664.89990234375,5521.7998046875,5664.89990234375,216200,5882.164965820312,5848.036982421875,5767.347625593435,5826.502507275386,-59.15488168195134,-15.24807067503835,17.963550323343895,5882.164965820312,6185.148047704153,5579.181883936471,-2.5178510712102753
2013-08-07,5519.10009765625,5519.10009765625,5561.4501953125,5486.85009765625,5549.2998046875,245000,5867.2849609375,5836.33298828125,5729.155698218483,5803.731958414709,-74.57626019622603,-27.113708579275887,8.888490035146404,5867.2849609375,6210.381149375514,5524.188772499486,-0.417698630407326
2013-08-08,5565.64990234375,5565.64990234375,5577.60009765625,5510.0498046875,5510.0498046875,204900,5848.812451171875,5825.164990234375,5704.0009603916005,5786.096250557601,-82.09529016600027,-38.11002489662077,15.34717035953345,5848.812451171875,6215.506463132556,5482.1184392111945,0.8434310641922904
2013-08-12,5612.39990234375,5612.39990234375,5644.10009765625,5557.10009765625,5606.7001953125,195700,5828.982446289063,5817.693984375,5689.9084899227,5773.229854393612,-83.32136447091216,-47.15229281147905,20.589047015421627,5828.982446289063,6202.0416706004025,5455.923221977723,0.8399737824025477
2013-08-13,5699.2998046875,5699.2998046875,5704.75,5578.89990234375,5600.25,223000,5812.407446289062,5812.893984375,5691.353307578823,5767.753554415382,-76.40024683655884,-53.00188361649501,24.897181710196847,5812.407446289062,6177.0746649938,5447.740227584324,1.548355495969922
2013-08-14,5742.2998046875,5742.2998046875,5754.5498046875,5690.2001953125,5715.39990234375,223700,5801.759936523437,5809.3509765625,5699.191230210927,5765.8680914725755,-66.67686126164881,-55.73687914552577,32.51125056768919,5801.759936523437,6161.265167834727,5442.254705212147,0.7544786460370823
2013-08-16,5507.85009765625,5507.85009765625,5716.60009765625,5496.0498046875,5705.4501953125,248100,5778.487451171875,5801.0309765625,5669.754132894823,5746.755647486181,-77.0015145913585,-59.98980623469232,26.79285641780872,5778.487451171875,6151.253484577703,5405.721417766048,-4.082853821736476
2013-08-19,5414.75,5414.75,5499.64990234375,5360.64990234375,5497.5498046875,219700,5747.3224609375,5790.897978515625,5630.522727834081,5722.162636561278,-91.63990872719751,-66.31982673319337,24.730643043932503,5747.3224609375,6132.724816674589,5361.920105200411,-1.6903164756765454
2013-08-20,5401.4501953125,5401.4501953125,5417.7998046875,5306.35009765625,5353.4501953125,261100,5715.9349609375,5781.306982421875,5595.2807997538375,5698.406159431739,-103.12535967790154,-73.680933322135,25.8748244108007,5715.9349609375,6106.887966311952,5324.981955563048,-0.2456217680871675
2013-08-21,5302.5498046875,5302.5498046875,5504.10009765625,5268.4501953125,5494.4501953125,255000,5679.4724609375,5769.797978515625,5550.245262051323,5669.083466487721,-118.83820443639797,-82.7123875449876,25.243446213159814,5679.4724609375,6082.2357082858725,5276.709213589127,-1.8309969924526603
2013-08-22,5408.4501953125,5408.4501953125,5418.9501953125,5254.0498046875,5282.7998046875,284500,5646.00498046875,5762.190986328125,5528.430636399196,5649.777298252519,-121.34666185332298,-90.43924240665469,33.43432805127887,5646.00498046875,6019.586102336668,5272.423858600831,1.997159753810962
2013-08-23,5471.75,5471.75,5478.7998046875,5377.7998046875,5428.75,251500,5620.06748046875,5756.421982421875,5519.710538491628,5636.590090974555,-116.87955248292747,-95.72730442190924,37.87289888521667,5620.06748046875,5963.779863608696,5276.355097328803,1.1703871238818442
2013-08-26,5476.5,5476.5,5528.7001953125,5454.4501953125,5499.39990234375,242000,5598.51748046875,5751.96998046875,5513.0627633390695,5624.731565717181,-111.66880237811165,-98.91560401314972,40.036610234343186,5598.51748046875,5919.654466881857,5277.380494055644,0.08680952163384603
2013-08-27,5287.4501953125,5287.4501953125,5427.39990234375,5274.25,5426.5,306000,5568.57998046875,5741.550986328125,5478.353137488828,5599.747760502019,-121.39462301319145,-103.41140781315806,33.31097211113283,5568.57998046875,5888.428303914148,5248.731657023352,-3.452018710627225
2013-08-28,5285.0,5285.0,5317.7001953125,5118.85009765625,5233.4501953125,336000,5541.247485351562,5730.249990234375,5448.606500952085,5576.433111575944,-127.82661062385887,-108.29444837529823,37.76805440630319,5541.247485351562,5859.866058931212,5222.6289117719125,-0.0463398277429139
2013-08-29,5409.0498046875,5409.0498046875,5428.89990234375,5303.0,5316.5,326500,5523.947485351562,5722.158984375,5442.520855372919,5564.034348102726,-121.51349272980679,-110.93825724619995,45.22537546335782,5523.947485351562,5831.052310010472,5216.842660692652,2.3472053867076736
2013-08-30,5471.7998046875,5471.7998046875,5493.2998046875,5360.2001953125,5407.4501953125,336400,5510.437475585937,5715.14998046875,5447.025309113624,5557.202159701598,-110.17685058797451,-110.78597591455488,45.9846786677502,5510.437475585937,5800.450396346554,5220.42455482532,1.1600928493137763
2013-09-02,5550.75,5550.75,5564.89990234375,5478.85009765625,5480.25,214200,5501.582470703125,5713.046982421875,5462.982953865374,5556.724221945925,-93.74126808055098,-107.37703434775412,47.43307251820711,5501.582470703125,5773.92097007792,5229.24397132833,1.4428560643769517
2013-09-03,5341.4501953125,5341.4501953125,5580.9501953125,5323.75,5574.7001953125,250300,5484.759985351562,5706.52298828125,5444.285606395701,5540.777997750856,-96.49239135515563,-105.20010574923442,36.47838241545438,5484.759985351562,5752.771695740458,5216.748274962666,-3.7706581036346387
2013-09-04,5448.10009765625,5448.10009765625,5460.25,5318.89990234375,5358.64990234375,237200,5472.894995117187,5703.679990234375,5444.872451205016,5533.9129681142185,-89.04051690920278,-101.9681879812281,39.39362146705484,5472.894995117187,5723.983499753124,5221.80649048125,1.996646948750791
2013-09-05,5592.9501953125,5592.9501953125,5625.75,5552.7001953125,5553.75,274900,5475.430004882813,5703.3569921875,5467.653642606167,5538.286096054832,-70.63245344866573,-95.70104107471563,53.27989202336132,5475.430004882813,5730.459594667744,5220.400415097882,2.658726804938172
2013-09-06,5680.39990234375,5680.39990234375,5688.60009765625,5566.14990234375,5617.4501953125,253000,5483.4949951171875,5705.190986328125,5500.383836411949,5548.8130446688265,-48.429208256877246,-86.24667451114796,60.28335549213907,5483.4949951171875,5754.067540472627,5212.922449761748,1.5635702800382845
2013-09-10,5896.75,5896.75,5904.85009765625,5738.2001953125,5738.5,275200,5500.05,5709.478984375,5561.363246194726,5574.586152471136,-13.222906276409958,-71.64192086420036,66.5685334838652,5500.05,5826.528513026014,5173.571486973987,3.808712438836981
2013-09-11,5913.14990234375,5913.14990234375,5924.35009765625,5832.7001953125,5887.25,265000,5515.0875,5710.897978515625,5615.484270217654,5599.664948757996,15.819321459657658,-54.14967239942876,71.61875882766836,5515.0875,5887.787617381317,5142.387382618682,0.2781176469029534
2013-09-12,5850.7001953125,5850.7001953125,5932.0,5815.7998046875,5931.14990234375,273000,5522.65751953125,5709.93498046875,5651.671335616861,5618.260152206478,33.41118341038327,-36.63750123746635,66.15526266785292,5522.65751953125,5916.6535513704175,5128.661487692082,-1.056115743091468
2013-09-13,5850.60009765625,5850.60009765625,5884.2998046875,5822.89990234375,5828.0,190800,5528.072534179688,5709.795986328125,5682.275760545997,5635.470518536091,46.80524200990658,-19.94895258799177,64.50922201464977,5528.072534179688,5937.455458950117,5118.689609409259,-0.0017108662708431588
2013-09-16,5840.5498046875,5840.5498046875,5957.25,5798.14990234375,5930.2998046875,219500,5544.70751953125,5711.188984375,5706.625613490844,5650.661576769528,55.964036721316006,-4.766354726130215,63.88602483777965,5544.70751953125,5977.026101764961,5112.388937297539,-0.17178225824691085
2013-09-17,5850.2001953125,5850.2001953125,5857.7998046875,5804.89990234375,5824.2001953125,157900,5566.480029296875,5711.453984375,5728.714010694175,5665.442215180119,63.271795514056066,8.841275321907041,74.86852723749682,5566.480029296875,6014.805080085057,5118.154978508693,0.16523085921216207
2013-09-18,5899.4501953125,5899.4501953125,5916.89990234375,5840.2001953125,5872.75,153600,5591.380029296875,5712.084990234375,5754.981116020072,5682.776139634369,72.20497638570214,21.51401553466606,76.07469532410354,5591.380029296875,6056.129424898336,5126.630633695415,0.8418515325246734
2013-09-19,6115.5498046875,6115.5498046875,6142.5,6040.14990234375,6044.14990234375,287200,5632.030029296875,5718.164990234375,5810.453221968907,5714.833448156824,95.61977381208362,36.335167190149576,77.8083959941174,5632.030029296875,6131.344213304202,5132.715845289548,3.663046592828345
2013-09-20,6012.10009765625,6012.10009765625,6130.9501953125,5932.85009765625,6104.5498046875,318600,5662.2125244140625,5721.2269921875,5841.475818228499,5736.853199971596,104.62261825690257,49.992657403500175,70.60642617099086,5662.2125244140625,6177.349759605868,5147.075289222257,-1.6915847362073189
2013-09-23,5889.75,5889.75,5989.39990234375,5871.39990234375,5945.7998046875,188300,5683.112524414062,5722.68798828125,5848.902615424115,5748.178888862589,100.72372656152584,60.13887123510531,62.514772100468306,5683.112524414062,6199.629481332402,5166.595567495722,-2.0350642149811637
2013-09-24,5892.4501953125,5892.4501953125,5938.39990234375,5854.5498046875,5855.0,187600,5703.9100341796875,5721.834990234375,5855.602243099251,5758.865652303323,96.73659079592744,67.45841514726975,74.00244353369686,5703.9100341796875,6218.892750126394,5188.927318232981,0.045845669383259846
2013-09-25,5873.85009765625,5873.85009765625,5910.5498046875,5811.10009765625,5901.5498046875,200200,5733.230029296875,5719.1319921875,5858.409605338789,5767.383018625763,91.02658671302652,72.1720494604211,70.08728473696627,5733.230029296875,6214.014864573083,5252.445194020666,-0.31565981959502665
2013-09-26,5882.25,5882.25,5917.64990234375,5864.10009765625,5872.7998046875,220600,5763.092529296875,5716.16099609375,5862.077358363591,5775.891683912743,86.18567445084773,74.97477445850643,65.66662330148637,5763.092529296875,6198.727139366476,5327.457919227274,0.14300505127124996
2013-09-27,5833.2001953125,5833.2001953125,5909.2001953125,5819.2998046875,5905.5498046875,163100,5784.300048828125,5713.72,5857.634717894192,5780.136758831244,77.49795906294821,75.47941137939479,58.63376143245368,5784.300048828125,6187.449974021641,5381.150123634609,-0.8338612722597616
2013-09-30,5735.2998046875,5735.2998046875,5810.2001953125,5718.5,5801.0498046875,155700,5797.475048828125,5708.96,5838.81396201624,5776.815502968744,61.998459047496,72.78322091301503,39.467665590020964,5797.475048828125,6173.965729277454,5420.984368378797,-1.6783307163651173
2013-10-01,5780.0498046875,5780.0498046875,5786.4501953125,5700.9501953125,5756.10009765625,159200,5808.9400390625,5703.8,5829.773322427203,5777.055080873837,52.71824155336617,68.77022504108527,41.6268213012924,5808.9400390625,6167.3256953785985,5450.554382746401,0.7802556365654301
2013-10-03,5909.7001953125,5909.7001953125,5917.60009765625,5802.7001953125,5819.10009765625,199800,5837.3525390625,5701.41,5842.069764409556,5786.88064490633,55.18911950322581,66.05400393351339,53.42226990480225,5837.3525390625,6122.25391647893,5552.45116164607,2.243067015094846
2013-10-04,5907.2998046875,5907.2998046875,5950.4501953125,5885.0,5891.2998046875,191500,5860.312524414063,5698.92,5852.105155221548,5795.800582667898,56.30457255364945,64.1041176575406,53.28008930624392,5860.312524414063,6079.585828444135,5641.039220383991,-0.040617807091192226
2013-10-07,5906.14990234375,5906.14990234375,5912.0,5825.85009765625,5889.0498046875,156400,5875.972509765625,5695.487001953125,5860.419731701886,5803.974606347591,56.44512535429476,62.572319196891435,53.83446517731715,5875.972509765625,6056.087947138373,5695.857072392876,-0.019465786091266146
2013-10-08,5928.39990234375,5928.39990234375,5981.7001953125,5913.0,5975.0,158500,5888.372509765625,5694.245,5870.878219492942,5813.191294939899,57.686924553042445,61.595240268121636,54.50458888485738,5888.372509765625,6044.322736591627,5732.422282939623,0.3767259613774776
2013-10-09,6007.4501953125,6007.4501953125,6015.5,5877.10009765625,5893.25,192000,5893.90751953125,5696.24400390625,5891.889292695951,5827.580843115647,64.3084495803032,62.137882130557955,56.01469737248571,5893.90751953125,6058.716074568585,5729.0989644939145,1.3334170142182522
2013-10-10,6020.9501953125,6020.9501953125,6033.9501953125,5979.7998046875,6001.0498046875,159600,5899.297534179687,5698.93900390625,5911.74481617542,5841.904498833933,69.84031734148721,63.678369172743814,43.196242094942164,5899.297534179687,6073.537152086358,5725.057916273016,0.22472096415437903
2013-10-11,6096.2001953125,6096.2001953125,6107.60009765625,6046.39990234375,6104.85009765625,180800,5911.572534179688,5704.230009765625,5940.122566811894,5860.741217091604,79.38134972029002,66.81896528225306,56.30434130125569,5911.572534179688,6104.937640292972,5718.207428066404,1.2498027314456817
2013-10-14,6112.7001953125,6112.7001953125,6124.10009765625,6082.89990234375,6093.0,142200,5924.6775390625,5711.383017578125,5966.672971196603,5879.404845107967,87.26812608863565,70.90879744352958,69.86542387216574,5924.6775390625,6135.391953049042,5713.963125075958,0.2706604027322923
2013-10-15,6089.0498046875,6089.0498046875,6156.2998046875,6056.5498046875,6147.5498046875,218300,5937.1025390625,5718.324013671875,5985.500176349049,5894.934101373117,90.56607497593177,74.84025295001001,66.88705391295011,5937.1025390625,6156.074218922638,5718.130859202362,-0.38690578417597266
2013-10-17,6045.85009765625,6045.85009765625,6110.75,6032.5498046875,6098.5,230600,5946.885034179688,5724.684013671875,5994.78477962708,5906.113064060757,88.67171556632275,77.60654547327256,64.17501794733946,5946.885034179688,6166.988313140969,5726.781755218407,-0.7094654899684638
2013-10-18,6189.35009765625,6189.35009765625,6201.4501953125,6070.89990234375,6070.89990234375,250300,5961.380029296875,5734.913017578125,6024.717905477721,5927.093585067831,97.62432040989006,81.61010046059606,70.6996206578555,5961.380029296875,6205.232033203711,5717.52802539004,2.373528911271383
2013-10-21,6204.9501953125,6204.9501953125,6218.9501953125,6163.2998046875,6202.0,197000,5965.850048828125,5745.3040234375,6052.445950067687,5947.675556197065,104.77039387062177,86.24215914260121,76.240501163573,5965.850048828125,6224.433857386747,5707.266240269503,0.2520474267913464
2013-10-22,6202.7998046875,6202.7998046875,6220.10009765625,6181.7998046875,6192.2998046875,161900,5975.385034179688,5758.51501953125,6075.577312316889,5966.573648677838,109.00366363905141,90.79446004189126,88.15693826278806,5975.385034179688,6254.405627497536,5696.364440861839,-0.03465604972340275
2013-10-23,6178.35009765625,6178.35009765625,6217.9501953125,6116.60009765625,6209.5498046875,188300,5989.8150390625,5771.70001953125,6091.388510061406,5982.260793046609,109.12771701479687,94.46111143647238,83.62311660111473,5989.8150390625,6279.822767343584,5699.807310781415,-0.3941721126123232
2013-10-24,6164.35009765625,6164.35009765625,6252.4501953125,6142.9501953125,6162.7998046875,148900,6003.4100341796875,5783.6740234375,6102.613369691382,5995.748889684361,106.86448000702148,96.9417851505822,76.71241296439902,6003.4100341796875,6299.625598550325,5707.19446980905,-0.22659771263707773
2013-10-25,6144.89990234375,6144.89990234375,6174.75,6125.9501953125,6154.0,144500,6016.9625244140625,5794.3240234375,6109.118990099439,6006.797112844316,102.32187725512267,98.0178035714903,74.0631728445978,6016.9625244140625,6313.021762278553,5720.903286549572,-0.31552710349620483
2013-10-28,6101.10009765625,6101.10009765625,6168.75,6094.10009765625,6155.10009765625,146300,6027.905029296875,5802.360029296875,6107.885314338948,6013.782519126681,94.10279521226676,97.2348018996456,68.17376548323723,6027.905029296875,6319.138157935177,5736.671900658573,-0.7127830458360185
2013-10-29,6220.89990234375,6220.89990234375,6228.0498046875,6079.2001953125,6107.5498046875,197300,6047.290014648437,5811.93203125,6125.272174031994,6029.124547513131,96.14762651886304,97.0173668234891,73.07144815856691,6047.290014648437,6335.551952469266,5759.028076827608,1.9635771052751938
2013-10-30,6251.7001953125,6251.7001953125,6269.2001953125,6222.60009765625,6230.7998046875,177600,6073.110034179687,5826.809033203125,6144.72263884438,6045.611632535307,99.11100630907276,97.43609472060584,70.85288458011092,6073.110034179687,6335.011241129259,5811.208827230115,0.4951099270564585
2013-10-31,6299.14990234375,6299.14990234375,6309.0498046875,6235.89990234375,6237.14990234375,239600,6099.0650390625,5844.49703125,6168.480679382745,6064.39224511371,104.08843426903513,98.7665626302917,72.44994054097077,6099.0650390625,6340.791125357266,5857.338952767734,0.7589888438160886
2013-11-01,6307.2001953125,6307.2001953125,6332.60009765625,6286.9501953125,6289.75,191600,6118.9400390625,5862.61203125,6189.822143371937,6082.378019202509,107.4441241694285,100.50207493811907,69.09846585746158,6118.9400390625,6360.474831368015,5877.4052467569845,0.12779967286942195
2013-11-05,6253.14990234375,6253.14990234375,6304.75,6244.2998046875,6282.14990234375,181100,6136.2325439453125,5881.624033203125,6199.564875521446,6095.027788324082,104.53708719736369,101.309077389968,61.903512525461025,6136.2325439453125,6363.041343361564,5909.423744529061,-0.8569617468131119
2013-11-06,6215.14990234375,6215.14990234375,6269.7001953125,6208.7001953125,6260.5498046875,157100,6151.682543945312,5897.75802734375,6201.962571955647,6103.92572269591,98.03684925973721,100.65463176392184,60.43356251217066,6151.682543945312,6353.185568386649,5950.179519503976,-0.607693731854364
2013-11-07,6187.25,6187.25,6288.9501953125,6180.7998046875,6228.89990234375,168800,6164.625048828125,5912.06802734375,6199.699099347085,6110.097891385101,89.60120796198407,98.4439470035343,62.00337734492938,6164.625048828125,6336.8710261348,5992.37907152145,-0.44890151938618006
2013-11-08,6140.75,6140.75,6185.14990234375,6120.9501953125,6170.14990234375,150100,6171.2900390625,5925.35302734375,6190.630007139842,6112.368417949168,78.26158919067348,94.40747544096214,45.060970587038526,6171.2900390625,6327.497630898677,6015.082447226323,-0.7515455169905816
2013-11-11,6078.7998046875,6078.7998046875,6141.64990234375,6067.75,6110.39990234375,146100,6174.18251953125,5941.18001953125,6173.425360608712,6109.881854003859,63.543506604853064,88.23468167374034,38.28362094142445,6174.18251953125,6320.497897555428,6027.867141507073,-1.0088376063591586
2013-11-12,6018.0498046875,6018.0498046875,6108.7001953125,6011.75,6087.25,153800,6170.275,5955.841015625,6149.521428928526,6103.079479980425,46.44194894810062,79.8761351286124,34.52550971163646,6170.275,6329.006623451183,6011.543376548816,-0.9993749087304105
2013-11-13,5989.60009765625,5989.60009765625,6042.25,5972.4501953125,5998.85009765625,162500,6164.1199951171875,5967.452021484375,6124.91814719433,6094.673599808264,30.244547386066188,69.94981758010317,34.29570358140509,6164.1199951171875,6340.785358145623,5987.454632088752,-0.47273964082334974
2013-11-14,6056.14990234375,6056.14990234375,6101.64990234375,6036.64990234375,6037.0,154900,6162.475,5979.1390234375,6114.338417217317,6091.819992588671,22.518424628646244,60.46353898981179,41.721484673871466,6162.475,6342.661147671321,5982.28885232868,1.1110892814620632
2013-11-18,6189.0,6189.0,6196.7998046875,6110.39990234375,6111.0498046875,164000,6169.632495117187,5991.9040234375,6125.824814568499,6099.018511656177,26.80630291232228,53.732091774313886,52.87521862510832,6169.632495117187,6341.492958811769,5997.772031422605,2.193639520132029
2013-11-19,6203.35009765625,6203.35009765625,6212.39990234375,6180.2001953125,6197.25,161500,6170.332495117187,6009.142021484375,6137.751781197384,6106.746777285812,31.005003911572203,49.186674201765555,56.93267156547913,6170.332495117187,6342.644563932583,5998.020426301791,0.23186456061157212
2013-11-20,6122.89990234375,6122.89990234375,6204.35009765625,6106.9501953125,6186.85009765625,155800,6166.22998046875,6022.638017578125,6135.4668767583635,6107.943305067882,27.52357169048173,44.854053699508796,42.980954179518925,6166.22998046875,6338.978191637147,5993.481769300353,-1.296883039744856
2013-11-21,5999.0498046875,5999.0498046875,6097.35009765625,5985.39990234375,6096.5,137200,6156.04248046875,6030.760009765625,6114.479634901308,6099.87711985452,14.60251504678763,38.80374596896456,34.03272035134755,6156.04248046875,6343.145262354617,5968.939698582883,-2.0227359524339406
2013-11-22,5995.4501953125,5995.4501953125,6049.60009765625,5972.7998046875,6027.35009765625,134800,6146.897485351563,6037.061015625,6096.167413426107,6092.141792110667,4.025621315439821,31.848121038259617,29.680209556404535,6146.897485351563,6346.847492657626,5946.947478045499,-0.06000299201028847
2013-11-25,6115.35009765625,6115.35009765625,6123.5,6035.9501953125,6035.9501953125,127200,6144.447485351562,6041.433017578125,6099.1185956153595,6093.860925854784,5.257669760575482,26.530030782722793,38.83488800191413,6144.447485351562,6344.697655072072,5944.197315631052,1.9998481921756683
2013-11-26,6059.10009765625,6059.10009765625,6112.7001953125,6047.75,6099.25,150700,6140.157495117188,6044.352021484375,6092.961903621651,6091.286049691929,1.6758539297215975,21.559195412122556,38.73571180764199,6140.157495117188,6344.010647283282,5936.3043429510935,-0.9198165125747781
2013-11-27,6057.10009765625,6057.10009765625,6074.0,6030.2998046875,6062.7001953125,124900,6137.957495117187,6048.48001953125,6087.444702703897,6088.753756948546,-1.3090542446489053,16.985545480768266,40.42528142666815,6137.957495117187,6344.517165254727,5931.397824979647,-0.03300820200632382
2013-11-28,6091.85009765625,6091.85009765625,6112.9501953125,6068.2998046875,6092.0,195300,6131.5050048828125,6053.30501953125,6088.1224557734895,6088.983115519487,-0.8606597459975092,13.416304435415112,44.268208607998965,6131.5050048828125,6335.198024107643,5927.811985657982,0.573706880185898
2013-11-29,6176.10009765625,6176.10009765625,6182.5,6103.7998046875,6103.89990234375,190700,6127.725,6060.016025390625,6101.657477601607,6095.436225307395,6.2212522942118085,11.977294007174454,52.031732258229276,6127.725,6324.722242109024,5930.727757890977,1.382995291240241
2013-12-02,6217.85009765625,6217.85009765625,6228.7001953125,6171.14990234375,6171.14990234375,145900,6123.660009765625,6067.3690234375,6119.5332653023215,6104.503919555458,15.029345746863328,12.58770435511223,58.18184012177302,6123.660009765625,6308.759210375254,5938.560809155995,0.6759929298400413
2013-12-03,6201.85009765625,6201.85009765625,6225.39990234375,6191.39990234375,6204.25,156900,6118.392504882812,6073.417021484375,6132.1973933567715,6111.714747562924,20.48264579384795,14.166692642859374,61.41617418974075,6118.392504882812,6286.737326318485,5950.047683447139,-0.25732366893230774
2013-12-04,6160.9501953125,6160.9501953125,6209.14990234375,6149.89990234375,6187.9501953125,186200,6113.78251953125,6074.325029296875,6136.620901349961,6115.361817766596,21.259083583365282,15.585170830960557,60.48077307890573,6113.78251953125,6271.290388233887,5956.274650828613,-0.6594790538263173
2013-12-05,6241.10009765625,6241.10009765625,6300.5498046875,6232.0,6262.4501953125,186100,6115.080029296875,6078.905029296875,6152.6946238586215,6124.675764425088,28.01885943353318,18.071908551475083,61.12750368686067,6115.080029296875,6276.483225058588,5953.676833535163,1.3009341059879276
2013-12-06,6259.89990234375,6259.89990234375,6275.35009765625,6230.75,6234.39990234375,158500,6118.7125244140625,6086.30802734375,6169.1877436255645,6134.692367233878,34.49537639168648,21.356602119517362,54.94420855139725,6118.7125244140625,6289.926518340678,5947.498530487447,0.30122581585512176
2013-12-09,6363.89990234375,6363.89990234375,6415.25,6345.0,6415.0,198300,6129.87001953125,6095.737021484375,6199.143460351439,6151.6707031679425,47.47275718349647,26.579833132313183,59.95164701595262,6129.87001953125,6333.202263419747,5926.537775642753,1.661368418384157
2013-12-10,6332.85009765625,6332.85009765625,6362.25,6307.5498046875,6354.7001953125,242400,6142.572534179688,6104.917021484375,6219.713712244487,6165.091399055966,54.62231318852173,32.188329143554895,63.86269171793976,6142.572534179688,6363.4557728642885,5921.689295495087,-0.48790529650010184
2013-12-11,6307.89990234375,6307.89990234375,6326.60009765625,6280.25,6307.2001953125,148200,6157.0650390625,6113.43001953125,6233.280818413605,6175.669806706913,57.6110117066919,37.2728656561823,73.45640692457683,6157.0650390625,6381.553345603277,5932.576732521722,-0.3939805131615848
2013-12-12,6237.0498046875,6237.0498046875,6286.85009765625,6230.5498046875,6276.75,148500,6169.437524414063,6121.50701171875,6233.860662455742,6180.2164732239935,53.644189231748896,40.54713037129562,66.6482731146385,6169.437524414063,6382.024466222641,5956.850582605484,-1.1231962896228742
2013-12-13,6168.39990234375,6168.39990234375,6208.60009765625,6161.39990234375,6201.2998046875,169700,6175.050024414062,6130.169013671875,6223.789776284667,6179.341171677308,44.4486046073589,41.32742521850828,53.93340516180231,6175.050024414062,6380.862778047299,5969.237270780825,-1.1006790789477972
2013-12-16,6154.7001953125,6154.7001953125,6183.25,6146.0498046875,6168.35009765625,146500,6173.335034179688,6137.662021484375,6213.160609981256,6177.515914168804,35.64469581245248,40.190879337297126,57.565701257800875,6173.335034179688,6379.229956433217,5967.440111926158,-0.22209498813532402
2013-12-17,6139.0498046875,6139.0498046875,6190.5498046875,6133.0,6178.2001953125,154200,6170.12001953125,6142.249013671875,6201.758947628371,6174.666572725744,27.092374902626943,37.57117845036309,56.34826432939123,6170.12001953125,6376.049625203483,5964.190413859018,-0.25428355774208544
2013-12-18,6217.14990234375,6217.14990234375,6236.0,6129.9501953125,6129.9501953125,243300,6174.83251953125,6148.446015625,6204.126786815353,6177.813486030781,26.313300784571766,35.31960291720483,59.09551685662476,6174.83251953125,6380.525790983612,5969.139248078888,1.2721854381539055
2013-12-19,6166.64990234375,6166.64990234375,6263.75,6150.7001953125,6253.89990234375,437000,6183.2125244140625,6153.656015625,6198.36111228126,6176.9865539058155,21.374558375444394,32.530594008852745,49.27866589342712,6183.2125244140625,6371.687893109485,5994.73715571864,-0.812269300133206
2013-12-20,6274.25,6274.25,6284.5,6170.35009765625,6179.9501953125,172000,6197.152514648437,6160.573017578125,6210.03632577645,6184.1912536164955,25.845072159954725,31.193489639073142,53.91177070217279,6197.152514648437,6367.527176126195,6026.77785317068,1.7448711919798576
2013-12-23,6284.5,6284.5,6317.5,6266.9501953125,6267.2001953125,131200,6205.610009765625,6166.114013671875,6221.492275656997,6191.621531126384,29.870744530612683,30.928940617381052,55.77850196671235,6205.610009765625,6375.680031473849,6035.539988057401,0.1633661393792174
2013-12-24,6268.39990234375,6268.39990234375,6301.5,6262.0,6296.4501953125,107600,6216.075,6171.0630078125,6228.7088336088045,6197.308817883226,31.40001572557867,31.02315563902058,57.78226202879115,6216.075,6373.471719152448,6058.678280847552,-0.25618740800780193
2013-12-26,6278.89990234375,6278.89990234375,6302.75,6259.4501953125,6270.10009765625,182300,6227.164990234375,6174.717001953125,6236.430536491104,6203.352601917339,33.07793457376556,31.43411142596958,53.04493255946772,6227.164990234375,6367.7572677127255,6086.572712756025,0.1675068624143572
2013-12-27,6313.7998046875,6313.7998046875,6324.89990234375,6289.39990234375,6292.7998046875,96900,6238.262475585938,6178.738994140625,6248.333500829011,6211.53387619661,36.79962463240099,32.507214067255866,54.232088375185086,6238.262475585938,6368.542968620609,6107.981982551267,0.5558282961434458
2013-12-30,6291.10009765625,6291.10009765625,6344.0498046875,6273.14990234375,6336.39990234375,101300,6244.012475585938,6182.78,6254.912977263972,6217.4276703788055,37.48530688516621,33.502832630837936,43.44736231435643,6244.012475585938,6372.884656804072,6115.140294367804,-0.3595252895791434
2013-12-31,6304.0,6304.0,6317.2998046875,6287.2998046875,6307.35009765625,103400,6248.319970703125,6187.942998046875,6262.464826915669,6223.840435535931,38.62439137973797,34.52714438061795,47.315521316355486,6248.319970703125,6379.252760588718,6117.387180817533,0.20505002532953398
2014-01-02,6221.14990234375,6221.14990234375,6358.2998046875,6211.2998046875,6301.25,158100,6249.2849609375,6188.578994140625,6256.108684673835,6223.641136780954,32.46754789288116,34.11522508307059,42.713145737085256,6249.2849609375,6379.055014947969,6119.514906927031,-1.3142464729735126
2014-01-03,6211.14990234375,6211.14990234375,6221.7001953125,6171.25,6194.5498046875,139000,6251.794946289063,6188.70298828125,6249.191948930746,6222.715860155976,26.476088774769778,32.587397821410434,47.57673025105738,6251.794946289063,6376.202188595216,6127.387703982909,-0.1607419875260141
2014-01-06,6191.4501953125,6191.4501953125,6224.7001953125,6170.25,6220.85009765625,118300,6249.312451171875,6188.47599609375,6240.308602220246,6220.399884982385,19.90871723786131,30.051661704700614,52.37411750742556,6249.312451171875,6376.567166935646,6122.057735408104,-0.31716682644893357
2014-01-07,6162.25,6162.25,6221.5,6144.75,6203.89990234375,138600,6244.429956054688,6188.153994140625,6228.299586494055,6216.092486094801,12.20710039925416,26.482749443611326,50.75354843237364,6244.429956054688,6377.3417779200145,6111.518134189361,-0.471621258208732
2014-01-08,6174.60009765625,6174.60009765625,6192.10009765625,6160.35009765625,6178.0498046875,146900,6234.9649658203125,6188.358994140625,6220.038126672854,6213.018975840093,7.019150832760715,22.590029721441205,53.571817536919134,6234.9649658203125,6358.698800800511,6111.231130840114,0.20041539464075164
2014-01-09,6168.35009765625,6168.35009765625,6188.0498046875,6148.25,6181.7001953125,150100,6226.739965820312,6188.827998046875,6212.0861222087615,6209.710170048697,2.3759521600641165,18.547214209165787,44.269630451883984,6226.739965820312,6344.817392016038,6108.662539624586,-0.10122113013233403
2014-01-10,6171.4501953125,6171.4501953125,6239.10009765625,6139.60009765625,6178.85009765625,159900,6219.91748046875,6190.235,6205.834441147798,6206.876097846017,-1.0416566982185032,14.62944002768893,50.63428834666944,6219.91748046875,6333.94879707188,6105.88616386562,0.050258133976988084
2014-01-13,6272.75,6272.75,6288.2001953125,6189.5498046875,6189.5498046875,135000,6221.702490234375,6191.272001953125,6216.129142509676,6211.755646153719,4.373496355957286,12.5782512933426,49.79844106763247,6221.702490234375,6337.958970691456,6105.4460097772935,1.641426269054902
2014-01-14,6241.85009765625,6241.85009765625,6280.35009765625,6234.14990234375,6260.25,110200,6225.375,6191.075,6220.086212532226,6213.984864783536,6.101347748690387,11.282870584412159,44.570343046754466,6225.375,6339.155922995107,6111.594077004893,-0.4926053540113995
2014-01-15,6320.89990234375,6320.89990234375,6325.2001953125,6265.2998046875,6265.9501953125,145900,6233.684985351562,6191.51,6235.5960109647685,6221.904497195404,13.691513769364974,11.764599221402722,55.760378539161145,6233.684985351562,6349.981276099301,6117.388694603824,1.2664483037998941
2014-01-16,6318.89990234375,6318.89990234375,6346.5,6299.85009765625,6341.35009765625,153400,6242.677490234375,6191.743994140625,6248.411994253843,6229.089342021207,19.322652232635846,13.276209823649348,54.472279727121055,6242.677490234375,6355.936756080774,6129.418224387976,-0.03164106426141178
2014-01-17,6261.64990234375,6261.64990234375,6327.10009765625,6246.35009765625,6306.25,167700,6244.902490234375,6191.913994140625,6250.448595498444,6231.501235378432,18.94736012001158,14.410439882921795,44.44681309059448,6244.902490234375,6357.798038935068,6132.006941533683,-0.906012136365153
2014-01-20,6303.9501953125,6303.9501953125,6307.4501953125,6243.35009765625,6261.75,122100,6251.767504882812,6193.69,6258.679610854453,6236.867825003178,21.81178585127509,15.890709076592454,51.31351325991062,6251.767504882812,6361.2747925941485,6142.260217171476,0.6755454812783057
2014-01-21,6313.7998046875,6313.7998046875,6330.2998046875,6297.89990234375,6320.14990234375,141700,6253.7449951171875,6196.22099609375,6267.159640674922,6242.56649016498,24.59315050994246,17.63119736326246,51.00800376080327,6253.7449951171875,6366.346390895969,6141.143599338406,0.15624503794975375
2014-01-22,6338.9501953125,6338.9501953125,6349.9501953125,6287.4501953125,6309.0498046875,137500,6256.467504882812,6200.185,6278.204341388396,6249.706023879611,28.498317508784567,19.80462139236688,63.748870193978995,6256.467504882812,6374.692462351565,6138.242547414059,0.3983400076500443
2014-01-23,6345.64990234375,6345.64990234375,6355.60009765625,6316.39990234375,6325.9501953125,120100,6260.330004882812,6205.522001953125,6288.580581535373,6256.812977839918,31.767603695455364,22.19721785298458,65.81982164106758,6260.330004882812,6385.0648035415215,6135.595206224103,0.10569111327305425
2014-01-24,6266.75,6266.75,6331.4501953125,6263.89990234375,6301.64990234375,160300,6259.722509765625,6210.496005859375,6285.2220305299315,6257.549053555479,27.672976974452467,23.29236967727816,57.77408992928337,6259.722509765625,6384.194575304154,6135.250444227096,-1.2433699236166218
2014-01-27,6135.85009765625,6135.85009765625,6188.5498046875,6130.25,6186.2998046875,190400,6250.825024414063,6213.421005859375,6262.24173316475,6248.534316081462,13.70741708328842,21.37537915848021,47.74744672855456,6250.825024414063,6384.146849110139,6117.503199717987,-2.0888004522878645
2014-01-28,6126.25,6126.25,6163.60009765625,6085.9501953125,6131.85009765625,184100,6242.58251953125,6214.8230078125,6241.319928062481,6239.476218593946,1.843709468535053,17.46904522049118,45.85511031858652,6242.58251953125,6385.461154017135,6099.703885045365,-0.15645912959830754
2014-01-29,6120.25,6120.25,6170.4501953125,6109.7998046875,6161.0,146700,6233.39501953125,6213.4480078125,6222.693785283638,6230.644646846247,-7.950861562609134,12.385063863871117,45.87477376143547,6233.39501953125,6383.112564273518,6083.677474788982,-0.09793919608243051
2014-01-30,6073.7001953125,6073.7001953125,6082.85009765625,6027.25,6067.0,208100,6226.022534179688,6210.855009765625,6199.771694518848,6219.019131917822,-19.247437398974398,6.058563611302015,42.19809067724215,6226.022534179688,6391.925678656402,6060.119389702973,-0.760586653935702
2014-01-31,6089.5,6089.5,6097.85009765625,6067.35009765625,6082.75,146700,6219.9400390625,6210.18701171875,6182.806818439025,6209.425122146132,-26.61830370710686,-0.4768098523797608,33.062180917513345,6219.9400390625,6396.703678824215,6043.176399300784,0.26013474783779245
2014-02-03,6001.7998046875,6001.7998046875,6074.85009765625,5994.4501953125,6058.7998046875,134900,6210.45751953125,6210.24201171875,6154.959585554175,6194.045469001048,-39.085883446873595,-8.198624571278527,29.920494432649804,6210.45751953125,6412.234208366191,6008.680830696309,-1.4401871305115388
2014-02-04,6000.89990234375,6000.89990234375,6017.7998046875,5933.2998046875,5947.60009765625,183300,6202.3900146484375,6210.351005859375,6131.258095829495,6179.738389989397,-48.48029415990186,-16.254958489003194,19.207059221530997,6202.3900146484375,6424.190987560701,5980.589041736174,-0.01499387472150282
2014-02-05,6022.39990234375,6022.39990234375,6028.0498046875,5962.0498046875,6004.25,166600,6194.780004882812,6208.492001953125,6114.510681447073,6168.083687200829,-53.57300575375666,-23.71856794195389,22.500443810027576,6194.780004882812,6430.596774116575,5958.963235649049,0.3582795972251196
2014-02-06,6036.2998046875,6036.2998046875,6048.35009765625,5965.39990234375,6028.35009765625,185500,6188.177490234375,6208.03599609375,6102.478238868677,6158.321918125768,-55.843679257091026,-30.14359020498132,27.271778153147608,6188.177490234375,6434.280132903123,5942.074847565627,0.23080337687870767
2014-02-07,6063.2001953125,6063.2001953125,6079.9501953125,6030.89990234375,6077.64990234375,181900,6182.764990234375,6208.157998046875,6096.435462936958,6151.275864584044,-54.840401647085855,-35.082952493402225,24.940127429972463,6182.764990234375,6435.099164938082,5930.430815530667,0.445643713788213
2014-02-10,6053.4501953125,6053.4501953125,6083.0498046875,6046.39990234375,6072.7998046875,133100,6171.8,6207.39,6089.822344840888,6144.029518712078,-54.20717387119021,-38.90779676895983,22.894366540864127,6171.8,6426.715853473475,5916.884146526525,-0.1608061697771057
2014-02-11,6062.7001953125,6062.7001953125,6081.85009765625,6053.25,6072.4501953125,150500,6162.842504882812,6205.122001953125,6085.649706451905,6138.0051243861835,-52.355417934278194,-41.597321002023506,20.25409363735399,6162.842504882812,6419.97485069482,5905.710159070804,0.15280542007536368
2014-02-12,6084.0,6084.0,6106.60009765625,6077.39990234375,6085.35009765625,138500,6150.997509765625,6202.445,6085.395905459304,6134.004744802022,-48.608839342718056,-42.99962467016242,22.68503367863235,6150.997509765625,6399.141728017316,5902.853291513934,0.3513253831018748
2014-02-13,6001.10009765625,6001.10009765625,6094.39990234375,5991.10009765625,6087.5498046875,153700,6135.10751953125,6198.43,6072.42731964345,6124.159956124558,-51.732636481108784,-44.7462270323517,22.49714634089625,6135.10751953125,6378.639452777854,5891.575586284645,-1.3625887959196281
2014-02-14,6048.35009765625,6048.35009765625,6056.39990234375,5984.60009765625,6023.75,140200,6124.442529296875,6196.177998046875,6068.723131645419,6118.5444110528315,-49.821279407412476,-45.76123750736385,39.04332046086533,6124.442529296875,6363.277904087911,5885.607154505839,0.7873556386512215
2014-02-18,6127.10009765625,6127.10009765625,6141.7001953125,6066.7998046875,6071.2998046875,126600,6115.600024414062,6193.897998046875,6077.704203339393,6119.178165616047,-41.473962276654674,-44.903782461222015,50.09073521057762,6115.600024414062,6339.052060880214,5892.14798794791,1.30200796462685
2014-02-19,6152.75,6152.75,6160.35009765625,6125.75,6132.0498046875,95200,6107.547534179687,6191.755,6089.249710517947,6121.664968163007,-32.41525764505968,-42.40607749798955,53.329238476713336,6107.547534179687,6311.699941469327,5903.395126890047,0.41863037872618136
2014-02-20,6091.4501953125,6091.4501953125,6129.10009765625,6086.4501953125,6127.14990234375,132100,6095.172534179687,6186.306005859375,6089.588246640185,6119.4268368407475,-29.838590200562066,-39.89258003850406,51.76494121394085,6095.172534179687,6267.84234131061,5922.502727048764,-0.9962992919832603
2014-02-21,6155.4501953125,6155.4501953125,6159.64990234375,6108.0,6108.2998046875,112600,6085.662548828125,6182.7580078125,6099.720854128233,6122.095233764581,-22.37437963634784,-36.38893995807281,55.98405033006956,6085.662548828125,6216.011298799722,5955.313798856529,1.050652930713425
2014-02-24,6186.10009765625,6186.10009765625,6191.85009765625,6130.7998046875,6140.9501953125,144900,6081.630053710937,6180.32201171875,6113.009968517159,6126.836334793594,-13.826366276434783,-31.876425221745208,68.65389424450262,6081.630053710937,6191.82232571647,5971.437781705405,0.497931123983264
2014-02-25,6200.0498046875,6200.0498046875,6216.85009765625,6176.60009765625,6205.7001953125,146300,6084.8400390625,6179.58201171875,6126.400712543365,6132.259554785735,-5.858842242369974,-26.67290862587016,69.63811959704826,6084.8400390625,6204.974563644032,5964.705514480968,0.22550082945691496
2014-02-26,6238.7998046875,6238.7998046875,6245.9501953125,6202.10009765625,6202.4501953125,181700,6090.467529296875,6180.990009765625,6143.69288056554,6140.151425148829,3.54145541671096,-20.63003581735394,70.63705745670607,6090.467529296875,6228.047282720688,5952.887775873062,0.6249949794065124
2014-02-28,6276.9501953125,6276.9501953125,6282.7001953125,6228.10009765625,6228.4501953125,180600,6098.3025390625,6183.435009765625,6164.194005911226,6150.2846673831755,13.909338528050284,-13.722160948273093,71.9351450468654,6098.3025390625,6258.939388230404,5937.665689894596,0.6115020808383109
2014-03-03,6221.4501953125,6221.4501953125,6277.75,6212.25,6264.35009765625,144600,6105.6900390625,6185.083017578125,6173.002650434499,6155.556187970533,17.446462463965872,-7.488436265825301,63.70962147272171,6105.6900390625,6274.922674973256,5936.457403151743,-0.8841873564879643
2014-03-04,6297.9501953125,6297.9501953125,6302.14990234375,6215.7001953125,6216.75,166800,6116.112548828125,6186.6990234375,6192.225349646499,6166.103892218085,26.121457428414033,-0.766457526977435,68.98588464752568,6116.112548828125,6305.609267390091,5926.615830266159,1.229616851351456
2014-03-05,6328.64990234375,6328.64990234375,6336.25,6287.7998046875,6328.4501953125,160300,6132.455053710937,6189.9390234375,6213.213742369153,6178.144337412578,35.069404956574544,6.400714969732961,69.98572618492847,6132.455053710937,6336.276933633424,5928.63317378845,0.48745553837659106
2014-03-06,6401.14990234375,6401.14990234375,6406.60009765625,6339.7001953125,6344.75,180700,6152.467553710938,6192.477021484375,6242.1269977498605,6194.663268148221,47.4637296016399,14.61331789611435,72.13036109882637,6152.467553710938,6379.211608213142,5925.723499208733,1.1455839889823904
2014-03-07,6526.64990234375,6526.64990234375,6537.7998046875,6413.5498046875,6413.9501953125,284900,6177.6800537109375,6197.32001953125,6285.8997523027665,6219.254870681223,66.64488162154339,25.01963064120016,84.61438518901576,6177.6800537109375,6450.903520249021,5904.456587172854,1.9605852372563293
2014-03-10,6537.25,6537.25,6562.2001953125,6487.35009765625,6491.7001953125,242100,6202.727563476563,6202.697021484375,6324.569021179264,6242.8100654455775,81.75895573368689,36.36749565969751,83.83392614208893,6202.727563476563,6510.981445244883,5894.473681708243,0.1624125365211171
2014-03-11,6511.89990234375,6511.89990234375,6562.85009765625,6494.25,6537.35009765625,239000,6225.162548828125,6207.357021484375,6353.389156743031,6262.742645956553,90.64651078647785,47.22329868505358,78.7550462812957,6225.162548828125,6555.20249585821,5895.122601798041,-0.3877792291292259
2014-03-12,6516.89990234375,6516.89990234375,6546.14990234375,6487.2998046875,6497.5,175000,6248.335034179688,6211.4190234375,6378.5446560662185,6281.5691093926425,96.97554667357599,57.17374828275806,78.07850002823741,6248.335034179688,6592.393325158429,5904.276743200946,0.0767825070253414
2014-03-13,6493.10009765625,6493.10009765625,6561.4501953125,6476.64990234375,6491.75,167900,6269.855029296875,6215.4590234375,6396.168570156992,6297.238071486244,98.93049867074842,65.52509836035614,82.87094647245699,6269.855029296875,6618.8306581123,5920.87940048145,-0.3652013233921281
2014-03-14,6504.2001953125,6504.2001953125,6518.4501953125,6432.7001953125,6447.25,177300,6290.8650390625,6219.46302734375,6412.788820180916,6312.568599177078,100.22022100383856,72.46412288905263,81.24721100792205,6290.8650390625,6643.306480222138,5938.423597902862,0.17095220294318647
2014-03-18,6516.64990234375,6516.64990234375,6574.9501953125,6497.64990234375,6532.4501953125,179300,6316.642529296875,6225.37302734375,6428.767448205967,6327.685732744979,101.08171546098856,78.18764140343983,80.61498970705817,6316.642529296875,6654.981072937116,5978.303985656635,0.19141026809448292
2014-03-19,6524.0498046875,6524.0498046875,6541.2001953125,6506.0,6530.0,172500,6340.427514648438,6231.631025390625,6443.4262722800495,6342.231219555536,101.19505272451352,82.78912366765456,80.37690968121166,6340.427514648438,6665.993918734637,6014.8611105622385,0.11355378077144707
2014-03-20,6483.10009765625,6483.10009765625,6523.64990234375,6473.25,6508.35009765625,142000,6358.227514648437,6237.4640234375,6449.529937722542,6352.6659512667,96.86398645584177,85.60409622529201,72.81050567017688,6358.227514648437,6673.448114289972,6043.006915006902,-0.627673121100758
2014-03-21,6493.2001953125,6493.2001953125,6522.89990234375,6485.7001953125,6515.2001953125,189900,6375.250024414063,6244.08302734375,6456.248438890228,6363.075895270093,93.172543620135,87.11778570426061,71.30755078633176,6375.250024414063,6680.357572081536,6070.14247674659,0.15579117249633345
2014-03-24,6583.5,6583.5,6591.5,6510.5,6510.5,158400,6399.852514648437,6252.261025390625,6475.825602137886,6379.403606731567,96.42199540631827,88.97862764467214,83.38409006182656,6399.852514648437,6687.456219743596,6112.248809553278,1.3906825905766418
2014-03-25,6589.75,6589.75,6595.5498046875,6544.85009765625,6550.10009765625,168100,6421.5675048828125,6260.6890234375,6493.352432578211,6394.984821047748,98.36761153046336,90.8564244218304,80.91106021389245,6421.5675048828125,6696.789225397548,6146.345784368077,0.09493430546061443
2014-03-26,6601.39990234375,6601.39990234375,6627.4501953125,6580.60009765625,6615.64990234375,186600,6442.332495117187,6269.288017578125,6509.975120234448,6410.274827069674,99.70029316477394,92.62519817041911,80.10823164158509,6442.332495117187,6705.138937110073,6179.526053124301,0.17678822935240923
2014-03-27,6641.75,6641.75,6673.9501953125,6599.5,6613.10009765625,312400,6464.417504882813,6276.668017578125,6530.248178659917,6427.421136175624,102.82704248429309,94.66556703319391,78.58846108770395,6464.417504882813,6715.4703654610485,6213.364644304577,0.6112354690392952
2014-03-28,6695.89990234375,6695.89990234375,6702.60009765625,6643.7998046875,6673.0498046875,184800,6487.272509765625,6285.749013671875,6555.733059226661,6447.308452188078,108.42460703858251,97.41737503427163,74.21668026693793,6487.272509765625,6735.04767867164,6239.49734085961,0.815295702845642
2014-03-31,6704.2001953125,6704.2001953125,6730.0498046875,6662.39990234375,6723.14990234375,220600,6508.635009765625,6293.41501953125,6578.574157086021,6466.337470197294,112.23668688872658,100.38123740516262,74.04587024341666,6508.635009765625,6753.71697445466,6263.55304507659,0.12396082811578779
2014-04-01,6721.0498046875,6721.0498046875,6732.25,6675.4501953125,6729.5,177800,6533.614990234375,6301.458017578125,6600.493487486248,6485.205050529902,115.28843695634623,103.36267731539934,80.88004810014519,6533.614990234375,6756.266236848812,6310.963743619938,0.2513291501465176
2014-04-02,6752.5498046875,6752.5498046875,6763.5,6723.60009765625,6757.60009765625,173300,6556.344970703125,6311.276015625,6623.886767055672,6505.008365652688,118.87840140298431,106.46582213291633,82.26764283087621,6556.344970703125,6770.347435451319,6342.342505954931,0.46867678287447756
2014-04-03,6736.10009765625,6736.10009765625,6776.75,6696.89990234375,6772.0498046875,197500,6576.71748046875,6319.919013671875,6641.150356378837,6522.126271727026,119.02408465181179,108.97747463669543,83.95762938540227,6576.71748046875,6776.560623848057,6376.8743370894435,-0.24360734103480164
2014-04-04,6694.35009765625,6694.35009765625,6741.85009765625,6685.14990234375,6741.85009765625,155100,6591.377490234375,6327.53001953125,6649.334931959978,6534.883592166228,114.45133979375078,110.07224766810651,74.47554689061434,6591.377490234375,6779.675814402125,6403.079166066625,-0.6197948277895438
2014-04-07,6695.0498046875,6695.0498046875,6725.14990234375,6650.39990234375,6694.25,133900,6599.7974853515625,6334.65201171875,6656.367989302674,6546.747756056692,109.62023324598158,109.98184478368152,73.67938725487019,6599.7974853515625,6790.947793524989,6408.647177178136,0.010452202544564138
2014-04-09,6796.2001953125,6796.2001953125,6808.7001953125,6705.10009765625,6722.0,169800,6612.7449951171875,6343.663017578125,6677.880636381108,6565.225714520086,112.65492186102256,110.51646019914973,78.92452360194295,6612.7449951171875,6820.422208153421,6405.067782080954,1.5108235722784302
2014-04-10,6796.39990234375,6796.39990234375,6819.0498046875,6777.2998046875,6803.0498046875,191100,6626.969995117188,6354.256015625,6696.11436960613,6582.34972843295,113.76464117318028,111.16609639395585,86.45571029881003,6626.969995117188,6844.312338500919,6409.627651733456,0.0029385101308232464
2014-04-11,6776.2998046875,6776.2998046875,6789.35009765625,6743.14990234375,6758.35009765625,140700,6639.939990234375,6367.065009765625,6708.450590387879,6596.7164007481015,111.73418963977747,111.27971504312018,82.19241669109743,6639.939990234375,6860.5604544362695,6419.31952603248,-0.2957462472053529
2014-04-15,6733.10009765625,6733.10009765625,6813.39990234375,6711.75,6792.7001953125,123200,6651.939990234375,6379.20201171875,6712.242822275321,6606.818896815372,105.4239254599488,110.1085571264859,69.05252579774962,6651.939990234375,6864.906728620608,6438.973251848141,-0.6375117435236111
2014-04-16,6675.2998046875,6675.2998046875,6748.64990234375,6665.14990234375,6727.25,119800,6660.494970703125,6390.3030078125,6706.559281107964,6611.891556657752,94.66772445021252,107.02039059123123,59.63074609341504,6660.494970703125,6861.905956914195,6459.083984492055,-0.8584499284196023
2014-04-17,6779.39990234375,6779.39990234375,6783.0498046875,6684.39990234375,6695.4501953125,131500,6673.632470703125,6404.417001953125,6717.7655305288545,6624.299582264122,93.4659482647321,104.3095021259314,66.58592336726858,6673.632470703125,6869.744915056171,6477.52002635008,1.55948198136584
2014-04-21,6817.64990234375,6817.64990234375,6825.4501953125,6786.89990234375,6789.25,111800,6688.312475585937,6418.98,6733.132356961915,6638.621828195946,94.51052876596896,102.34970745393892,66.45463639228798,6688.312475585937,6881.208098968082,6495.416852203793,0.5642092301823887
2014-04-22,6815.35009765625,6815.35009765625,6838.0,6806.25,6822.89990234375,114700,6704.924975585937,6435.251005859375,6745.781240145659,6651.712811118932,94.06842902672633,100.69345176849642,62.374426636829185,6704.924975585937,6879.792360803336,6530.0575903685385,-0.03373310041498989
2014-04-23,6840.7998046875,6840.7998046875,6861.60009765625,6820.75,6823.25,183000,6722.304956054688,6452.04900390625,6760.399480844403,6665.719255086974,94.68022575742907,99.49080656628296,63.66545914957971,6722.304956054688,6876.4352315329825,6568.174680576393,0.37341745716044095
2014-04-25,6782.75,6782.75,6869.85009765625,6772.85009765625,6855.7998046875,154300,6732.2674560546875,6467.256005859375,6763.838022252957,6674.388199154606,89.44982309835086,97.48260987269654,55.70243130204356,6732.2674560546875,6873.8698891497,6590.665022959675,-0.8485821299392904
2014-04-28,6761.25,6761.25,6786.25,6750.2998046875,6778.5498046875,118200,6740.842456054687,6481.755009765625,6763.439864983271,6680.822406624635,82.61745835863621,94.50957956988448,50.81922893720011,6740.842456054687,6865.912190793078,6615.772721316297,-0.3169805757251898
2014-04-29,6715.25,6715.25,6779.7001953125,6708.64990234375,6769.0,115500,6746.5349609375,6494.796005859375,6756.026039601229,6683.372598726514,72.65344087471476,90.13835183085054,48.140208448569474,6746.5349609375,6854.007590388655,6639.062331486344,-0.6803475688667016
2014-04-30,6696.39990234375,6696.39990234375,6780.14990234375,6656.7998046875,6724.9501953125,161100,6749.2674560546875,6507.655,6746.852787715463,6684.337584179642,62.51520353582055,84.61372217184456,50.190626515521664,6749.2674560546875,6847.941341423728,6650.593570685647,-0.28070582117195597
2014-05-02,6694.7998046875,6694.7998046875,6737.64990234375,6689.5,6709.9501953125,114300,6749.212451171875,6520.2969921875,6738.844636480391,6685.11256347652,53.73207300387094,78.43739233824984,49.97678951901718,6749.212451171875,6848.01274213808,6650.412160205669,-0.02389489396668054
2014-05-05,6699.35009765625,6699.35009765625,6741.0498046875,6680.4501953125,6681.64990234375,105000,6748.969946289062,6532.603994140625,6732.768553584369,6686.167195637981,46.60135794638791,72.07018545987745,39.04285984180981,6748.969946289062,6848.258031172858,6649.681861405266,0.06796757336289261
2014-05-06,6715.2998046875,6715.2998046875,6743.4501953125,6701.89990234375,6719.25,88300,6748.682446289063,6546.88798828125,6730.081053754082,6688.325166678687,41.75588707539464,66.00732578298089,41.14046869482562,6748.682446289063,6848.343534142799,6649.021358435326,0.23807842251488687
2014-05-07,6652.5498046875,6652.5498046875,6718.75,6642.89990234375,6708.60009765625,114100,6743.682446289063,6558.971982421875,6718.1531692823,6685.675139864525,32.47802941777536,59.301466509939786,37.63364678603633,6743.682446289063,6852.169755634894,6635.195136943232,-0.9344333361884782
2014-05-08,6659.85009765625,6659.85009765625,6688.39990234375,6638.5498046875,6669.89990234375,101600,6739.869946289063,6569.626982421875,6709.183465955215,6683.762173775022,25.421292180192722,52.52543164399038,42.114332092086364,6739.869946289063,6854.655581659126,6625.084310918999,0.10973676534682397
2014-05-09,6858.7998046875,6858.7998046875,6871.35009765625,6652.14990234375,6654.14990234375,166400,6748.092431640625,6583.747978515625,6732.20136422172,6696.727924212984,35.47344000873545,49.1150333169394,65.15027397304453,6748.092431640625,6872.320442895571,6623.864420385679,2.987300076037225
2014-05-12,7014.25,7014.25,7020.0498046875,6862.89990234375,6863.39990234375,157700,6764.05244140625,6602.203974609375,6775.593462033763,6720.248077974986,55.3453840587772,50.36110346530697,67.87428285169162,6764.05244140625,6933.408333814247,6594.696548998253,2.2664343578924884
2014-05-13,7108.75,7108.75,7172.35009765625,7067.14990234375,7080.0,232200,6779.679931640625,6621.269970703125,6826.848314028568,6749.0259981249865,77.82231590358151,55.85334595296188,70.40803542025958,6779.679931640625,7008.698568754902,6550.661294526348,1.3472573689275347
2014-05-14,7108.75,7108.75,7142.25,7080.89990234375,7112.0,177200,6795.297436523438,6639.72296875,6870.217804178019,6775.672220486098,94.54558369192091,63.591793500753695,70.63580972345378,6795.297436523438,7067.622598198506,6522.972274848369,0.0
2014-05-15,7123.14990234375,7123.14990234375,7152.5498046875,7082.5498046875,7111.2998046875,186800,6812.63994140625,6658.184970703125,6909.130434665054,6801.411308031109,107.71912663394505,72.41726012739197,70.17218391494272,6812.63994140625,7121.585789089458,6503.694093723042,0.20256588491296412
2014-05-16,7203.0,7203.0,7563.5,7130.64990234375,7270.2001953125,393200,6836.134936523437,6677.468974609375,6954.341137024276,6831.158618547323,123.18251847695228,82.57031179730404,79.1172848694805,6836.134936523437,7188.088848725683,6484.181024321191,1.1209942055266486
2014-05-19,7263.5498046875,7263.5498046875,7291.10009765625,7193.5498046875,7276.85009765625,316200,6865.547436523438,6697.200966796875,7001.911701280156,6863.187595298447,138.72410598170882,93.801070634185,83.01562217169882,6865.547436523438,7257.0098819262985,6474.084991120577,0.8406192515271416
2014-05-20,7275.5,7275.5,7353.64990234375,7247.7001953125,7309.9501953125,255300,6890.35244140625,6718.281962890625,7044.002208775517,6893.72925490597,150.27295386954665,105.09544728125732,88.55017538201024,6890.35244140625,7319.853366121824,6460.851516690676,0.16452279716989704
2014-05-21,7252.89990234375,7252.89990234375,7287.14990234375,7206.7001953125,7274.85009765625,203100,6912.11494140625,6737.38095703125,7076.140315478322,6920.33448804951,155.80582742881234,115.23752331076832,88.09554370061369,6912.11494140625,7369.319337640554,6454.910545171946,-0.31063291397498416
2014-05-22,7276.39990234375,7276.39990234375,7319.5498046875,7258.14990234375,7289.9501953125,240900,6935.167431640625,6756.33595703125,7106.949482688387,6946.709703923158,160.23977876522986,124.23797440166064,88.65478340843936,6935.167431640625,7417.624320656581,6452.710542624669,0.3240083320659837
2014-05-23,7367.10009765625,7367.10009765625,7381.0,7293.89990234375,7306.5,259600,6961.482446289063,6775.6549609375,7146.972654221905,6977.849733088571,169.12292113333388,133.21496374799528,89.82049284102808,6961.482446289063,7478.445860527631,6444.519032050494,1.2464982206830788
2014-05-26,7359.0498046875,7359.0498046875,7504.0,7269.0498046875,7428.75,273200,6990.297436523438,6792.302958984375,7179.599908139689,7006.086775429232,173.51313271045728,141.2745975404877,88.75440337501941,6990.297436523438,7529.097567272844,6451.497305774032,-0.10927356574551572
2014-05-27,7318.0,7318.0,7372.9501953125,7274.75,7363.10009765625,168600,7018.134936523437,6807.917958984375,7200.892229964353,7029.19145873077,171.7007712335826,147.35983227910668,91.13554511067137,7018.134936523437,7564.583609523188,6471.686263523687,-0.5578139267565785
2014-05-28,7329.64990234375,7329.64990234375,7344.75,7302.60009765625,7324.9501953125,175600,7048.854931640625,6824.272958984375,7220.701102638106,7051.447639739139,169.25346289896697,151.73855840307874,91.18295891641458,7048.854931640625,7592.682913386668,6505.026949894583,0.15919516731006667
2014-05-29,7235.64990234375,7235.64990234375,7325.39990234375,7224.39990234375,7316.60009765625,241100,7075.817431640625,6838.647958984375,7223.000917977436,7065.092251783924,157.90866619351164,152.9725799611653,76.60429494166482,7075.817431640625,7599.153981400799,6552.48088188045,-1.2824623447559524
2014-05-30,7229.9501953125,7229.9501953125,7272.5,7118.4501953125,7254.85009765625,312200,7102.574951171875,6853.3849609375,7224.070037567446,7077.30395130456,146.76608626288635,151.73128122150953,69.31067102170994,7102.574951171875,7597.857670063351,6607.292232280399,-0.07877256512097697
2014-06-02,7362.5,7362.5,7368.60009765625,7239.5,7264.0498046875,169900,7135.732446289063,6870.55095703125,7245.366954864762,7098.429584541259,146.93737032350327,150.7724990419083,71.26813201564335,7135.732446289063,7605.4873597943515,6665.977532783774,1.833343261111775
2014-06-03,7415.85009765625,7415.85009765625,7424.9501953125,7342.14990234375,7375.35009765625,234700,7170.7599609375,6888.5349609375,7271.595130678837,7121.942215142369,149.65291553646875,150.5485823408204,73.62672286522489,7170.7599609375,7612.132158796975,6729.387763078025,0.7246193230050935
2014-06-04,7402.25,7402.25,7433.2998046875,7391.35009765625,7417.5498046875,204600,7208.244970703125,6906.09896484375,7291.69587980517,7142.705754761452,148.99012504371785,150.2368908813999,71.49900290140272,7208.244970703125,7587.2431192773065,6829.246822128943,-0.18339229457386974
2014-06-05,7474.10009765625,7474.10009765625,7484.7001953125,7360.5,7399.75,250700,7248.957470703125,6925.91896484375,7319.758067166875,7167.253483864771,152.50458330210404,150.69042936554072,71.14335176732499,7248.957470703125,7545.988372010961,6951.926569395289,0.9706521349083008
2014-06-06,7583.39990234375,7583.39990234375,7592.7001953125,7497.64990234375,7521.5,248400,7285.187475585937,6947.722958984375,7360.318349501778,7198.079144492844,162.23920500893473,153.00018449421952,73.18257971861811,7285.187475585937,7557.586723297455,7012.788227874419,1.4623807984826875
2014-06-09,7654.60009765625,7654.60009765625,7673.7001953125,7580.25,7621.64990234375,231900,7317.20498046875,6969.1449609375,7405.592464602466,7231.895511393836,173.69695320862957,157.13953823710153,75.30370099018549,7317.20498046875,7605.5806749406165,7028.829285996884,0.9388954325156185
2014-06-10,7656.39990234375,7656.39990234375,7683.2001953125,7579.2998046875,7679.0498046875,188700,7344.587475585938,6990.477958984375,7444.178224254971,7263.34028109383,180.83794316114108,161.87921922190947,77.70150406487713,7344.587475585938,7652.933237041732,7036.241714130143,0.02351271999239124
2014-06-11,7626.85009765625,7626.85009765625,7700.0498046875,7589.0498046875,7672.39990234375,186200,7370.49248046875,7010.986962890625,7472.2815893936295,7290.266934172527,182.01465522110266,165.90630642174813,73.86126382029165,7370.49248046875,7682.446509893978,7058.5384510435215,-0.38594907612459206
2014-06-12,7649.89990234375,7649.89990234375,7658.0,7593.7998046875,7641.2998046875,148200,7396.82998046875,7031.1499609375,7499.607483693648,7316.90641329632,182.70107039732738,169.26525921686397,71.20894975831258,7396.82998046875,7709.800344485214,7083.859616452287,0.3022191913091721
2014-06-13,7542.10009765625,7542.10009765625,7678.5,7525.35009765625,7668.2001953125,174500,7413.784985351563,7048.07396484375,7506.144808918663,7333.587426952611,172.55738196605216,169.92368376670163,61.94145711852108,7413.784985351563,7719.191886794442,7108.378083908683,-1.409166212154911
2014-06-16,7533.5498046875,7533.5498046875,7548.60009765625,7487.5498046875,7534.7998046875,155400,7427.284985351563,7064.66095703125,7510.3609621138685,7348.399454932973,161.96150718089575,168.33124844954045,64.68424512084134,7427.284985351563,7728.572236229971,7125.997734473154,-0.11336753501066665
2014-06-17,7631.7001953125,7631.7001953125,7637.60009765625,7509.25,7525.0498046875,158000,7445.094995117188,7082.87396484375,7529.02853645212,7369.384694961086,159.64384149103353,166.59376705783907,68.4076056326293,7445.094995117188,7750.6848486109275,7139.505141623448,1.3028438540876097
2014-06-18,7558.2001953125,7558.2001953125,7663.0,7515.5,7636.0498046875,165100,7460.360009765625,7098.98697265625,7533.5164839691015,7383.37102832045,150.14545564865148,163.30410477600157,70.16066073489728,7460.360009765625,7755.860627747966,7164.859391783285,-0.9630881470572561
2014-06-19,7540.7001953125,7540.7001953125,7606.4501953125,7502.5498046875,7580.0498046875,148900,7473.575024414063,7115.078974609375,7534.621670329625,7395.025040690231,139.59662963939354,158.56260974867996,69.14074530335695,7473.575024414063,7757.863023079837,7189.287025748288,-0.23153660326241665
2014-06-20,7511.4501953125,7511.4501953125,7560.5498046875,7497.2998046875,7543.2998046875,124100,7480.792529296875,7131.4209765625,7531.056828019298,7403.649126217807,127.40770180149138,152.33162815924226,60.51239708154767,7480.792529296875,7760.998913907424,7200.5861446863255,-0.3878950129615588
2014-06-23,7493.35009765625,7493.35009765625,7534.7998046875,7441.60009765625,7514.0,127400,7487.507543945312,7147.386982421875,7525.255792578829,7410.293642620654,114.96214995817445,144.8577325190287,55.75608864492564,7487.507543945312,7761.804255548165,7213.210832342459,-0.24096675323155292
2014-06-24,7580.2001953125,7580.2001953125,7593.35009765625,7515.2001953125,7515.2001953125,137000,7500.6175537109375,7163.066982421875,7533.708777614778,7422.87931319042,110.82946442435787,138.05207890009453,61.919763463790204,7500.6175537109375,7765.71155154792,7235.523555873955,1.1590289593357506
2014-06-25,7569.25,7569.25,7589.25,7557.0498046875,7588.5498046875,115000,7512.59755859375,7178.523984375,7539.176657981735,7433.721586287426,105.45507169430857,131.53267745893734,56.939673377696835,7512.59755859375,7766.58284455523,7258.612272632271,-0.1444578643090666
2014-06-26,7493.2001953125,7493.2001953125,7570.2001953125,7481.2998046875,7554.10009765625,171700,7525.475073242187,7192.8619921875,7532.103356032622,7438.1274091781725,93.97594685444983,124.02133133803986,43.08602893456226,7525.475073242187,7743.974810340871,7306.975336143503,-1.0047204767645423
2014-06-27,7508.7998046875,7508.7998046875,7538.75,7482.2998046875,7514.2001953125,126700,7539.417553710938,7208.375986328125,7528.518194287219,7443.362401438123,85.15579284909563,116.24822364025101,37.782774882348455,7539.417553710938,7708.5206973565955,7370.31441006528,0.20818353932086087
2014-06-30,7611.35009765625,7611.35009765625,7623.64990234375,7531.60009765625,7534.0498046875,152300,7551.86005859375,7227.0969921875,7541.261564036301,7455.805934491317,85.45562954498382,110.08970482119759,46.770392711173095,7551.86005859375,7701.672958866559,7402.047158320941,1.3657348129687996
2014-07-01,7634.7001953125,7634.7001953125,7649.5,7618.14990234375,7629.0,139400,7562.802563476563,7244.202998046875,7555.636738078793,7469.057361218813,86.57937685998058,105.38763922895419,50.56781859755129,7562.802563476563,7702.409198580433,7423.195928372692,0.3067799714460584
2014-07-02,7725.14990234375,7725.14990234375,7732.39990234375,7677.2998046875,7683.0498046875,136300,7578.94755859375,7262.352998046875,7581.715686427248,7488.02717907992,93.6885073473286,103.04781285262908,54.95946492151719,7578.94755859375,7715.015556405643,7442.8795607818565,1.1847185183091247
2014-07-03,7714.7998046875,7714.7998046875,7754.64990234375,7706.7998046875,7734.35009765625,133800,7590.9825439453125,7280.3419921875,7602.190166159595,7504.825151347148,97.36501481244704,101.91125324459267,63.05955297055915,7590.9825439453125,7730.538154736728,7451.426933153897,-0.13397924683778983
2014-07-04,7751.60009765625,7751.60009765625,7758.0,7661.2998046875,7718.10009765625,113100,7599.392553710937,7298.557998046875,7625.176309466772,7523.104776999674,102.07153246709822,101.94330908909379,65.81333503305606,7599.392553710937,7756.226919716844,7442.55818770503,0.47700904625405105
2014-07-07,7787.14990234375,7787.14990234375,7792.0,7755.10009765625,7780.39990234375,173900,7606.020043945313,7318.64599609375,7650.095323755539,7542.6636751733095,107.43164858222917,103.04097698772087,62.399272777691664,7606.020043945313,7782.632801267964,7429.407286622662,0.45861247019500784
2014-07-08,7623.2001953125,7623.2001953125,7808.85009765625,7595.89990234375,7804.0498046875,180600,7604.36005859375,7335.885,7645.957611687379,7548.629343331768,97.32826835561082,101.89843526129887,54.53088092142434,7604.36005859375,7779.597779944327,7429.122337243173,-2.1053878387766067
2014-07-09,7585.0,7585.0,7650.10009765625,7551.64990234375,7637.9501953125,168300,7602.267553710937,7353.28,7636.579517581628,7551.323466047934,85.25605153369452,98.56995851577801,53.00134178099594,7602.267553710937,7777.373938609228,7427.161168812646,-0.5011044487063243
2014-07-10,7567.75,7567.75,7731.0498046875,7479.0498046875,7589.5,258400,7598.16005859375,7370.707001953125,7625.990361030608,7552.540246340679,73.45011468992925,93.54598975060827,53.87739701704546,7598.16005859375,7772.413871786406,7423.906245401095,-0.22742254449571453
2014-07-11,7459.60009765625,7459.60009765625,7625.85009765625,7447.2001953125,7584.10009765625,187600,7594.03505859375,7386.0030078125,7600.391858973015,7545.6557908825735,54.73606809044122,85.78400541857486,47.932111508014856,7594.03505859375,7777.537067911616,7410.533049275885,-1.4290892582835002
2014-07-14,7454.14990234375,7454.14990234375,7478.4501953125,7422.14990234375,7469.0,135200,7590.0650634765625,7401.09900390625,7577.893096414667,7538.877576916734,39.01551949793247,76.43030823444639,41.42106379061561,7590.0650634765625,7782.304423068175,7397.82570388495,-0.0730628350199658
2014-07-15,7526.64990234375,7526.64990234375,7534.89990234375,7459.14990234375,7491.2998046875,122100,7584.812548828125,7417.326005859375,7570.009528096064,7537.971823244661,32.03770485140285,67.55178755783768,47.32478564862258,7584.812548828125,7778.000259177566,7391.624838478684,0.9726125842626887
2014-07-16,7624.39990234375,7624.39990234375,7640.10009765625,7532.4501953125,7564.14990234375,168000,7588.122534179687,7436.7630078125,7578.377277980324,7544.373903177927,34.00337480239705,60.84210500674956,58.02052345618871,7588.122534179687,7781.658553093595,7394.586515265779,1.2987185702574067
2014-07-17,7640.4501953125,7640.4501953125,7655.64990234375,7612.7001953125,7612.7001953125,141600,7593.110034179687,7456.375009765625,7587.926957569889,7551.490665558266,36.436292011622754,55.960942407724204,58.04364247348718,7593.110034179687,7786.641594615247,7399.578473744127,0.2105122130833692
2014-07-18,7663.89990234375,7663.89990234375,7685.0,7595.5,7630.25,134600,7600.73251953125,7472.47701171875,7599.6151029197135,7559.817275690524,39.79782722918935,52.72831937201724,53.55426477426446,7600.73251953125,7792.7245910200345,7408.740448042465,0.3069152527901631
2014-07-21,7684.2001953125,7684.2001953125,7722.10009765625,7674.0,7701.64990234375,105400,7610.2750244140625,7485.876015625,7612.628194057065,7569.030825292151,43.59736876491388,50.90212925059657,53.36185729881451,7610.2750244140625,7798.733714053519,7421.816334774606,0.2648820212610259
2014-07-22,7767.85009765625,7767.85009765625,7773.85009765625,7704.7998046875,7708.2001953125,120100,7619.65751953125,7499.058017578125,7636.508486918478,7583.758178800603,52.75030811787565,51.27176502405239,52.92707516072973,7619.65751953125,7820.11436783283,7419.20067122967,1.0885960831002128
2014-07-23,7795.75,7795.75,7809.2001953125,7752.89990234375,7794.89990234375,122100,7630.98251953125,7512.798017578125,7661.007181238712,7599.461276667224,61.54590457148788,53.326592933539494,55.41871438152801,7630.98251953125,7844.60862393829,7417.356415124209,0.35917148236637164
2014-07-24,7830.60009765625,7830.60009765625,7835.64990234375,7771.64990234375,7796.25,117600,7647.852514648437,7526.947021484375,7687.098399149103,7616.58267081456,70.51572833454338,56.76442001374028,55.302013422818796,7647.852514648437,7868.827773193919,7426.8772561029555,0.4470397031234974
2014-07-25,7790.4501953125,7790.4501953125,7840.9501953125,7748.60009765625,7828.2001953125,153900,7661.935034179687,7538.696025390625,7702.998675481933,7629.461746703296,73.53692877863705,60.11892176671963,50.22013690893778,7661.935034179687,7881.491958092242,7442.378110267132,-0.5127308487604565
2014-07-28,7748.7001953125,7748.7001953125,7799.89990234375,7722.64990234375,7792.89990234375,116500,7668.8025390625,7548.399033203125,7710.029678532789,7638.294224378052,71.73545415473745,62.4422282443232,60.001587652422415,7668.8025390625,7890.281305252634,7447.323772872365,-0.5359125461725012
2014-07-30,7791.39990234375,7791.39990234375,7798.7001953125,7707.60009765625,7746.2001953125,178100,7676.637524414063,7558.71703125,7722.548174503706,7649.635385708844,72.91278879486163,64.53634035443089,66.33169285026014,7676.637524414063,7904.044144751121,7449.230904077004,0.5510563830702919
2014-07-31,7721.2998046875,7721.2998046875,7791.85009765625,7711.14990234375,7784.64990234375,208900,7676.44501953125,7568.085029296875,7722.356117608904,7654.943861188744,67.41225642015979,65.11152356757668,61.21210695052939,7676.44501953125,7903.685184358809,7449.204854703691,-0.899711201258746
2014-08-01,7602.60009765625,7602.60009765625,7716.7001953125,7593.89990234375,7662.5,181100,7670.835034179688,7574.609033203125,7703.932114539265,7651.066545371523,52.86556916774225,62.662332687609805,60.28333382491534,7670.835034179688,7899.622908194031,7442.047160165344,-1.5373021386786312
2014-08-04,7683.64990234375,7683.64990234375,7694.7998046875,7622.0498046875,7639.5498046875,137000,7667.437524414063,7580.940029296875,7700.811774201494,7653.480127369466,47.33164683202813,59.596195516493474,64.88521043170708,7667.437524414063,7893.173209428081,7441.701839400045,1.066080073217135
2014-08-05,7746.5498046875,7746.5498046875,7752.4501953125,7638.0498046875,7706.64990234375,128200,7665.40751953125,7588.690029296875,7707.848394276263,7660.374177541172,47.47421673509143,57.17179976021307,64.44240771039951,7665.40751953125,7887.307984954044,7443.507054108456,0.8186200977814417
2014-08-06,7672.0498046875,7672.0498046875,7740.9501953125,7658.9501953125,7726.14990234375,116400,7667.85,7595.771025390625,7702.340918954915,7661.239038811271,41.10188014364394,53.95781583689924,53.22809745124957,7667.85,7888.867968382729,7446.832031617272,-0.9617184666510403
2014-08-07,7649.25,7649.25,7708.9501953125,7630.39990234375,7651.14990234375,116800,7671.0625,7602.16302734375,7694.173085269544,7660.350961862288,33.822123407255276,49.93067735097045,50.590750438588444,7671.0625,7888.854245302049,7453.270754697951,-0.29718009225604414
2014-08-08,7568.5498046875,7568.5498046875,7592.4501953125,7540.10009765625,7588.7001953125,118400,7671.102490234375,7608.821025390625,7674.846426718461,7653.550876145638,21.29555057282323,44.20365199534101,44.0558457126124,7671.102490234375,7888.814641377379,7453.390339091371,-1.0550079460404649
2014-08-11,7625.9501953125,7625.9501953125,7635.5498046875,7598.60009765625,7619.85009765625,107000,7679.419995117188,7616.741025390625,7667.323929579083,7651.506381269109,15.817548309973972,38.52643125826761,46.52922357902871,7679.419995117188,7874.660795700344,7484.179194534031,0.7584067239598591
2014-08-12,7727.0498046875,7727.0498046875,7735.75,7654.7998046875,7688.7998046875,120600,7693.064990234375,7624.032021484375,7676.512525749609,7657.102190411212,19.41033533839709,34.7032120742935,47.618472167199165,7693.064990234375,7857.774223500798,7528.3557569679515,1.3257313093540057
2014-08-13,7739.5498046875,7739.5498046875,7757.10009765625,7695.7001953125,7717.2998046875,154100,7703.709985351563,7630.506015625,7686.21056866313,7663.209421098345,23.001147564785242,32.36279917239185,46.65951928747556,7703.709985351563,7849.5750367637,7557.844933939426,0.1617693727354652
2014-08-14,7791.7001953125,7791.7001953125,7796.7001953125,7739.10009765625,7756.14990234375,127300,7712.075,7638.29501953125,7702.439741993803,7672.727256225319,29.71248576848393,31.83273649161027,47.73442489991224,7712.075,7857.978090542898,7566.171909457102,0.6738168490551644
2014-08-18,7874.25,7874.25,7880.5,7779.2001953125,7785.25,126700,7723.764990234375,7646.298017578125,7728.8720893793725,7687.654866875295,41.217222504077654,33.70963369410374,54.650896835952786,7723.764990234375,7882.413314814401,7565.116665654348,1.0594581749585608
2014-08-19,7897.5,7897.5,7918.5498046875,7881.14990234375,7901.0,140600,7735.444995117187,7652.58001953125,7754.814844859469,7703.198950810458,51.61589404901133,37.290885765085264,58.43154484897248,7735.444995117187,7909.211751265582,7561.678238968792,0.29526621583007007
2014-08-20,7875.2998046875,7875.2998046875,7922.7001953125,7864.0498046875,7915.7998046875,117300,7744.999975585937,7656.994013671875,7773.35099252532,7715.947162208757,57.40383031656347,41.31347467538091,54.8671488484685,7744.999975585937,7927.689295726562,7562.3106554453125,-0.2811040875276949
2014-08-21,7891.10009765625,7891.10009765625,7919.64990234375,7855.9501953125,7875.35009765625,115200,7751.1624755859375,7661.688017578125,7791.46623946854,7728.921453723386,62.54478574515451,45.55973688933563,60.51264688188686,7751.1624755859375,7945.067868149148,7557.257083022727,0.20063100276317414
2014-08-22,7913.2001953125,7913.2001953125,7929.0498046875,7900.0498046875,7904.5498046875,104100,7757.034985351563,7667.41501953125,7810.194540367611,7742.571730878135,67.62280948947591,49.97235140936369,71.84246725393149,7757.034985351563,7963.343455913207,7550.726514789918,0.2800635828053233
2014-08-25,7906.2998046875,7906.2998046875,7968.25,7897.9501953125,7931.75,118500,7760.819970703125,7672.543017578125,7824.979965647594,7754.699736345496,70.28022930209863,54.03392698791068,67.48053126995848,7760.819970703125,7975.422058852975,7546.217882553276,-0.08720101166007632
2014-08-26,7904.75,7904.75,7915.4501953125,7862.4501953125,7874.5,142800,7766.5349609375,7679.796015625,7837.252278624887,7765.814570690274,71.43770793461317,57.514683177251186,63.744563585055815,7766.5349609375,7990.349474359583,7542.720447515417,-0.01960214924535686
2014-08-27,7936.0498046875,7936.0498046875,7946.85009765625,7916.5498046875,7933.89990234375,120000,7775.90244140625,7687.846015625,7852.451898019135,7778.424588023402,74.02730999573305,60.81720854094756,74.79800981881425,7775.90244140625,8011.92369716949,7539.881185643009,0.39596198092919366
2014-08-28,7954.35009765625,7954.35009765625,7967.7998046875,7939.2001953125,7942.25,189700,7784.049951171875,7694.299013671875,7868.128544117153,7791.456107255464,76.67243686168877,63.98825420509581,78.90293328843401,7784.049951171875,8033.2082876338045,7534.891614709946,0.2305970025281434
2014-09-01,8027.7001953125,8027.7001953125,8035.0,7984.0,7990.35009765625,139300,7799.369970703125,7703.689013671875,7892.678028916438,7808.955669333764,83.72235958267447,67.93507528061154,94.11080380228994,7799.369970703125,8069.111841309852,7529.628100096397,0.9221381603238932
2014-09-02,8083.0498046875,8083.0498046875,8101.9501953125,8036.5498046875,8038.60009765625,134900,7823.3924560546875,7714.536005859375,7921.965994419678,7829.258938619226,92.70705580045251,72.88947138457974,94.087506263634,7823.3924560546875,8104.678032545604,7542.106879563771,0.6894827662761838
2014-09-03,8114.60009765625,8114.60009765625,8141.89990234375,8092.25,8110.85009765625,150700,7844.939965820313,7726.59900390625,7951.602010302227,7850.395320770116,101.20668953211134,78.55291501408607,93.17136743443275,7844.939965820313,8146.450370455717,7543.429561184908,0.3903265936881173
2014-09-04,8095.9501953125,8095.9501953125,8114.7998046875,8060.89990234375,8114.2001953125,141300,7862.409985351563,7738.651005859375,7973.8094233807315,7868.584570736219,105.2248526445128,83.88730254017142,89.16479403160622,7862.409985351563,8179.978699621556,7544.841271081569,-0.22983144109759435
2014-09-05,8086.85009765625,8086.85009765625,8122.7001953125,8049.85009765625,8099.89990234375,126000,7883.15,7748.78400390625,7991.2002963461955,7884.75238754511,106.44790880108576,88.3994237923543,85.82345097341985,7883.15,8202.547581252169,7563.752418747829,-0.11240308347646444
2014-09-08,8173.89990234375,8173.89990234375,8180.2001953125,8126.14990234375,8132.9501953125,120700,7909.382495117187,7760.877001953125,8019.307928038126,7906.170721974639,113.13720606348761,93.34698024658096,85.9766371083761,7909.382495117187,8234.030901059008,7584.7340891753665,1.0764364818970584
2014-09-09,8152.9501953125,8152.9501953125,8174.5498046875,8126.5,8161.89990234375,104700,7938.602514648437,7774.072001953125,8039.868276849568,7924.450682962628,115.41759388694027,97.76110297465281,80.84026975406164,7938.602514648437,8238.327266069136,7638.877763227739,-0.2563000193486986
2014-09-10,8094.10009765625,8094.10009765625,8135.75,8082.10009765625,8135.5498046875,107100,7962.010009765625,7785.7780078125,8048.21163389675,7937.0173062732665,111.19432762348333,100.44774790441892,74.26798477967243,7962.010009765625,8230.411009998821,7693.609009532429,-0.7218257961404628
2014-09-11,8085.7001953125,8085.7001953125,8127.9501953125,8057.2998046875,8115.14990234375,122800,7979.942529296875,7795.265009765625,8053.979104883788,7948.030853609505,105.94825127428248,101.54784857839164,71.94408440638135,7979.942529296875,8229.509383242645,7730.375675351105,-0.1037780882668149
2014-09-12,8105.5,8105.5,8114.2998046875,8071.60009765625,8087.0498046875,111400,7998.2400390625,7804.681005859375,8061.905396440128,7959.6952348236155,102.21016161651278,101.68031118601587,71.79777544577428,7998.2400390625,8226.33383713995,7770.14624098505,0.24487433628788136
2014-09-15,8042.0,8042.0,8077.2998046875,8030.0,8070.35009765625,96500,8010.755029296875,7811.0180078125,8058.843027757031,7965.79188409594,93.05114366109137,99.95447768103098,63.63275148927486,8010.755029296875,8217.611672226876,7803.8983863668755,-0.7834186663376763
2014-09-16,7932.89990234375,7932.89990234375,8044.89990234375,7925.14990234375,8036.60009765625,128000,8013.687524414063,7815.380009765625,8039.467162308834,7963.355441003186,76.11172130564864,95.18592640595452,52.325479145271146,8013.687524414063,8213.954053744395,7813.42099508373,-1.3566289188790104
2014-09-17,7975.5,7975.5,7990.64990234375,7936.9501953125,7971.5,123700,8017.5875244140625,7819.8580078125,8029.626060415168,7964.255037965912,65.37102244925518,89.22294561461466,53.19927076552197,8017.5875244140625,8211.256416761142,7823.918632066983,0.5370053597129498
2014-09-18,8114.75,8114.75,8120.85009765625,7939.7001953125,7950.64990234375,116900,8029.560034179687,7826.410009765625,8042.722051120527,7975.402812931401,67.31923818912583,84.8422041295169,60.87457685022302,8029.560034179687,8215.649554812397,7843.470513546978,1.745972039370569
2014-09-19,8121.4501953125,8121.4501953125,8160.89990234375,8105.35009765625,8129.39990234375,161300,8041.0775390625,7836.375009765625,8054.834073303907,7986.221137552224,68.61293575168293,81.59635045395012,56.98740810830483,8041.0775390625,8219.437795634276,7862.717282490726,0.0825681051480398
2014-09-22,8146.2998046875,8146.2998046875,8159.89990234375,8064.7998046875,8084.4501953125,105500,8052.73251953125,7847.601005859375,8068.905724285998,7998.078816599282,70.82690768671637,79.44246190050337,54.938708408187665,8052.73251953125,8226.30862089669,7879.156418165809,0.30597502634865936
2014-09-23,8017.5498046875,8017.5498046875,8159.75,8008.10009765625,8144.39990234375,140800,8058.29501953125,7856.597001953125,8061.004813578536,7999.5211120132235,61.48370156531291,75.85070983346529,43.42075907265206,8058.29501953125,8218.746753153997,7897.843285908502,-1.5804721540682243
2014-09-24,8002.39990234375,8002.39990234375,8042.0498046875,7950.0498046875,8015.5498046875,182200,8063.177514648438,7867.452998046875,8051.988673388569,7999.734355741411,52.25431764715813,71.13143139620387,43.62779237866794,8063.177514648438,8209.255374448761,7917.099654848114,-0.18895925454548435
2014-09-25,7911.85009765625,7911.85009765625,8019.2998046875,7877.35009765625,8003.2998046875,231900,8061.967529296875,7876.607001953125,8030.428892506674,7993.224410698065,37.20448180860876,64.34604147868485,39.27037341735014,8061.967529296875,8212.802588421839,7911.132470171911,-1.1315331124726713
2014-09-26,7968.85009765625,7968.85009765625,7993.2998046875,7841.7998046875,7885.85009765625,147800,8062.692529296875,7885.451005859375,8020.955231760455,7991.4189060283015,29.536325732153273,57.38409832937854,36.946972522690544,8062.692529296875,8211.475029345398,7913.910029248353,0.7204383209546084
2014-09-29,7958.89990234375,7958.89990234375,7991.75,7934.7001953125,7978.4501953125,97300,8059.252514648438,7892.141005859375,8011.4082580040385,7989.010090940557,22.398167063481196,50.386912076199074,37.471730494119754,8059.252514648438,8214.483327840175,7904.021701456701,-0.12486362763213243
2014-09-30,7964.7998046875,7964.7998046875,8030.89990234375,7923.85009765625,7948.7998046875,141100,8053.340014648437,7898.627998046875,8004.237726724571,7987.216736403294,17.020990321277168,43.713727725214696,41.039474672634775,8053.340014648437,8213.678292417699,7893.001736879177,0.07412962113033661
2014-10-01,7945.5498046875,7945.5498046875,7977.5,7936.7001953125,7960.5,113000,8044.8875,7904.26099609375,7995.208815641945,7984.130297016939,11.078518625005927,37.18668590517294,40.43145590364916,8044.8875,8209.397462760997,7880.377537239002,-0.2416884350146642
2014-10-07,7852.39990234375,7852.39990234375,7943.0498046875,7842.7001953125,7897.39990234375,148200,8032.709985351563,7907.624990234375,7973.238213596069,7974.37249000411,-1.1342764080409324,29.52249344253017,34.293149454599885,8032.709985351563,8216.25977576556,7849.160194937565,-1.1723531364537632
2014-10-08,7842.7001953125,7842.7001953125,7869.89990234375,7815.75,7828.75,135900,8020.502490234375,7909.1219921875,7953.155441552442,7964.61898669362,-11.463545141177747,21.32528572578859,36.746910493606684,8020.502490234375,8220.619354104338,7820.385626364413,-0.12352538270948843
2014-10-09,7960.5498046875,7960.5498046875,7972.35009765625,7886.5,7886.5,123800,8009.834985351563,7912.41798828125,7954.293035880913,7964.317565804277,-10.024529923364753,15.055322595957923,51.817520633145655,8009.834985351563,8197.905381734008,7821.764588969117,1.502666255755103
2014-10-10,7859.9501953125,7859.9501953125,7924.0498046875,7848.4501953125,7911.0,142900,7995.184985351562,7913.004990234375,7939.778752716542,7956.586649471554,-16.807896755011825,8.682678725763974,42.94264794297003,7995.184985351562,8181.958582291691,7808.411388411434,-1.2637269013223484
2014-10-13,7884.25,7884.25,7901.14990234375,7796.0,7831.0,118800,7984.69248046875,7914.880986328125,7931.235867683228,7951.228379140327,-19.99251145709877,2.9476406891914255,33.62224131159735,7984.69248046875,8171.6466300966395,7797.73833084086,0.30915977943464235
2014-10-14,7864.0,7864.0,7928.0,7825.4501953125,7923.25,225500,7973.607470703125,7917.186982421875,7920.891888039654,7944.7670177225245,-23.875129682870465,-2.4169133852209526,32.05291764584145,7973.607470703125,8161.632034805701,7785.582906600549,-0.2568411706883933
2014-10-16,7748.2001953125,7748.2001953125,7893.89990234375,7729.64990234375,7837.2998046875,213500,7955.74248046875,7916.32298828125,7894.323935312399,7930.206512358819,-35.88257704642001,-9.110046117460765,25.37116584802952,7955.74248046875,8158.334898546103,7753.150062391396,-1.4725305784270115
2014-10-17,7779.7001953125,7779.7001953125,7819.2001953125,7723.85009765625,7733.75,177600,7942.627490234375,7917.49099609375,7876.689513773953,7919.057896281314,-42.368382507361275,-15.761713395440868,33.272368137294634,7942.627490234375,8155.412523570805,7729.842456897944,0.40654602625080916
2014-10-20,7879.39990234375,7879.39990234375,7905.9501953125,7856.9501953125,7896.9501953125,176200,7939.952490234375,7923.0269921875,7877.106496630844,7916.120267100753,-39.013770469909105,-20.412124810334518,42.26899421795013,7939.952490234375,8154.589502719827,7725.315477748923,1.2815366213124957
2014-10-21,7927.75,7927.75,7936.60009765625,7874.35009765625,7906.14990234375,163400,7937.564990234375,7927.908994140625,7884.897804841483,7916.981728796994,-32.08392395551073,-22.74648463936976,51.05535227563677,7937.564990234375,8151.598556737936,7723.531423730814,0.6136266499415566
2014-10-22,7995.89990234375,7995.89990234375,8005.0,7974.5498046875,7997.7998046875,151100,7931.622485351562,7932.89599609375,7901.975050611062,7922.827519430086,-20.85246881902367,-22.367681475300547,51.76923715659911,7931.622485351562,8131.043443471569,7732.201527231556,0.8596373793793965
2014-10-27,7991.7001953125,7991.7001953125,8064.39990234375,7985.64990234375,8064.35009765625,132800,7925.134985351562,7939.28900390625,7915.7789190266685,7927.929199125079,-12.150280098410803,-20.3242011999226,52.161617903827555,7925.134985351562,8106.146431161964,7744.12353954116,-0.05252325670084268
2014-10-28,8027.60009765625,8027.60009765625,8037.7998046875,7995.0498046875,8002.39990234375,124100,7919.2,7946.856005859375,7932.982177277373,7935.3122286459065,-2.330051368533532,-16.72537123364479,53.9812648544841,7919.2,8075.818996359766,7762.581003640234,0.449214828714517
2014-10-29,8090.4501953125,8090.4501953125,8097.9501953125,8052.25,8077.0498046875,148300,7922.84501953125,7957.294013671875,7957.208026205854,7946.803929880469,10.40409632538558,-11.299477721838716,58.70483988111791,7922.84501953125,8091.993596116174,7753.696442946326,0.7829251194837239
2014-10-30,8169.2001953125,8169.2001953125,8181.5498046875,8085.2001953125,8085.2001953125,205700,7931.185034179687,7968.159013671875,7989.822206068416,7963.277727319878,26.544478748537585,-3.730686427763457,69.36673721161395,7931.185034179687,8130.59161219056,7731.778456168814,0.9733698137790459
2014-10-31,8322.2001953125,8322.2001953125,8330.75,8198.0498046875,8200.7998046875,176200,7951.7025390625,7980.062021484375,8040.957281336736,7989.864576800814,51.09270453592217,7.233991764973668,74.94282547316936,7951.7025390625,8216.466118711078,7686.938959413923,1.8728883653480688
2014-11-03,8324.150390625,8324.150390625,8350.599609375,8297.650390625,8348.150390625,141100,7969.467553710938,7991.754033203125,8084.525451996468,8014.626488935938,69.89896306053015,19.766986024084964,71.50722169720859,7969.467553710938,8282.377588107298,7656.557519314578,0.02343365055792468
2014-11-05,8338.2998046875,8338.2998046875,8365.5498046875,8323.5,8351.25,161600,7988.437548828125,8002.686025390625,8123.567660102781,8038.60229010272,84.96537000006083,32.80666281928014,81.51811762525722,7988.437548828125,8342.009879114088,7634.865218542161,0.16998027904968627
2014-11-07,8337.0,8337.0,8360.349609375,8290.25,8331.849609375,153400,8007.04755859375,8011.941025390625,8156.403404702353,8060.705824169186,95.69758053316764,45.384846362057644,80.76379976881498,8007.04755859375,8393.072920641001,7621.0221965465,-0.015588365949248395
2014-11-10,8344.25,8344.25,8383.0498046875,8304.4501953125,8337.7998046875,130700,8026.982568359375,8020.876025390625,8185.302880901992,8081.709096452949,103.59378444904269,57.02663397945466,83.2192646011805,8026.982568359375,8439.87975860879,7614.085378109961,0.0869617368358
2014-11-11,8362.650390625,8362.650390625,8378.7001953125,8321.849609375,8354.099609375,122000,8052.495092773437,8030.623037109375,8212.58711316707,8102.519562687916,110.0675504791543,67.6348172793946,99.12071011460513,8052.495092773437,8482.666521940975,7622.323663605899,0.2205158117865702
2014-11-12,8383.2998046875,8383.2998046875,8415.0498046875,8370.5,8378.900390625,125200,8079.525073242187,8040.46703125,8238.850604170213,8123.31809913233,115.53250503788331,77.21435483109235,99.10518647046392,8079.525073242187,8521.95398856336,7637.096157921013,0.24692427756694002
2014-11-13,8357.849609375,8357.849609375,8408.0,8320.349609375,8405.25,127400,8099.390063476562,8049.36001953125,8257.158143432489,8140.69080359475,116.46733983773902,85.06495183242168,94.27227586331537,8099.390063476562,8554.813051461402,7643.967075491723,-0.30358207275695825
2014-11-14,8389.900390625,8389.900390625,8400.650390625,8346.7998046875,8360.7001953125,146800,8125.8875732421875,8059.03203125,8277.580027615953,8159.150773004398,118.42925461155573,91.7378123882485,94.09412869646887,8125.8875732421875,8584.310592014568,7667.464554469807,0.3834811913108416
2014-11-17,8430.75,8430.75,8438.099609375,8349.099609375,8378.400390625,113900,8153.212573242187,8069.55203125,8301.14463875196,8179.269234263331,121.87540448863001,97.7653308083248,93.76955461432378,8153.212573242187,8616.118650930366,7690.3064955540085,0.48689027846677835
2014-11-18,8425.900390625,8425.900390625,8454.5,8407.25,8441.25,134700,8181.307592773437,8079.34904296875,8320.337831347813,8197.538208808639,122.79962253917438,102.77218915449473,93.6470352634896,8181.307592773437,8638.476870507055,7724.13831503982,-0.057522870147974636
2014-11-19,8382.2998046875,8382.2998046875,8455.650390625,8360.5,8440.650390625,125400,8213.012573242188,8087.908037109375,8329.870442630841,8211.224252947814,118.64618968302784,105.94698926020136,85.11182324821522,8213.012573242188,8629.88805412745,7796.137092356925,-0.5174590716264804
2014-11-20,8401.900390625,8401.900390625,8410.849609375,8353.150390625,8406.5,122800,8244.122583007813,8095.392041015625,8340.951973091482,8225.348411294272,115.6035617972102,107.87830376760313,83.71763561588801,8244.122583007813,8615.192693481204,7873.052472534423,0.233833033823716
2014-11-21,8477.349609375,8477.349609375,8489.7998046875,8398.599609375,8408.2001953125,137000,8274.020068359376,8103.278037109375,8361.936224827408,8244.015166707659,117.92105811974943,109.88685463803239,83.6004301945459,8274.020068359376,8616.622153688806,7931.417983029945,0.8980018238991194
2014-11-24,8530.150390625,8530.150390625,8534.650390625,8490.7998046875,8490.9501953125,140700,8304.140087890624,8111.58904296875,8387.815327257807,8265.210368479315,122.6049587784928,112.43047546612448,79.01490934756957,8304.140087890624,8623.70965608588,7984.570519695368,0.6228453901630848
2014-11-25,8463.099609375,8463.099609375,8535.349609375,8429.4501953125,8530.7998046875,271900,8327.500073242187,8118.93203125,8399.397524506607,8279.868830767884,119.52869373872272,113.85011912064414,66.40675808437919,8327.500073242187,8619.294776316458,8035.705370167916,-0.7860445382497749
2014-11-26,8475.75,8475.75,8500.2998046875,8438.650390625,8450.2998046875,151900,8351.702563476563,8126.710029296875,8411.144059197897,8294.3785470073,116.76551219059729,114.43319773463477,66.28741503289908,8351.702563476563,8603.824496642437,8099.580630310688,0.14947703806991175
2014-11-27,8494.2001953125,8494.2001953125,8506.75,8456.349609375,8477.7998046875,194300,8375.032568359375,8133.11603515625,8423.92192629245,8309.180150585464,114.74177570698703,114.49491332910523,67.90016924613192,8375.032568359375,8583.441762414608,8166.623374304141,0.21768215570894256
2014-11-28,8588.25,8588.25,8617.0,8516.25,8516.7998046875,197200,8399.92255859375,8141.82203125,8449.203168401305,8329.851991282836,119.35117711846942,115.46616608697808,73.19822329181244,8399.92255859375,8582.533837787194,8217.311279400305,1.10722378240391
2014-12-01,8555.900390625,8555.900390625,8623.0,8545.150390625,8605.099609375,152000,8419.257568359375,8151.058037109375,8465.61812566649,8346.596317160032,119.02180850645709,116.1772945708739,67.8984385175323,8419.257568359375,8579.531741171575,8258.983395547175,-0.37667288883066474
2014-12-02,8524.7001953125,8524.7001953125,8560.2001953125,8504.650390625,8535.4501953125,137400,8429.382568359375,8159.838037109375,8474.707674842799,8359.789197023178,114.91847781962133,115.9255312206234,62.8451842757074,8429.382568359375,8589.425195017684,8269.339941701066,-0.3646629096650922
2014-12-03,8537.650390625,8537.650390625,8546.9501953125,8508.349609375,8528.7001953125,153200,8440.057568359374,8168.481044921875,8484.391169578523,8372.964100252942,111.4270693255803,115.02583884161479,66.71314350449882,8440.057568359374,8599.023833406201,8281.091303312547,0.1519137918729596
2014-12-04,8564.400390625,8564.400390625,8626.9501953125,8526.400390625,8582.400390625,143500,8451.36259765625,8178.929052734375,8496.70028050875,8387.144566206427,109.5557143023234,113.93181393375652,66.3818520528655,8451.36259765625,8612.008805855887,8290.716389456615,0.31331805328282947
2014-12-05,8538.2998046875,8538.2998046875,8588.349609375,8523.900390625,8584.25,143300,8461.427587890625,8191.03705078125,8503.10020730548,8398.341250538359,104.75895676712207,112.09724250042963,60.384211389810304,8461.427587890625,8617.050217585682,8305.804958195567,-0.3047567225613501
2014-12-08,8438.25,8438.25,8546.349609375,8432.25,8538.650390625,163800,8466.127587890625,8200.29205078125,8493.123252335407,8401.297454202184,91.82579813322263,108.04295362698824,51.00722243638554,8466.127587890625,8612.23657902164,8320.01859675961,-1.17177666486451
2014-12-09,8340.7001953125,8340.7001953125,8444.5,8330.5,8439.2998046875,146300,8465.030078125,8204.8110546875,8469.67355125496,8396.808768358504,72.86478289645675,101.00731948088193,46.88159763400243,8465.030078125,8614.698228254807,8315.361927995194,-1.1560430739489869
2014-12-10,8355.650390625,8355.650390625,8376.7998046875,8317.0,8318.0498046875,136700,8463.647607421875,8209.49505859375,8452.131526542658,8393.759999637503,58.371526905155406,92.48016096573664,46.50865170262205,8463.647607421875,8616.960834071455,8310.334380772296,0.17924388795202972
2014-12-11,8292.900390625,8292.900390625,8348.2998046875,8272.400390625,8338.849609375,133900,8460.400146484375,8212.4270703125,8427.634428709172,8386.28891748843,41.34551122074299,82.25323101673791,35.8040057482668,8460.400146484375,8625.45131339263,8295.34897957612,-0.7509888167461565
2014-12-12,8224.099609375,8224.099609375,8321.900390625,8216.2998046875,8302.0,138100,8452.110107421875,8216.55806640625,8396.321379580837,8374.274894665212,22.046484915625115,70.21188179651536,27.011214328049903,8452.110107421875,8646.175858554798,8258.044356288952,-0.8296347237907065
2014-12-15,8219.599609375,8219.599609375,8242.400390625,8152.5,8160.75,137100,8441.552587890625,8220.902060546876,8369.133414933785,8362.817466125196,6.315948808589383,57.43269519893016,29.812687021516382,8441.552587890625,8661.72852376828,8221.376652012968,-0.05471723609561385
2014-12-16,8067.60009765625,8067.60009765625,8189.35009765625,8052.60009765625,8172.60009765625,197300,8423.637573242188,8224.017060546876,8322.743673814164,8340.949512905274,-18.205839091109738,42.304988340922186,22.51333244329807,8423.637573242188,8700.250307161225,8147.02483932315,-1.8492325531937692
2014-12-17,8029.7998046875,8029.7998046875,8082.0,7961.35009765625,8041.2001953125,216200,8406.012573242188,8225.2360546875,8277.675386256216,8317.901386370624,-40.226000114407725,25.79879064985621,19.519564559714084,8406.012573242188,8733.88640520883,8078.138741275545,-0.4685444557388396
2014-12-18,8159.2998046875,8159.2998046875,8174.2998046875,8084.89990234375,8138.89990234375,162100,8393.882543945312,8229.244052734375,8259.463758322569,8306.153121060763,-46.68936273819418,11.301159972246131,23.098170593531236,8393.882543945312,8739.848305539237,8047.916782351386,1.6127425732880951
2014-12-19,8225.2001953125,8225.2001953125,8263.4501953125,8208.599609375,8230.4501953125,174800,8381.275073242188,8234.452060546875,8254.192440936404,8300.156608042373,-45.964167105968954,-0.1519054433968865,30.0975267443323,8381.275073242188,8732.767075488775,8029.783070995602,0.8076721312181734
2014-12-22,8324.0,8324.0,8330.9501953125,8228.2001953125,8255.0,139200,8370.967553710938,8242.021064453125,8264.932065407727,8301.922785224418,-36.990719816691126,-7.519668318055735,38.83014860380255,8370.967553710938,8716.110744748197,8025.8243626736785,1.2011841942012103
2014-12-23,8267.0,8267.0,8364.75,8252.849609375,8324.599609375,132200,8361.162573242187,8250.31306640625,8265.250209191154,8299.335912244831,-34.08570305367721,-12.83287526518003,35.64114520190245,8361.162573242187,8706.427182589237,8015.897963895137,-0.6847669389716482
2014-12-24,8174.10009765625,8174.10009765625,8286.400390625,8155.25,8272.0498046875,221900,8346.080078125,8256.941064453125,8251.22711510886,8290.05918523827,-38.83207012940875,-18.032714238025775,30.65140406126021,8346.080078125,8696.583114508912,7995.577041741089,-1.123743829003876
2014-12-26,8200.7001953125,8200.7001953125,8234.5498046875,8147.9501953125,8204.7998046875,75500,8331.405078125,8261.744072265625,8243.453742832498,8283.440000799323,-39.98625796682427,-22.423422983785475,33.27225184091263,8331.405078125,8680.36969001025,7982.440466239751,0.32541927965719086
2014-12-29,8246.2998046875,8246.2998046875,8279.150390625,8214.7001953125,8214.7001953125,82100,8314.307568359374,8269.471064453124,8243.891598502498,8280.68887516141,-36.79727665891187,-25.298193718810754,39.94657116377273,8314.307568359374,8643.217898012414,7985.397238706335,0.5560453167287482
2014-12-30,8248.25,8248.25,8268.25,8220.5498046875,8260.2998046875,77700,8298.925048828125,8276.751064453125,8244.562121809806,8278.285995519824,-33.72387371001787,-26.98332971705218,44.61904945956884,8298.925048828125,8608.467528167495,7989.382569488755,0.023649337990261365
2014-12-31,8282.7001953125,8282.7001953125,8291.0,8243.75,8243.900390625,84500,8286.825048828125,8285.125068359375,8250.429517733297,8278.612973282245,-28.183455548947677,-27.22335488343128,45.84826529840958,8286.825048828125,8577.555245710133,7996.094851946117,0.41766672097112156
2015-01-02,8395.4501953125,8395.4501953125,8410.599609375,8288.7001953125,8288.7001953125,101900,8279.7150390625,8298.070068359375,8272.74039120702,8287.267582321523,-14.527191114502784,-24.684122129645583,55.522035345737855,8279.7150390625,8550.916750994054,8008.513327130945,1.3612710510011006
2015-01-05,8378.400390625,8378.400390625,8445.599609375,8363.900390625,8407.9501953125,118200,8270.4150390625,8310.044072265626,8288.995775732863,8294.018160714373,-5.022384981510186,-20.751774700018508,58.799088482062004,8270.4150390625,8511.608344308303,8029.221733816697,-0.20308386436523884
2015-01-06,8127.35009765625,8127.35009765625,8327.849609375,8111.35009765625,8325.2998046875,172800,8249.867553710938,8315.003076171875,8264.127209874921,8281.672378265623,-17.545168390701292,-20.110453438155066,45.89399992436825,8249.867553710938,8463.403620711724,8036.331486710152,-2.9963988501869876
2015-01-07,8102.10009765625,8102.10009765625,8151.2001953125,8065.4501953125,8118.64990234375,164100,8233.06005859375,8318.490078125,8239.19996184128,8268.370727850113,-29.170766008834107,-21.922515952290873,51.730883991380864,8233.06005859375,8436.858867396639,8029.261249790861,-0.31067936900222026
2015-01-08,8234.599609375,8234.599609375,8243.5,8167.2998046875,8191.39990234375,143800,8227.755029296875,8323.264072265625,8238.492215308004,8265.869163518622,-27.37694821061814,-23.013402403956327,59.38329704668762,8227.755029296875,8425.180238691792,8030.32981990196,1.6353724358093125
2015-01-09,8284.5,8284.5,8303.2998046875,8190.7998046875,8285.4501953125,148000,8224.197509765625,8329.120068359374,8245.57033602985,8267.249225480205,-21.6788894503552,-22.746499813236102,56.1876134793978,8224.197509765625,8414.349270510627,8034.045749020623,0.6059844193054609
2015-01-12,8323.0,8323.0,8332.599609375,8245.599609375,8291.349609375,103200,8225.702490234375,8335.02806640625,8257.482592025259,8271.378912481672,-13.896320456413378,-20.97646394187156,54.96798862611529,8225.702490234375,8418.600382208027,8032.804598260721,0.4647232784114941
2015-01-13,8299.400390625,8299.400390625,8356.650390625,8267.900390625,8346.150390625,129600,8229.467529296875,8339.2070703125,8263.931484117527,8273.454577529326,-9.523093411798982,-18.685789835857047,48.64703443267828,8229.467529296875,8425.15303712137,8033.782021472379,-0.2835469106692301
2015-01-14,8277.5498046875,8277.5498046875,8326.4501953125,8236.650390625,8307.25,146100,8232.3650390625,8341.3740625,8266.026610359062,8273.757927689192,-7.7313173301299685,-16.494895334711632,50.60357013157527,8232.3650390625,8429.148384247712,8035.58169387729,-0.26327909136885097
2015-01-15,8494.150390625,8494.150390625,8527.099609375,8380.5498046875,8424.5,232100,8253.692553710938,8344.81306640625,8301.122576553822,8290.083295314067,11.039281239754928,-10.98806001981832,66.04019500888072,8253.692553710938,8467.048855767951,8040.3362516539255,2.6167234392820093
2015-01-16,8513.7998046875,8513.7998046875,8530.75,8452.25,8504.0498046875,176000,8277.892553710937,8348.6060546875,8333.84215011285,8306.654888600988,27.187261511862744,-3.352995713482107,65.80193538148228,8277.892553710937,8494.098765791548,8061.686341630325,0.23132877520259942
2015-01-19,8550.7001953125,8550.7001953125,8570.9501953125,8531.5,8550.0498046875,125400,8297.462573242188,8352.8540625,8367.204926297412,8324.732318727767,42.472607569645334,5.812124943143381,65.49898614615208,8297.462573242188,8537.961793103872,8056.963353380504,0.43341858478611606
2015-01-20,8695.599609375,8695.599609375,8707.900390625,8574.5,8575.099609375,158700,8320.982543945312,8360.0260546875,8417.727185232427,8352.203969886821,65.52321534560542,17.75434302363579,69.8830851018578,8320.982543945312,8617.263659715962,8024.701428174663,1.6945912118627948
2015-01-21,8729.5,8729.5,8741.849609375,8689.599609375,8719.650390625,185900,8341.257543945312,8367.7310546875,8465.692233658207,8380.151823969278,85.54040968892878,31.31155635669439,69.86835865643668,8341.257543945312,8689.372094747589,7993.142993143037,0.38985684884169647
2015-01-22,8761.400390625,8761.400390625,8774.150390625,8727.0,8745.849609375,175500,8365.977563476563,8375.7060546875,8511.185796268483,8408.392458536367,102.7933377321151,45.60791263177853,67.53389494252272,8365.977563476563,8759.184890268101,7972.770236685024,0.36543204794088346
2015-01-23,8835.599609375,8835.599609375,8866.400390625,8795.400390625,8827.9501953125,191200,8399.0525390625,8384.75205078125,8561.095613669486,8440.037432672563,121.0581809969226,60.69796630480735,70.76856262482067,8399.0525390625,8833.431910642135,7964.673167482866,0.8468876599840858
2015-01-27,8910.5,8910.5,8925.0498046875,8825.4501953125,8871.349609375,192000,8434.542529296876,8395.80505859375,8614.850134643411,8474.886511733856,139.96362290955585,76.55109762575705,92.3530179104178,8434.542529296876,8914.3012181017,7954.78384049205,0.8477114619988679
2015-01-28,8914.2998046875,8914.2998046875,8985.0498046875,8874.0498046875,8902.75,185100,8467.942529296875,8406.293046875,8660.919314650193,8507.435644545236,153.48367010495713,91.93761212159707,94.96731365322033,8467.942529296875,8984.147388155627,7951.737670438123,0.04264412420740271
2015-01-29,8952.349609375,8952.349609375,8966.650390625,8861.25,8901.5,256300,8503.147509765626,8416.7250390625,8705.754744607855,8540.392234532626,165.36251007522878,106.62259171232341,94.3794999867159,8503.147509765626,9051.31537039428,7954.97964913697,0.42684008302582566
2015-01-30,8808.900390625,8808.900390625,8996.599609375,8775.099609375,8996.599609375,267300,8529.45751953125,8424.3850390625,8721.62330553357,8560.281727576506,161.34157795706415,117.56638896127157,79.06233898936193,8529.45751953125,9083.554506994695,7975.360532067804,-1.602363904552817
2015-02-02,8797.400390625,8797.400390625,8840.7998046875,8751.099609375,8802.5,210100,8549.555029296875,8432.68705078125,8733.28131862456,8577.846072987506,155.43524563705432,125.14016029642812,77.10242310902429,8549.555029296875,9112.277492618374,7986.832565975376,-0.13054977908750764
2015-02-03,8756.5498046875,8756.5498046875,8837.2998046875,8726.650390625,8823.150390625,208700,8568.4625,8439.7800390625,8736.861085711167,8591.083386446764,145.77769926440305,129.2676680900231,75.6120406754141,8568.4625,9132.381454364291,8004.543545635708,-0.4643483770618517
2015-02-04,8723.7001953125,8723.7001953125,8792.849609375,8704.400390625,8789.150390625,195300,8598.280004882812,8444.70705078125,8734.83633334214,8600.906853770151,133.92947957198885,130.20003038641624,74.69150348274624,8598.280004882812,9125.888054635754,8070.67195512987,-0.3751432939651078
2015-02-05,8711.7001953125,8711.7001953125,8838.4501953125,8683.650390625,8733.099609375,173600,8628.760009765625,8448.338046875,8731.276927491426,8609.113767958474,122.1631595329527,128.59265621572354,65.56487302636451,8628.760009765625,9103.456085961114,8154.063933570136,-0.13755630903555804
2015-02-06,8661.0498046875,8661.0498046875,8726.2001953125,8645.5498046875,8696.849609375,171300,8650.08251953125,8452.29705078125,8720.47275475236,8612.960881790254,107.51187296210628,124.3764995650001,60.08769465027844,8650.08251953125,9087.04209944057,8213.12293962193,-0.5814064934449137
2015-02-09,8526.349609375,8526.349609375,8605.5498046875,8516.349609375,8584.400390625,146800,8662.175,8453.30904296875,8690.607655463537,8606.545231981716,84.06242348182059,116.3136843483642,48.52893111964064,8662.175,9068.874073166853,8255.475926833145,-1.555240973670402
2015-02-10,8565.5498046875,8565.5498046875,8646.25,8470.5,8478.099609375,196200,8674.302490234375,8454.73603515625,8671.367986113377,8603.508533663626,67.85945244975119,106.6228379686416,40.99315953289498,8674.302490234375,9051.83600185997,8296.76897860878,0.45975355349490155
2015-02-11,8627.400390625,8627.400390625,8651.9501953125,8593.650390625,8603.2998046875,161600,8690.702490234375,8455.51904296875,8664.603740653627,8605.27830084595,59.32543980767696,97.16335833644868,43.19245524796262,8690.702490234375,9025.773227953076,8355.631752515674,0.7220854159723844
2015-02-12,8711.5498046875,8711.5498046875,8732.5498046875,8599.25,8676.9501953125,158800,8712.402490234375,8458.63203125,8671.826212043454,8613.150264093472,58.67594794998149,89.46587625915525,46.892687006711704,8712.402490234375,8985.249301121383,8439.555679347368,0.9753739278629103
2015-02-13,8805.5,8805.5,8822.099609375,8729.650390625,8741.5,221900,8727.969970703125,8464.24802734375,8692.391410190616,8627.39839267914,64.99301751147505,84.57130450961921,48.16890162613797,8727.969970703125,8983.354841821216,8472.585099585034,1.07845558389561
2015-02-16,8809.349609375,8809.349609375,8870.099609375,8793.400390625,8831.400390625,136400,8742.7474609375,8469.68201171875,8710.384979295906,8640.876260582538,69.50871871336858,81.55878735036909,43.264270943072304,8742.7474609375,8979.47431001741,8506.020611857592,0.04371823718130052
2015-02-18,8869.099609375,8869.099609375,8894.2998046875,8808.900390625,8811.5498046875,147600,8758.667431640624,8475.77599609375,8734.80261469269,8657.781693826424,77.02092086626544,80.65121405354836,47.198797331761405,8758.667431640624,8983.54255906853,8533.792304212719,0.6782566551384539
2015-02-19,8895.2998046875,8895.2998046875,8913.4501953125,8794.4501953125,8883.0498046875,213300,8768.65244140625,8482.91599609375,8759.494490076508,8675.375627964282,84.11886211222554,81.3447436652838,46.41173717398274,8768.65244140625,8999.394382340208,8537.910500472291,0.2954098664627258
2015-02-20,8833.599609375,8833.599609375,8899.9501953125,8816.2998046875,8895.5,197600,8773.857421875,8490.82298828125,8770.895277660891,8687.095922883595,83.79935477729668,81.83566588768637,51.73157446482217,8773.857421875,9005.575099563694,8542.139744186306,-0.6936269340802492
2015-02-23,8754.9501953125,8754.9501953125,8869.0,8736.099609375,8856.849609375,139600,8773.534912109375,8499.10798828125,8768.442188068831,8692.122165285735,76.32002278309665,80.73253726676843,47.28005616465956,8773.534912109375,9005.343528981406,8541.726295237344,-0.8903438863023694
2015-02-24,8762.099609375,8762.099609375,8800.5,8726.75,8772.900390625,149800,8769.859912109376,8507.23697265625,8767.466406731319,8697.305679662717,70.16072706860177,78.61817522713511,50.37164729409641,8769.859912109376,8999.848924464106,8539.870899754646,0.08166139044774035
2015-02-25,8767.25,8767.25,8840.650390625,8751.400390625,8801.900390625,135200,8762.697412109375,8516.72396484375,8767.433113388039,8702.486740428441,64.94637295959728,75.88381477362755,53.02870803648441,8762.697412109375,8982.961436341959,8542.433387876792,0.05878032497472763
2015-02-26,8683.849609375,8683.849609375,8786.0498046875,8669.4501953125,8779.0,217500,8751.17490234375,8525.91896484375,8754.574112770648,8701.106212202261,53.46790056838654,71.40063193257936,48.238086588848155,8751.17490234375,8961.953143354745,8540.396661332754,-0.9512719567139061
2015-02-27,8844.599609375,8844.599609375,8856.9501953125,8717.4501953125,8729.5,249500,8745.78740234375,8538.41896484375,8768.424189171317,8711.735352733574,56.68883643774279,68.45827283361206,60.192113103146106,8745.78740234375,8939.752606877852,8551.82219780965,1.8511375395821705
2015-03-02,8956.75,8956.75,8972.349609375,8885.4501953125,8953.849609375,218100,8753.1798828125,8556.201962890626,8797.397390837268,8729.884585864422,67.51280497284642,68.26917926145893,74.51305382827013,8753.1798828125,8967.477202430167,8538.882563194831,1.268009809128312
2015-03-03,8996.25,8996.25,9008.400390625,8925.5498046875,8962.849609375,177800,8763.12236328125,8575.530966796876,8827.990099939227,8749.615357281873,78.37474265735364,70.29029194063787,74.52175469849668,8763.12236328125,9002.984797925374,8523.259928637128,0.4410081781896391
2015-03-04,8922.650390625,8922.650390625,9119.2001953125,8893.9501953125,9109.150390625,248400,8771.427392578125,8590.797978515626,8842.553221583192,8762.432767159142,80.12045442404997,72.2563244373203,66.58802512432679,8771.427392578125,9021.611730355382,8521.243054800869,-0.8181143184660233
2015-03-05,8937.75,8937.75,8957.5498046875,8849.349609375,8929.400390625,160100,8782.1298828125,8605.048974609375,8857.198879801163,8775.419228851057,81.77965095010586,74.16098973987742,63.777582943632,8782.1298828125,9041.849335527968,8522.410430097032,0.16922784950608172
2015-03-09,8756.75,8756.75,8891.2998046875,8740.4501953125,8891.150390625,155500,8784.382373046876,8613.703974609374,8841.745205985599,8774.036323010238,67.70888297536112,72.87056838697417,47.315378492912,8784.382373046876,9042.305146225415,8526.459599868336,-2.025118178512486
2015-03-10,8712.0498046875,8712.0498046875,8778.0,8677.349609375,8769.75,163800,8786.932373046875,8622.604970703125,8821.792067324353,8769.444729060406,52.34733826394768,68.76592236236887,44.87247972613427,8786.932373046875,9040.695948640941,8533.168797452809,-0.5104655872612551
2015-03-11,8699.9501953125,8699.9501953125,8755.599609375,8682.349609375,8728.75,172800,8795.61240234375,8633.12197265625,8803.047163937914,8764.296985819821,38.75017811809266,62.762773513513636,40.61479642427152,8795.61240234375,9022.275350707965,8568.949453979534,-0.13888361116221049
2015-03-12,8776.0,8776.0,8787.2001953125,8732.900390625,8740.650390625,173900,8806.134912109375,8644.62796875,8798.886061793619,8765.163875759094,33.72218603452529,56.954656017715976,43.72765892775176,8806.134912109375,9005.754456039958,8606.515368178792,0.8741406902360804
2015-03-13,8647.75,8647.75,8849.75,8631.75,8844.0498046875,179200,8807.152392578126,8652.65697265625,8775.634359979216,8756.466551628791,19.16780835042482,49.39728648425775,40.86777930266706,8807.152392578126,9003.109888989473,8611.194896166779,-1.4613719234275346
2015-03-16,8633.150390625,8633.150390625,8663.5498046875,8612.0,8656.75,163300,8803.232421875,8660.35498046875,8753.713749309336,8747.332021184066,6.381728125270456,40.79417481246029,43.61300841985164,8803.232421875,9010.076571374395,8596.388272375605,-0.16882552542568652
2015-03-17,8723.2998046875,8723.2998046875,8742.5498046875,8630.7998046875,8689.099609375,177000,8799.122412109375,8669.16697265625,8749.034680905976,8745.551856999135,3.4828239068410767,33.33190463133645,48.12832410787894,8799.122412109375,9009.02094556105,8589.2238786577,1.0442238346779709
2015-03-18,8685.900390625,8685.900390625,8747.25,8664.0,8742.900390625,156400,8792.949951171875,8674.9759765625,8739.32171317044,8741.13322986031,-1.811516689869677,26.30322036709523,46.194163366526624,8792.949951171875,9008.759452081762,8577.140450261988,-0.42873012391942966
2015-03-19,8634.650390625,8634.650390625,8788.2001953125,8614.650390625,8749.4501953125,163500,8781.227490234374,8680.1009765625,8723.218432778835,8733.245612139177,-10.027179360342416,19.037140421607702,47.62688935030091,8781.227490234374,9004.945793774848,8557.5091866939,-0.590036699653107
2015-03-20,8570.900390625,8570.900390625,8627.900390625,8553.0,8627.900390625,174600,8765.00751953125,8688.971982421876,8699.784887832091,8721.220040175163,-21.435152343072332,10.942681868671695,35.43529685661666,8765.00751953125,9000.625485861483,8529.389553201016,-0.7383043564707203
2015-03-23,8550.900390625,8550.900390625,8608.349609375,8540.5498046875,8591.5498046875,150700,8750.87255859375,8697.94798828125,8676.879580569463,8708.603769838113,-31.72418926865066,2.4093076412072234,26.054580276704172,8750.87255859375,9002.537004870439,8499.208112317061,-0.2333477124745964
2015-03-24,8542.9501953125,8542.9501953125,8627.75,8535.849609375,8537.0498046875,156700,8740.27255859375,8704.115,8656.2750597607,8696.333134688068,-40.05807492736858,-6.084168872507938,22.220785920412126,8740.27255859375,9008.525817268252,8472.019299919248,-0.0929749494125387
2015-03-25,8530.7998046875,8530.7998046875,8573.75,8516.5498046875,8568.900390625,161000,8728.707568359376,8709.04099609375,8636.971174364822,8684.071406539877,-47.10023217505477,-14.287381533017305,24.0306515393726,8728.707568359376,9012.49271160424,8444.922425114511,-0.14222710360253243
2015-03-26,8342.150390625,8342.150390625,8499.4501953125,8325.349609375,8474.9501953125,280100,8707.452587890624,8709.42400390625,8591.614130712542,8658.743923879516,-67.1297931669742,-24.855863859808686,17.90943626548244,8707.452587890624,9038.779103415738,8376.12607236551,-2.2113918786236364
2015-03-27,8341.400390625,8341.400390625,8413.2001953125,8269.150390625,8396.0,193000,8690.330126953126,8710.26400390625,8553.119709160612,8635.236995490292,-82.1172863296797,-36.30814835378289,22.226633616039834,8690.330126953126,9059.971637960643,8320.688615945608,-0.008990487642646094
2015-03-30,8492.2998046875,8492.2998046875,8492.2998046875,8380.75,8390.9501953125,134700,8672.71513671875,8714.55900390625,8543.762800780134,8624.649055430826,-80.88625465069163,-45.223769613164635,37.13328042340144,8672.71513671875,9044.970481834776,8300.459791602725,1.8090417315550278
2015-03-31,8491.0,8491.0,8550.4501953125,8454.150390625,8527.599609375,167200,8649.42763671875,8714.49599609375,8535.64544681396,8614.749125398912,-79.10367858495192,-51.99975140752209,37.608917479264704,8649.42763671875,9004.755545639038,8294.099727798462,-0.01530568535489385
2015-04-01,8586.25,8586.25,8603.400390625,8464.75,8483.7001953125,125500,8628.92763671875,8715.945,8543.430762688735,8612.638079073067,-69.20731638433244,-55.441264402884165,38.99805672197535,8628.92763671875,8945.163989262484,8312.691284175016,1.1217759981156483
2015-04-06,8659.900390625,8659.900390625,8667.5498046875,8573.75,8615.7998046875,146900,8615.79013671875,8718.12900390625,8561.349166986622,8616.138991039878,-54.78982405325587,-55.31097633295851,50.752115134911634,8615.79013671875,8900.953127186915,8330.627146250585,0.857771327704171
2015-04-07,8660.2998046875,8660.2998046875,8693.599609375,8586.849609375,8684.4501953125,148700,8601.917626953125,8717.4230078125,8576.572342017525,8619.410162421183,-42.83782040365804,-52.81634514709842,51.710634967320665,8601.917626953125,8845.026525798761,8358.80872810749,0.004612224673294918
2015-04-08,8714.400390625,8714.400390625,8730.5,8679.7998046875,8698.9501953125,148200,8599.800146484375,8717.121015625,8597.776657187906,8626.446475621466,-28.669818433560067,-47.987039804390754,49.4125791725701,8599.800146484375,8837.917248690492,8361.683044278258,0.6246964557533818
2015-04-09,8778.2998046875,8778.2998046875,8785.5,8682.4501953125,8756.2001953125,152700,8603.112646484375,8717.45900390625,8625.54944911092,8637.694870367097,-12.145421256176633,-40.81871609474793,55.89282711459054,8603.112646484375,8849.504086147424,8356.721206821325,0.7332623152276119
2015-04-10,8780.349609375,8780.349609375,8787.400390625,8733.599609375,8774.349609375,139000,8607.1326171875,8716.35400390625,8649.364858382318,8648.261888071385,1.1029703109325055,-32.43437881361184,59.91422503501968,8607.1326171875,8862.631612622305,8351.633621752697,0.02335081659441407
2015-04-13,8834.0,8834.0,8841.650390625,8762.099609375,8801.75,121600,8610.0326171875,8714.82400390625,8677.770264785038,8662.020266732763,15.74999805227526,-22.797503440434426,68.15233151684697,8610.0326171875,8874.752196953741,8345.31303742126,0.6110279546012176
2015-04-16,8706.7001953125,8706.7001953125,8760.0,8645.650390625,8757.0498046875,142900,8612.980126953125,8710.67201171875,8682.221023327726,8665.329891072002,16.891132255723278,-14.859776301202885,59.36298002152665,8612.980126953125,8880.763004043436,8345.197249862815,-1.4410211080767454
2015-04-17,8606.0,8606.0,8699.849609375,8596.7001953125,8698.0498046875,150400,8611.622607421876,8703.74501953125,8670.494712046537,8660.935084325927,9.55962772060957,-9.975895496840394,53.40902250716252,8611.622607421876,8879.250178359456,8343.995036484295,-1.156582781691673
2015-04-20,8448.099609375,8448.099609375,8619.9501953125,8422.75,8618.7998046875,148900,8597.86259765625,8696.52900390625,8636.2800808663,8645.169493588823,-8.889412722523048,-9.758598941976926,46.137306363580805,8597.86259765625,8869.581365415313,8326.143829897188,-1.8347709810016322
2015-04-21,8377.75,8377.75,8469.349609375,8352.7001953125,8416.099609375,407800,8582.455078125,8688.13599609375,8596.506222271484,8625.360642211874,-28.854419940389562,-13.577763141659453,51.86933619950525,8582.455078125,8867.761465999121,8297.148690250879,-0.8327270348106652
2015-04-22,8429.7001953125,8429.7001953125,8449.9501953125,8284.7001953125,8400.400390625,171800,8572.207568359376,8681.59900390625,8570.843756585487,8610.867275774883,-40.0235191893953,-18.866914351206624,54.400032701334624,8572.207568359376,8864.263156260973,8280.151980457778,0.6200972255378856
2015-04-23,8398.2998046875,8398.2998046875,8504.9501953125,8361.849609375,8478.2001953125,156000,8563.5775390625,8675.09099609375,8544.298533216566,8595.121537175817,-50.823003959250855,-25.258132272815473,44.682658759007154,8563.5775390625,8865.818596204164,8261.336481920836,-0.37249712205020824
2015-04-24,8305.25,8305.25,8413.2998046875,8273.349609375,8405.7001953125,173600,8551.29501953125,8666.9619921875,8507.521835798632,8573.649571459091,-66.12773566045871,-33.43205295034412,40.48070898218936,8551.29501953125,8874.914702290893,8227.675336771606,-1.107960025856236
2015-04-27,8213.7998046875,8213.7998046875,8334.4501953125,8202.349609375,8330.5498046875,171500,8534.8375,8658.0169921875,8462.333831012304,8546.994033179713,-84.6602021674098,-43.677682793757256,30.83809380259754,8534.8375,8891.98481017906,8177.690189820941,-1.1011130948797465
2015-04-28,8285.599609375,8285.599609375,8308.0,8185.14990234375,8215.5498046875,174600,8522.577490234375,8653.2019921875,8435.14395076041,8527.631483268253,-92.48753250784284,-53.439652736574374,30.706145296391753,8522.577490234375,8896.737467812036,8148.417512656714,0.8741362876475867
2015-04-29,8239.75,8239.75,8308.2001953125,8219.2001953125,8274.7998046875,160400,8517.457470703124,8646.68599609375,8405.083342951117,8506.306928952086,-101.22358600096959,-62.99643938945342,29.292445526682002,8517.457470703124,8904.590707894871,8130.324233511378,-0.5533650132347967
2015-04-30,8181.5,8181.5,8229.400390625,8144.75,8224.5,267700,8509.462451171876,8637.76798828125,8370.685905574022,8482.247156437117,-111.56125086309476,-72.7094016841817,23.867173656938718,8509.462451171876,8917.921841870677,8101.003060473075,-0.7069389241178392
2015-05-04,8331.9501953125,8331.9501953125,8346.0,8220.4501953125,8230.0498046875,131700,8501.444970703125,8630.17599609375,8364.726565533789,8471.114048205663,-106.38748267187475,-79.44501788172032,29.82418967809602,8501.444970703125,8917.546184471392,8085.343756934858,1.838907233545184
2015-05-05,8324.7998046875,8324.7998046875,8355.650390625,8280.599609375,8338.400390625,155500,8493.1349609375,8620.5619921875,8358.583986942052,8460.275956093208,-101.69196915115572,-83.8944081356074,29.502838949276793,8493.1349609375,8916.68619750501,8069.583724369988,-0.08581893143123631
2015-05-06,8097.0,8097.0,8331.9501953125,8083.0,8316.599609375,209600,8468.6724609375,8606.315,8318.340296643275,8433.36662601223,-115.02632936895498,-90.12079238227693,21.331889838556506,8468.6724609375,8924.8380717095,8012.506850165499,-2.736399793773192
2015-05-07,8057.2998046875,8057.2998046875,8122.60009765625,7997.14990234375,8077.0,161600,8438.542431640624,8590.07900390625,8278.18022095777,8405.50982443262,-127.32960347484914,-97.56255460079137,22.891969984052807,8438.542431640624,8920.406471004255,7956.678392276994,-0.4903074634123761
2015-05-08,8191.5,8191.5,8224.9501953125,8123.4501953125,8131.5,183100,8415.10244140625,8576.0030078125,8264.844802348884,8389.657244845019,-124.81244249613519,-103.01253217986014,33.16820689502019,8415.10244140625,8897.15539585436,7933.04948695814,1.6655728167695338
2015-05-11,8325.25,8325.25,8332.75,8224.650390625,8243.2001953125,192000,8395.644921875,8565.836015625,8274.137909679825,8384.886337819462,-110.74842813963733,-104.5597113718156,44.91158639681196,8395.644921875,8857.837360545906,7933.452483204095,1.6327900872856072
2015-05-12,8126.9501953125,8126.9501953125,8326.650390625,8115.2998046875,8326.150390625,173400,8363.07744140625,8553.276015625,8251.493645931005,8365.77995689302,-114.2863109620157,-106.50503128985562,40.60745657184362,8363.07744140625,8802.996828828478,7923.158053984024,-2.381908107113906
2015-05-13,8235.4501953125,8235.4501953125,8254.9501953125,8089.7998046875,8181.5498046875,169800,8335.832470703124,8542.74302734375,8249.025422758928,8356.125900479648,-107.10047772071994,-106.62412057602849,43.02087646047507,8335.832470703124,8732.287805282762,7939.377136123487,1.335064167891442
2015-05-14,8224.2001953125,8224.2001953125,8236.25,8137.2998046875,8232.4501953125,134800,8305.34248046875,8531.88203125,8245.20615699794,8346.353626022823,-101.14746902488332,-105.52879026579947,43.65294898377688,8305.34248046875,8627.273509720728,7983.41145121677,-0.13660455388829762
2015-05-15,8262.349609375,8262.349609375,8279.2001953125,8212.2001953125,8240.2998046875,129800,8283.124951171874,8523.45203125,8247.843611209795,8340.131106271132,-92.28749506133681,-102.88053122490695,48.370788267005295,8283.124951171874,8543.964099273582,8022.285803070166,0.4638677701966021
2015-05-18,8373.650390625,8373.650390625,8384.599609375,8271.9501953125,8284.9501953125,148700,8271.507470703125,8514.033046875,8267.198500350596,8342.61401622327,-75.4155158726735,-97.38752815446026,55.9804168721799,8271.507470703125,8488.871236433875,8054.143704972375,1.3470838987944989
2015-05-19,8365.650390625,8365.650390625,8427.7998046875,8335.0,8356.2001953125,140300,8267.385009765625,8502.2110546875,8282.344945008197,8344.320414327101,-61.97546931890429,-90.30511638734907,53.14504210424542,8267.385009765625,8473.482326506597,8061.287693024654,-0.095537783724009
2015-05-20,8423.25,8423.25,8440.349609375,8391.4501953125,8392.650390625,123600,8269.660009765625,8490.7510546875,8304.022645776167,8350.167050302873,-46.14440452670533,-81.47297401522033,57.14341109436705,8269.660009765625,8481.802685418996,8057.5173341122545,0.6885251795789804
2015-05-21,8421.0,8421.0,8446.349609375,8382.5,8434.5,143800,8269.225,8480.718046875,8322.019161810604,8355.413935465624,-33.39477365501989,-71.85733394318025,59.748450172591696,8269.225,8480.017286108163,8058.432713891838,-0.026711779894939003
2015-05-22,8458.9501953125,8458.9501953125,8489.5498046875,8420.599609375,8432.5,187300,8272.25751953125,8471.14205078125,8343.08547465705,8363.083288046873,-19.997813389823932,-61.48542983250899,55.690472064843945,8272.25751953125,8492.40580136824,8052.109237694257,0.4506613859696085
2015-05-25,8370.25,8370.25,8441.9501953125,8364.150390625,8438.150390625,121300,8275.50751953125,8463.41205078125,8347.264632402119,8363.614155598956,-16.349523196837254,-52.45824850537465,51.89779063423338,8275.50751953125,8499.590580231561,8051.424458830938,-1.0485957862909845
2015-05-26,8339.349609375,8339.349609375,8378.900390625,8320.0498046875,8377.099609375,116800,8281.785009765625,8455.958046875,8346.046936551793,8361.81678180459,-15.769845252796586,-45.12056785485904,62.110810061645736,8281.785009765625,8505.623588178221,8057.946431353028,-0.36916926764433144
2015-05-27,8334.599609375,8334.599609375,8342.849609375,8277.9501953125,8302.75,165500,8284.235009765625,8448.65103515625,8344.285809293826,8359.800694957954,-15.514885664128087,-39.19943141671285,64.35892897777552,8284.235009765625,8509.318572912218,8059.151446619034,-0.05695887835976965
2015-05-28,8319.0,8319.0,8364.5,8270.150390625,8345.7001953125,232300,8288.197509765625,8439.51103515625,8340.395684787083,8356.778421257364,-16.38273647028109,-34.6360924274265,57.52656434474616,8288.197509765625,8512.773395297389,8063.621624233861,-0.187166871908917
2015-05-29,8433.650390625,8433.650390625,8443.900390625,8305.7001953125,8327.099609375,363900,8300.805029296875,8435.22904296875,8354.7425626083,8362.472641210523,-7.73007860222242,-29.254889662385683,56.54670488457954,8300.805029296875,8528.4502984545,8073.1597601392505,1.3781751487558669
2015-06-01,8433.400390625,8433.400390625,8467.150390625,8405.400390625,8417.25,122200,8305.8775390625,8431.23404296875,8366.843766918562,8367.726548574557,-0.8827816559951316,-23.580468061107574,74.32721364038781,8305.8775390625,8540.848154058423,8070.906924066576,-0.002964315431874809
2015-06-02,8236.4501953125,8236.4501953125,8445.349609375,8226.0498046875,8442.7998046875,146800,8301.46005859375,8421.49705078125,8346.783217440707,8358.00237425885,-11.219156818142437,-21.108205812514548,50.06960872284308,8301.46005859375,8538.247759790138,8064.67235739736,-2.335359240519874
2015-06-03,8135.10009765625,8135.10009765625,8236.7001953125,8094.14990234375,8232.4501953125,171400,8303.365063476562,8410.481044921875,8314.216583627713,8341.491094510508,-27.274510882794857,-22.34146682657061,44.489114251285784,8303.365063476562,8533.75334602801,8072.9767809251125,-1.2305070176218624
2015-06-04,8130.64990234375,8130.64990234375,8160.0498046875,8056.75,8155.14990234375,154700,8307.032568359375,8400.40103515625,8285.975555737872,8325.873228424081,-39.89767268620926,-25.852707998498342,41.49997258269155,8307.032568359375,8522.799263492738,8091.265873226011,-0.05470363313393456
2015-06-05,8114.7001953125,8114.7001953125,8191.0,8100.14990234375,8119.14990234375,162100,8303.192578125,8391.27703125,8259.625500287815,8310.230781526927,-50.60528123911172,-30.80322264662102,30.94134305079386,8303.192578125,8530.06447512593,8076.320681124069,-0.1961676769116849
2015-06-08,8044.14990234375,8044.14990234375,8131.0,8030.5498046875,8124.35009765625,135900,8289.137573242188,8381.142021484375,8226.475408296421,8290.521086772618,-64.04567847619728,-37.451713812536276,28.33265214921815,8289.137573242188,8543.428036503903,8034.847109980473,-0.8694134258897646
2015-06-09,8022.39990234375,8022.39990234375,8057.14990234375,8005.14990234375,8026.5,136000,8283.91005859375,8370.731015625,8195.079176611394,8270.660258296406,-75.58108168501167,-45.07758738703136,21.613244324142656,8283.91005859375,8555.9201164308,8011.900000756701,-0.27038282806817193
2015-06-10,8124.4501953125,8124.4501953125,8152.25,8023.7998046875,8024.14990234375,136800,8278.36005859375,8362.6040234375,8184.213179488488,8259.829883260561,-75.61670377207338,-51.185410664039765,31.60022152420285,8278.36005859375,8558.928290122434,7997.791827065065,1.2720668903445809
2015-06-11,7965.35009765625,7965.35009765625,8163.0498046875,7958.25,8157.2998046875,166200,8265.417553710937,8355.068017578125,8150.541936129682,8238.01656580839,-87.47462967870797,-58.443254466973414,23.376520082444074,8265.417553710937,8578.502309608224,7952.33279781365,-1.9582875620068996
2015-06-12,7982.89990234375,7982.89990234375,7995.60009765625,7940.2998046875,7959.85009765625,136600,8251.445068359375,8347.8980078125,8124.750854008769,8219.119035181378,-94.36818117260918,-65.62823980810057,27.37047312759195,8251.445068359375,8589.086114098187,7913.804022620563,0.22032684655837187
2015-06-15,8013.89990234375,8013.89990234375,8057.7001953125,7944.85009765625,7986.60009765625,133000,8233.457543945313,8338.330009765625,8107.69686144492,8203.917617934147,-96.22075648922691,-71.74674314432585,30.98899193205655,8233.457543945313,8581.846181838628,7885.068906051997,0.3883300602441242
2015-06-16,8047.2998046875,8047.2998046875,8061.85009765625,7952.35009765625,8004.2001953125,124000,8217.540014648437,8329.456005859374,8098.405006559163,8192.316298434394,-93.91129187523165,-76.17965289050701,33.76104372669958,8217.540014648437,8569.569306105082,7865.510723191792,0.41677463845015694
2015-06-17,8091.5498046875,8091.5498046875,8136.85009765625,8048.9501953125,8084.2001953125,152500,8200.955004882813,8319.562001953125,8097.350360117369,8184.852113712403,-87.50175359503373,-78.44407303141236,37.54722408463069,8200.955004882813,8543.299134197045,7858.610875568582,0.5498738840850059
2015-06-18,8174.60009765625,8174.60009765625,8186.89990234375,8101.7998046875,8113.7001953125,144800,8188.635009765625,8309.85599609375,8109.234935123351,8184.0927051156505,-74.85776999229984,-77.72681242358985,35.30879403817302,8188.635009765625,8514.99831211623,7862.2717074150205,1.0263830165222254
2015-06-19,8224.9501953125,8224.9501953125,8250.7998046875,8195.650390625,8201.150390625,147100,8176.935009765625,8301.14900390625,8127.037282844758,8187.119185870973,-60.081903026214604,-74.1978305441148,38.81406080831097,8176.935009765625,8478.316903361294,7875.553116169956,0.6159334653041526
2015-06-22,8353.099609375,8353.099609375,8369.4501953125,8257.400390625,8259.2998046875,122700,8176.077490234375,8293.92298828125,8161.81610231095,8199.414032056457,-37.59792974550692,-66.87785038439321,56.75875703465469,8176.077490234375,8475.23280683905,7876.922173629698,1.5580570218593381
2015-06-23,8381.5498046875,8381.5498046875,8398.4501953125,8334.9501953125,8377.4501953125,131700,8178.1875,8285.98798828125,8195.621287291957,8212.905570769868,-17.28428347791123,-56.95913700309682,65.59708978178926,8178.1875,8482.738277269993,7873.636722730007,0.3405944696333929
2015-06-24,8360.849609375,8360.849609375,8421.349609375,8338.900390625,8399.400390625,130100,8179.5,8277.59798828125,8221.041029150887,8223.864388444323,-2.823359293435715,-46.1319814611646,64.27506036142367,8179.5,8487.099990011646,7871.900009988354,-0.2469733616678238
2015-06-25,8398.0,8398.0,8423.150390625,8329.5,8336.25,201200,8183.45,8268.87798828125,8248.265486204597,8236.763322633633,11.502163570963603,-34.605152454738956,67.11779277073171,8183.45,8500.477072000926,7866.422927999074,0.444337505883885
2015-06-26,8381.099609375,8381.099609375,8408.5498046875,8339.7001953125,8393.9501953125,110600,8180.8224609375,8262.3659765625,8268.70150515389,8247.454899429289,21.24660572460016,-23.434800818871135,71.77096590396422,8180.8224609375,8489.889421557848,7871.755500317154,-0.20124304149797823
2015-06-29,8318.400390625,8318.400390625,8329.4501953125,8195.650390625,8247.0498046875,132000,8175.0724609375,8256.613984375,8276.34748753406,8252.710120999342,23.63736653471824,-14.020367348153261,68.16399004980491,8175.0724609375,8468.223099552062,7881.921822322938,-0.748102536329065
2015-06-30,8368.5,8368.5,8378.0,8298.9501953125,8316.349609375,158500,8181.674951171875,8255.0219921875,8290.524797144204,8261.287149073465,29.237648070738942,-5.368764264374821,65.99593168091474,8181.674951171875,8486.367130407683,7876.982771936067,0.6022745602803914
2015-07-01,8453.0498046875,8453.0498046875,8481.599609375,8370.150390625,8376.25,131800,8197.572436523438,8256.52798828125,8315.528644458556,8275.49179023006,40.03685422849594,3.712359434199332,85.42787965979895,8197.572436523438,8524.406623598885,7870.738249447992,1.010334046573469
2015-07-02,8444.900390625,8444.900390625,8479.25,8433.2001953125,8471.9501953125,112000,8213.2849609375,8256.8319921875,8335.431990022624,8288.0405754445,47.39141457812366,12.448170462984198,84.02571949496003,8213.2849609375,8556.383107268777,7870.186814606223,-0.09640797405430224
2015-07-03,8484.900390625,8484.900390625,8497.75,8424.150390625,8440.099609375,88400,8231.794970703126,8258.56400390625,8358.427128576835,8302.622783976389,55.80434460044671,21.1194052904767,84.23471607738975,8231.794970703126,8592.016008686114,7871.573932720138,0.47365863597876867
2015-07-06,8522.150390625,8522.150390625,8533.150390625,8386.150390625,8386.150390625,101500,8255.694995117188,8262.90201171875,8383.615322738091,8318.884088172581,64.73123456551002,29.841771145483364,84.32246160448705,8255.694995117188,8626.761043099534,7884.628947134842,0.4390151714822377
2015-07-07,8510.7998046875,8510.7998046875,8561.349609375,8483.849609375,8525.5,122200,8280.114990234375,8268.84201171875,8403.182166114922,8333.100067173686,70.08209894123684,37.889836704634064,81.81682086733801,8280.114990234375,8650.819212565799,7909.410767902951,-0.13318922357890006
2015-07-08,8363.0498046875,8363.0498046875,8457.5,8341.400390625,8439.2001953125,188100,8292.044970703126,8270.391015625,8397.00795666455,8335.318566248783,61.689390415767775,42.64974744686081,63.02258897619092,8292.044970703126,8656.968283064778,7927.121658341473,-1.7360295552789728
2015-07-09,8328.5498046875,8328.5498046875,8400.2998046875,8323.0,8364.849609375,131300,8310.204956054688,8272.16701171875,8386.475933283466,8334.817176503502,51.65875677996337,44.45154931348132,57.31946613972435,8310.204956054688,8641.251216144847,7979.158695964529,-0.41252893149892333
2015-07-10,8360.5498046875,8360.5498046875,8377.099609375,8315.400390625,8365.7001953125,154100,8329.087451171876,8275.7480078125,8382.487298114855,8336.723297109724,45.76400100513092,44.71403965181125,50.609124167434494,8329.087451171876,8622.46533150644,8035.709570837312,0.38422055160178825
2015-07-13,8459.650390625,8459.650390625,8471.650390625,8355.400390625,8397.25,117800,8351.374975585937,8278.30201171875,8394.358543116416,8345.829007740485,48.52953537593021,45.47713879663504,55.7241691276359,8351.374975585937,8609.548345941193,8093.20160523068,1.1853357524637564
2015-07-14,8454.099609375,8454.099609375,8480.25,8424.099609375,8470.599609375,101700,8371.714965820312,8280.8880078125,8403.549476386966,8353.849052306005,49.700424080961966,46.321795853500426,56.98972271835564,8371.714965820312,8590.043742662803,8153.386188977823,-0.06561478304294432
2015-07-15,8523.7998046875,8523.7998046875,8531.400390625,8462.9501953125,8463.400390625,105500,8393.327465820312,8289.42400390625,8422.04952689474,8366.437996926856,55.61152996788405,48.17974267637715,58.99083042640122,8393.327465820312,8577.841443533018,8208.813488107606,0.8244543893853207
2015-07-16,8608.0498046875,8608.0498046875,8616.099609375,8542.900390625,8546.150390625,116000,8414.999951171874,8300.43900390625,8450.664954247472,8384.335167872088,66.32978637538326,51.80975141617838,64.79562797555761,8414.999951171874,8593.051260549299,8236.94864179445,0.9884089482447456
2015-07-17,8609.849609375,8609.849609375,8642.9501953125,8593.150390625,8623.650390625,105000,8434.244921875,8308.80599609375,8475.154901190168,8401.039941316749,74.11495987341914,56.27079310762654,70.63939496207448,8434.244921875,8608.978329830456,8259.511513919546,0.020908390731189108
2015-07-20,8603.4501953125,8603.4501953125,8624.099609375,8559.0,8623.900390625,90600,8446.762451171875,8314.37,8494.89263874745,8416.033293464581,78.85934528286816,60.78850354267487,67.73609024440948,8446.762451171875,8632.5398903659,8260.98501197785,-0.07432666484129546
2015-07-21,8529.4501953125,8529.4501953125,8646.75,8517.900390625,8601.5,164100,8454.157470703125,8322.42,8500.209185911302,8424.434545453316,75.7746404579866,63.78573092573722,55.86071640467215,8454.157470703125,8640.777725615153,8267.537215791097,-0.860120048586066
2015-07-22,8633.5,8633.5,8643.900390625,8498.650390625,8512.25,136800,8467.789990234374,8330.38099609375,8520.715465001871,8439.920875419737,80.794589582134,67.18750265701658,62.61196427591864,8467.789990234374,8665.23114303152,8270.348837437228,1.2198887654526924
2015-07-23,8589.7998046875,8589.7998046875,8654.75,8573.7998046875,8643.9501953125,132900,8477.37998046875,8337.69298828125,8531.343824953507,8451.02301832846,80.32080662504632,69.81416345062253,56.980251743162185,8477.37998046875,8679.133183387003,8275.626777550497,-0.5061700968610694
2015-07-24,8521.5498046875,8521.5498046875,8589.150390625,8513.5,8588.150390625,127400,8484.402490234375,8342.8769921875,8529.837052604891,8456.247224725426,73.58982787946479,70.56929633639099,49.96161906390457,8484.402490234375,8681.77493344628,8287.03004702247,-0.794547038951432
2015-07-27,8361.0,8361.0,8492.2001953125,8351.5498046875,8492.099609375,136600,8486.532470703125,8342.623984375,8503.862121434908,8449.191874745766,54.670246689142004,67.3894864069412,41.960084238421146,8486.532470703125,8677.166414523104,8295.898526883146,-1.8840446675461031
2015-07-28,8337.0,8337.0,8397.400390625,8321.75,8371.099609375,174600,8484.957470703124,8342.0509765625,8478.191025829537,8440.881365505338,37.309660324199285,61.37352119039282,48.387708993410605,8484.957470703124,8680.163090068962,8289.751851337287,-0.2870470039468942
2015-07-29,8375.0498046875,8375.0498046875,8381.5,8338.4501953125,8365.599609375,141000,8481.057470703125,8341.08697265625,8462.32314565384,8436.004953592905,26.31819206093496,54.36245536450125,52.86541641692965,8481.057470703125,8681.980213960296,8280.134727445953,0.4563968416396724
2015-07-30,8421.7998046875,8421.7998046875,8458.900390625,8408.2998046875,8417.0,215200,8479.90244140625,8341.10296875,8456.088785505171,8434.952720340652,21.136065164519096,47.717177324504824,53.706952190246085,8479.90244140625,8681.962730110676,8277.842152701824,0.5582056356707721
2015-07-31,8532.849609375,8532.849609375,8548.9501953125,8448.0,8456.099609375,203300,8482.29990234375,8342.58095703125,8467.898143023605,8442.204341750605,25.693801273000645,43.31250211420399,54.36697606890589,8482.29990234375,8685.742990472168,8278.85681421533,1.3185994355469077
2015-08-03,8543.0498046875,8543.0498046875,8563.9501953125,8508.099609375,8510.650390625,156700,8483.344873046875,8346.036953125,8479.459937125743,8449.674376042227,29.78556108351586,40.60711390806637,55.27738346997306,8483.344873046875,8687.861673516174,8278.828072577577,0.11954031512864116
2015-08-04,8516.900390625,8516.900390625,8565.150390625,8448.25,8564.099609375,187400,8483.64990234375,8349.58796875,8485.220006894859,8454.654080826136,30.565926068722547,38.598876340197606,49.56835402667957,8483.64990234375,8688.357224395992,8278.942580291508,-0.306089917070973
2015-08-05,8567.9501953125,8567.9501953125,8591.849609375,8545.849609375,8547.4501953125,132800,8493.894921875,8354.25498046875,8497.94772818988,8463.046385602904,34.90134258697617,37.859369589553324,47.382525351168184,8493.894921875,8693.637974672736,8294.151869077265,0.5993941733038577
2015-08-06,8588.650390625,8588.650390625,8606.2998046875,8551.5,8585.7998046875,134900,8506.899951171876,8359.64798828125,8511.901983949128,8472.35038597491,39.55159797421766,38.19781526648619,48.6495565708143,8506.899951171876,8694.835600438257,8318.964301905495,0.24160032260487352
2015-08-07,8564.599609375,8564.599609375,8595.9501953125,8552.7001953125,8580.7998046875,143700,8517.10244140625,8362.26697265625,8520.009310937725,8479.183661782325,40.82564915540024,38.723382044269,47.579552962907535,8517.10244140625,8693.378635160134,8340.826247652367,-0.2800298085977815
2015-08-10,8525.599609375,8525.599609375,8621.5498046875,8497.7998046875,8577.0,123400,8520.39990234375,8364.11095703125,8520.869356851152,8482.621880122522,38.24747672862941,38.628200981141084,49.74916377321809,8520.39990234375,8694.606166689708,8346.193637997792,-0.45536279311072514
2015-08-11,8462.349609375,8462.349609375,8556.25,8441.2998046875,8548.4501953125,154400,8520.81240234375,8368.6289453125,8511.866318777898,8481.12023043752,30.746088340378265,37.05177845298852,38.2249473254214,8520.81240234375,8694.395606475184,8347.229198212317,-0.7418833032042493
2015-08-12,8349.4501953125,8349.4501953125,8446.9501953125,8337.9501953125,8445.7001953125,190000,8512.094921875,8372.915947265625,8486.879222860145,8471.366894502333,15.512328357812294,32.74388843395327,34.90169952346598,8512.094921875,8701.80886371206,8322.380980037939,-1.334137908193067
2015-08-13,8355.849609375,8355.849609375,8429.5,8339.75,8384.4501953125,189200,8499.484912109376,8377.41994140625,8466.720820785507,8462.810058566974,3.910762218532909,26.977263190869202,38.71403733053795,8499.484912109376,8695.757582229728,8303.212241989024,0.07664473603414823
2015-08-14,8518.5498046875,8518.5498046875,8530.099609375,8381.2001953125,8402.349609375,155900,8494.919921875,8385.49693359375,8474.694510616582,8466.938928649975,7.755581966606769,23.132926946016717,60.69949158994534,8494.919921875,8684.51804863207,8305.32179511793,1.947141259339502
2015-08-17,8477.2998046875,8477.2998046875,8530.599609375,8428.0498046875,8530.5,174700,8488.61240234375,8394.159931640625,8475.09532508903,8467.706400949051,7.388924139979281,19.98412638480923,59.309886298687246,8488.61240234375,8671.274781817348,8305.95002287015,-0.48423735196454487
2015-08-18,8466.5498046875,8466.5498046875,8525.75,8433.599609375,8505.849609375,153300,8485.4673828125,8403.0429296875,8473.78062964264,8467.6207271519,6.159902490740933,17.219281605995572,56.29992415562621,8485.4673828125,8667.333468930708,8303.60129669429,-0.12680924643075908
2015-08-19,8495.150390625,8495.150390625,8520.4501953125,8425.9501953125,8468.0498046875,130500,8478.54990234375,8410.45693359375,8477.068285178388,8469.65996148324,7.408323695148283,15.257090023826116,55.1797617520616,8478.54990234375,8646.716875913407,8310.382928774092,0.33780685872379923
2015-08-20,8372.75,8372.75,8501.349609375,8359.75,8471.0498046875,184100,8467.697412109375,8418.604931640624,8461.019318227867,8462.481445817815,-1.462127589948068,11.91324650107128,38.87270486217635,8467.697412109375,8633.634730602776,8301.760093615974,-1.4408266481082843
2015-08-21,8299.9501953125,8299.9501953125,8322.2001953125,8225.0498046875,8305.400390625,201300,8456.617431640625,8424.9459375,8436.239453163964,8450.442093928534,-14.202640764569878,6.690069047943048,34.45654671515345,8456.617431640625,8636.427799083462,8276.807064197788,-0.8694849922367243
2015-08-24,7809.0,7809.0,8060.0498046875,7769.39990234375,8055.9501953125,312400,8429.017431640625,8420.847939453124,8339.741075754124,8402.927864748643,-63.18678899451879,-7.2853025605493205,21.61132711533581,8429.017431640625,8768.864562497678,8089.170300783571,-5.915098088055637
2015-08-25,7880.7001953125,7880.7001953125,7925.39990234375,7667.25,7895.39990234375,299100,8406.20244140625,8417.515947265625,8269.119401840027,8364.244333679299,-95.12493183927108,-24.853228416293675,22.888501930085454,8406.20244140625,8824.313595605277,7988.091287207225,0.9181738418811536
2015-08-26,7791.85009765625,7791.85009765625,7930.0498046875,7777.10009765625,7865.25,216600,8377.042456054687,8411.521953125,8195.693355042524,8321.844760640553,-126.15140559802967,-45.11286385264087,20.17072281725916,8377.042456054687,8877.533304090119,7876.551608019256,-1.1274391291918318
2015-08-27,7948.9501953125,7948.9501953125,7963.60009765625,7862.2998046875,7921.60009765625,305000,8353.399975585937,8407.008955078125,8157.732868930213,8294.222940986623,-136.4900720564101,-63.388305493394725,29.040300605493186,8353.399975585937,8888.467723070356,7818.332228101518,2.016210472317792
2015-08-28,8001.9501953125,8001.9501953125,8091.7998046875,7961.64990234375,8053.7001953125,195600,8326.855004882813,8402.548955078126,8133.766303758257,8272.573107973725,-138.80680421546822,-78.47200523780943,32.34076565272548,8326.855004882813,8876.904795162194,7776.805214603431,0.6667547122292117
2015-08-31,7971.2998046875,7971.2998046875,8043.60009765625,7947.9501953125,8009.25,198200,8298.267504882813,8394.912958984374,8108.771457747372,8250.256566989561,-141.48510924218954,-91.07462603868545,33.067841104702694,8298.267504882813,8860.306943803102,7736.228065962525,-0.3830365083121179
2015-09-01,7785.85009765625,7785.85009765625,7929.10009765625,7746.5,7907.9501953125,184900,8261.714990234375,8382.99896484375,8059.091248502584,8215.856087779686,-156.7648392771025,-104.21266868636887,31.492194272047442,8261.714990234375,8857.934502219696,7665.495478249056,-2.326467597194082
2015-09-02,7717.0,7717.0,7862.5498046875,7699.25,7856.64990234375,215300,8219.16748046875,8370.12197265625,8006.4618256560325,8178.903784981191,-172.44195932515868,-117.85852681412683,29.847673546740708,8219.16748046875,8844.13025220273,7594.20470873477,-0.88429775544967
2015-09-03,7823.0,7823.0,7845.60009765625,7754.0498046875,7774.4501953125,155800,8180.8849609375,8358.62197265625,7978.236929401259,8152.540541649251,-174.30361224799253,-129.1475439009,27.24509786381364,8180.8849609375,8804.350274944025,7557.419646930975,1.3735907736166952
2015-09-04,7655.0498046875,7655.0498046875,7804.89990234375,7626.85009765625,7803.39990234375,193600,8135.407470703125,8344.1009765625,7928.51583329145,8115.68937594838,-187.1735426569303,-140.75274365210606,25.159387127361597,8135.407470703125,8773.54116023791,7497.273781168341,-2.1468770971813878
2015-09-07,7558.7998046875,7558.7998046875,7705.0498046875,7545.89990234375,7685.85009765625,141400,8087.06748046875,8328.90896484375,7871.636444275458,8074.438296595722,-202.8018523202636,-153.1625653857376,23.923498800723777,8087.06748046875,8746.853854105748,7427.2811068317515,-1.257339958011272
2015-09-08,7688.25,7688.25,7720.89990234375,7539.5,7587.7001953125,172200,8048.3625,8315.30396484375,7843.423145156157,8045.83175610715,-202.40861095099262,-163.0117744987886,28.09004584759718,8048.3625,8706.272744344742,7390.452255655258,1.7125760525132927
2015-09-09,7818.60009765625,7818.60009765625,7846.0498046875,7764.5498046875,7805.85009765625,208400,8021.819995117187,8302.614970703125,7839.604214771556,8028.999781407084,-189.39556663552776,-168.28853292613644,35.017720267693136,8021.819995117187,8671.364749965729,7372.275240268646,1.695445617094271
2015-09-10,7788.10009765625,7788.10009765625,7819.85009765625,7678.5,7729.0498046875,160300,7993.43251953125,8289.47896484375,7831.680504446124,8011.155360388504,-179.4748559423797,-170.5257975293851,35.83742181844613,7993.43251953125,8631.026199332777,7355.838839729725,-0.39009540862875447
2015-09-11,7789.2998046875,7789.2998046875,7864.85009765625,7759.89990234375,7833.7998046875,136400,7956.97001953125,8275.566953125,7825.160396790951,7994.721615521763,-169.56121873081156,-170.3328817696704,49.25225143745052,7956.97001953125,8549.969318626985,7363.970720435515,0.015404360706794407
2015-09-14,7872.25,7872.25,7879.9501953125,7761.85009765625,7811.10009765625,122800,7926.717529296875,8262.5689453125,7832.404951130805,7985.649644001633,-153.24469287082775,-166.91524398990188,49.68197695444695,7926.717529296875,8467.3718958875,7386.063162706251,1.0649249276883932
2015-09-15,7829.10009765625,7829.10009765625,7880.0,7799.75,7867.35009765625,136500,7894.845043945313,8248.934951171876,7831.89651213472,7974.053381309382,-142.15686917466155,-161.96356902685383,51.451844837128014,7894.845043945313,8373.054886784901,7416.635201105724,-0.5481266771729776
2015-09-16,7899.14990234375,7899.14990234375,7913.89990234375,7853.2998046875,7886.85009765625,140000,7865.04501953125,8239.656953125,7842.243187551494,7968.504975460076,-126.26178790858194,-154.82321280319945,47.9177002522255,7865.04501953125,8251.157438107197,7478.932600955302,0.8947363530129149
2015-09-18,7981.89990234375,7981.89990234375,8055.0,7955.85009765625,7967.4501953125,241800,7845.502514648438,8232.723955078125,7863.728835981072,7969.497192266274,-105.76835628520257,-145.01224149960007,49.181988161408675,7845.502514648438,8155.475629085516,7535.52940021136,1.0475810818002973
2015-09-21,7977.10009765625,7977.10009765625,7987.89990234375,7908.35009765625,7911.5,121800,7829.360009765625,8225.0549609375,7881.170568546484,7970.060370443309,-88.88980189682479,-133.78775357904502,50.24173936755821,7829.360009765625,8064.20797651741,7594.51204301384,-0.06013361162410247
2015-09-22,7812.0,7812.0,8021.60009765625,7787.75,8014.7998046875,168400,7829.510009765625,8212.101953125,7870.528942616256,7958.352194854916,-87.82325223865973,-124.59485331096796,51.10865731879441,7829.510009765625,8064.307048887449,7594.712970643801,-2.069675641963653
2015-09-23,7845.9501953125,7845.9501953125,7882.89990234375,7723.25,7737.35009765625,146700,7827.772509765625,8199.93896484375,7866.747596877217,7950.026120814737,-83.27852393751982,-116.33158743627834,55.63371808754374,7827.772509765625,8061.486370799188,7594.058648732062,0.43459031378008106
2015-09-24,7868.5,7868.5,7894.5,7804.10009765625,7838.39990234375,202500,7831.605004882813,8186.83296875,7867.017197357645,7943.9871489025345,-76.96995154488923,-108.45926025800053,52.14420358152687,7831.605004882813,8065.352439601681,7597.857570163945,0.2874069312977845
2015-09-28,7795.7001953125,7795.7001953125,7893.9501953125,7787.9501953125,7892.7998046875,136300,7823.9425048828125,8170.5859765625,7856.0453508891605,7933.0029301180875,-76.95757922892699,-102.15892405218582,57.28117448409047,7823.9425048828125,8051.457609707986,7596.427400057639,-0.9252056260723118
2015-09-29,7843.2998046875,7843.2998046875,7926.5498046875,7691.2001953125,7725.7001953125,240700,7816.009985351562,8155.25498046875,7854.0844976273665,7926.358254160266,-72.27375653289982,-96.18189054832862,65.50917151825146,7816.009985351562,8027.920743017187,7604.099227685937,0.6105879931557867
2015-09-30,7948.89990234375,7948.89990234375,7957.7001953125,7874.5,7924.25,210700,7814.889990234375,8142.163974609375,7868.671482968348,7928.028005877562,-59.35652290921371,-88.81681702050565,64.58835611908532,7814.889990234375,8023.556946252581,7606.223034216168,1.3463733413981993
2015-10-01,7950.89990234375,7950.89990234375,8008.25,7930.64990234375,7992.0498046875,156900,7823.14248046875,8130.59296875,7881.322009026102,7929.722220430613,-48.40021140451063,-80.73349589730665,58.64705709642705,7823.14248046875,8039.872886353318,7606.412074584183,0.025160714370175974
2015-10-05,8119.2998046875,8119.2998046875,8128.89990234375,8005.10009765625,8005.10009765625,183100,7843.257470703125,8120.30896484375,7917.933977589394,7943.76500444964,-25.83102686024631,-69.7530020898946,68.34090713668051,7843.257470703125,8090.970379595442,7595.544561810809,2.117998017986733
2015-10-06,8152.89990234375,8152.89990234375,8180.9501953125,8096.5,8180.4501953125,178500,7859.752465820313,8111.570966796875,7954.082581397757,7959.256478367723,-5.173896969965426,-56.83718106590876,69.43763302711105,7859.752465820313,8143.150782468807,7576.354149171819,0.41382999106465146
2015-10-07,8177.39990234375,8177.39990234375,8188.89990234375,8132.89990234375,8146.2001953125,193900,7885.869970703125,8104.68796875,7988.439092312526,7975.4152505140955,13.023841798430112,-42.86497649304099,67.40036541081989,7885.869970703125,8185.64132608311,7586.09861532314,0.30050657181448504
2015-10-08,8129.35009765625,8129.35009765625,8196.75,8105.85009765625,8196.75,171700,7914.397485351563,8100.054970703125,8010.117708519253,7986.817831783885,23.299876735368343,-29.632005847359125,67.02581982055817,7914.397485351563,8190.795332870966,7637.999637832159,-0.5875926976951273
2015-10-09,8189.7001953125,8189.7001953125,8232.2001953125,8139.64990234375,8186.35009765625,199700,7939.469995117188,8097.108974609375,8037.745783410522,8001.846155008227,35.89962840229509,-16.525678997428283,66.6590517016927,7939.469995117188,8220.4293254202,7658.5106648141755,0.742372968703231
2015-10-12,8143.60009765625,8143.60009765625,8244.5,8128.2001953125,8231.5,199100,7955.719995117188,8092.47998046875,8054.03106252525,8012.3464470562285,41.68461546902108,-4.88362010413841,59.6780170413432,7955.719995117188,8244.72354881994,7666.716441414435,-0.5629033610123568
2015-10-13,8131.7001953125,8131.7001953125,8150.25,8088.60009765625,8121.9501953125,145900,7972.9,8086.67798828125,8065.980159877134,8021.187465445582,44.792694431551354,5.051642802999542,59.17508529713308,7972.9,8260.797663189138,7685.002336810861,-0.14612581906097155
2015-10-14,8107.89990234375,8107.89990234375,8139.2998046875,8096.35009765625,8102.39990234375,138900,7988.830004882812,8078.178994140625,8072.429351025844,8027.610608919521,44.81874210632304,13.005062663664244,71.09954549157868,7988.830004882812,8269.109826352298,7708.5501834133265,-0.2926853228365389
2015-10-15,8179.5,8179.5,8190.5498046875,8129.7998046875,8134.35009765625,167200,8004.1925048828125,8070.907998046875,8088.90175856033,8038.8616749254825,50.04008363484718,20.412066857900832,72.5722393607038,8004.1925048828125,8291.169019017627,7717.215990747999,0.8830905477206663
2015-10-16,8238.150390625,8238.150390625,8246.400390625,8147.64990234375,8193.650390625,156400,8024.64501953125,8065.332998046875,8111.863086570278,8053.6238020143355,58.239284555942504,27.977510397509167,73.84994499394492,8024.64501953125,8317.328269382751,7731.9617696797495,0.7170412693318751
2015-10-19,8275.0498046875,8275.0498046875,8283.0498046875,8239.2001953125,8262.5498046875,124500,8043.440014648438,8059.474990234375,8136.968735511389,8070.025728138274,66.9430073731155,35.77060979263044,82.43012895306077,8043.440014648438,8350.133775055308,7736.746254241567,0.44790896394040214
2015-10-20,8261.650390625,8261.650390625,8294.0498046875,8229.2001953125,8280.2998046875,155100,8057.4275390625,8052.934990234375,8156.150528605791,8084.220147581735,71.93038102405626,43.00256403891561,79.67658493195856,8057.4275390625,8377.528054088996,7737.3270240360025,-0.16192547934769097
2015-10-21,8251.7001953125,8251.7001953125,8294.400390625,8217.150390625,8258.349609375,144800,8071.157543945313,8046.677001953125,8170.8504773299,8096.626077043273,74.22440028662731,49.24693128845795,74.85230126294343,8071.157543945313,8400.18312929281,7742.131958597815,-0.1204383487806604
2015-10-23,8295.4501953125,8295.4501953125,8328.099609375,8280.75,8308.25,152000,8095.330053710937,8042.074013671875,8190.019664711839,8111.35378950766,78.66587520417943,55.130720071602255,76.46520070960023,8095.330053710937,8415.0941366218,7775.565970800075,0.5301937657024025
2015-10-26,8260.5498046875,8260.5498046875,8336.2998046875,8252.0498046875,8333.650390625,133900,8116.060034179687,8038.038017578125,8200.870455477325,8122.405346187648,78.46510928967655,59.79759791521711,63.64865655473334,8116.060034179687,8421.172847466976,7810.947220892398,-0.4207172582956553
2015-10-27,8232.900390625,8232.900390625,8241.9501953125,8217.0498046875,8230.349609375,156700,8134.280053710938,8035.707021484375,8205.798137807737,8130.590164294119,75.20797351361762,62.879673034897216,57.820192047928934,8134.280053710938,8420.055822669836,7848.50428475204,-0.33471638954116756
2015-10-28,8171.2001953125,8171.2001953125,8209.099609375,8131.7998046875,8188.89990234375,188900,8153.0550537109375,8032.014033203125,8200.475377423854,8133.598314739926,66.87706268392867,63.67915096470351,49.43505464356873,8153.0550537109375,8390.408339999543,7915.701767422332,-0.7494344931314734
2015-10-29,8111.75,8111.75,8179.60009765625,8098.0,8175.4501953125,217500,8166.477563476563,8023.878037109375,8186.825319358646,8131.979921055487,54.84539830315953,61.91240043239472,48.42884354690367,8166.477563476563,8355.521298170459,7977.433828782666,-0.727557689096936
2015-10-30,8065.7998046875,8065.7998046875,8146.10009765625,8044.39990234375,8123.5498046875,199500,8172.32255859375,8015.648037109375,8168.206009409239,8127.077690213413,41.12831919582641,57.75558418508106,38.64757684812195,8172.32255859375,8338.939660047916,8005.705457139585,-0.5664646384873739
2015-11-02,8050.7998046875,8050.7998046875,8060.7001953125,7995.60009765625,8054.5498046875,136100,8177.317553710937,8007.333037109375,8150.143516375125,8121.4274764707525,28.716039904372337,51.94767532893932,40.98326123611231,8177.317553710937,8320.298424976572,8034.336682445303,-0.18597039801661053
2015-11-03,8060.7001953125,8060.7001953125,8100.35009765625,8031.75,8086.35009765625,132500,8174.3875732421875,7998.644033203125,8136.383005442413,8116.929159347919,19.45384609449411,45.44890948205028,43.0745299607737,8174.3875732421875,8324.593480140942,8024.181666343433,0.12297400090901522
2015-11-04,8040.2001953125,8040.2001953125,8116.10009765625,8027.2998046875,8104.89990234375,122100,8168.752587890625,7991.993037109375,8121.585650037811,8111.245532382332,10.340117655478934,38.42715111673602,43.353655204415524,8168.752587890625,8330.374687679854,8007.130488101397,-0.2543203382247228
2015-11-05,7955.4501953125,7955.4501953125,8031.2001953125,7944.10009765625,8030.35009765625,132100,8157.655102539063,7985.103037109375,8096.0263493108405,8099.705137043827,-3.678787732986166,30.00596334679158,28.557783431061196,8157.655102539063,8345.18089917912,7970.129305899006,-1.0540782311541208
2015-11-06,7954.2998046875,7954.2998046875,8002.64990234375,7926.14990234375,7956.5498046875,219500,8148.902587890625,7988.009033203125,8074.222265522634,8088.934371684099,-14.712106161464362,21.062349445140395,19.47516220025247,8148.902587890625,8357.182871989533,7940.622303791717,-0.014460408861305396
2015-11-09,7915.2001953125,7915.2001953125,7937.75,7771.7001953125,7788.25,211800,8135.177587890625,7988.699033203125,8049.757331644152,8076.06517343435,-26.307841790197926,11.58831119807273,11.484607891095038,8135.177587890625,8366.986522626437,7903.368653154813,-0.4915531264230055
2015-11-10,7783.35009765625,7783.35009765625,7885.10009765625,7772.85009765625,7877.60009765625,165200,8117.165087890625,7988.529033203125,8008.771603338321,8054.382575228565,-45.61097189024349,0.14845458040948678,9.161593615000612,8117.165087890625,8397.189788549162,7837.140387232087,-1.665783484975325
2015-11-13,7762.25,7762.25,7775.10009765625,7730.89990234375,7762.4501953125,160900,8098.692578125,7984.795029296875,7970.845202824733,8032.743125211634,-61.89792238690097,-12.260820813052606,8.990415220440113,8098.692578125,8420.331304705851,7777.053851544149,-0.2710927478722036
2015-11-16,7806.60009765625,7806.60009765625,7838.85009765625,7714.14990234375,7732.9501953125,149500,8083.627587890625,7980.88802734375,7945.576725106504,8015.9917898371605,-70.41506473065601,-23.891669596573287,9.081843261469302,8083.627587890625,8430.671843611026,7736.583332170225,0.5713562131630656
2015-11-17,7837.5498046875,7837.5498046875,7860.4501953125,7793.0,7848.75,145000,8066.530078125,7978.21302734375,7928.957198888196,8002.77386501126,-73.81666612306344,-33.87666890187132,14.357960772955138,8066.530078125,8427.11583183964,7705.94432441036,0.39645564834993596
2015-11-18,7731.7998046875,7731.7998046875,7843.39990234375,7725.0498046875,7823.14990234375,143600,8041.212548828125,7977.132021484375,7898.625292088089,7982.701712394684,-84.07642030659554,-43.91661918281616,12.688022547435565,8041.212548828125,8421.621244827926,7660.803852828326,-1.349273722468125
2015-11-19,7842.75,7842.75,7854.89990234375,7765.4501953125,7788.5,132600,8019.59755859375,7979.647021484375,7890.029093305306,7972.334918883967,-82.30582557866092,-51.59446046198511,27.214724225627293,8019.59755859375,8393.126829190946,7646.068287996554,1.4349853606560714
2015-11-20,7856.5498046875,7856.5498046875,7906.9501953125,7817.7998046875,7841.89990234375,151900,7999.342529296875,7980.318017578125,7884.878433517951,7963.758243758302,-78.87981024035162,-57.05153041765841,31.099098369311292,7999.342529296875,8361.362948403843,7637.322110189906,0.17595619760288894
2015-11-23,7849.25,7849.25,7877.5,7825.2001953125,7869.5,127000,7979.22001953125,7984.202021484375,7879.397136053651,7955.276151628058,-75.87901557440728,-60.81702744900819,32.98768652422417,7979.22001953125,8326.623710405762,7631.816328656738,-0.09291361817810317
2015-11-24,7831.60009765625,7831.60009765625,7870.35009765625,7812.64990234375,7837.0,130600,7956.027514648437,7989.65802734375,7872.043745530974,7946.114962444961,-74.07121691398697,-63.46786534200395,32.85090959654727,7956.027514648437,8275.338141389964,7636.71688790691,-0.2248610038379506
2015-11-26,7883.7998046875,7883.7998046875,7897.10009765625,7832.0,7837.14990234375,219800,7937.190014648438,7993.5690234375,7873.852370016593,7941.499024833298,-67.64665481670454,-64.30362323694406,37.01933205589943,7937.190014648438,8223.617208113901,7650.762821182973,0.6665267171503286
2015-11-27,7942.7001953125,7942.7001953125,7959.2998046875,7879.4501953125,7910.60009765625,150300,7922.680004882813,7996.051025390625,7884.44434313904,7941.58800042435,-57.14365728530993,-62.87163004661724,43.22728351931622,7922.680004882813,8173.181598304016,7672.178411461609,0.747106624777305
2015-11-30,7935.25,7935.25,7966.0,7922.7998046875,7936.25,216300,7910.882495117187,7998.9940234375,7892.260598040726,7941.118518911436,-48.85792087070968,-60.068888211435734,48.428000364785994,7910.882495117187,8132.68353182342,7689.081458410955,-0.09379927643368147
2015-12-01,7954.89990234375,7954.89990234375,7972.14990234375,7934.14990234375,7958.14990234375,138600,7903.039990234375,8002.306025390625,7901.897414087345,7942.139362128644,-40.24194804129911,-56.103500177408414,50.045393199662854,7903.039990234375,8105.1547332645205,7700.92524720423,0.24762801857218797
2015-12-02,7931.35009765625,7931.35009765625,7979.2998046875,7910.7998046875,7976.7001953125,126300,7896.3175048828125,8003.48802734375,7906.428596174868,7941.340157352911,-34.911561178042575,-51.865112377535254,51.25105815122542,7896.3175048828125,8084.072173033374,7708.562836732251,-0.296041496142041
2015-12-03,7864.14990234375,7864.14990234375,7912.2998046875,7853.2998046875,7902.2998046875,125700,7886.985009765625,8004.1890234375,7899.924181739311,7935.622360685566,-35.6981789462543,-48.631725691279065,56.9559083900669,7886.985009765625,8060.417349132324,7713.552670398927,-0.8472730932953976
2015-12-04,7781.89990234375,7781.89990234375,7821.39990234375,7775.7001953125,7817.60009765625,152500,7873.044995117188,8001.8440234375,7881.76660029384,7924.235511919505,-42.46891162566499,-47.399162878156254,51.530486121305564,7873.044995117188,8031.891906887964,7714.198083346411,-1.0458854551524621
2015-12-07,7765.39990234375,7765.39990234375,7825.39990234375,7746.0498046875,7816.5498046875,137600,7859.30498046875,7997.5140234375,7863.864031378442,7912.46991121019,-48.6058798317481,-47.640506268874624,46.645479439855734,7859.30498046875,8004.200199630641,7714.409761306859,-0.21203048364873966
2015-12-08,7701.7001953125,7701.7001953125,7771.25,7685.4501953125,7738.5,135100,7846.61748046875,7992.006025390625,7838.915748906758,7896.857339662212,-57.941590755453944,-49.70072316619049,39.49913492981306,7846.61748046875,8000.24065538415,7692.9943055533495,-0.820301695113268
2015-12-09,7612.5,7612.5,7702.85009765625,7606.89990234375,7695.5,140000,7829.527490234375,7988.016025390625,7804.082556767256,7875.793833020567,-71.71127625331064,-54.10283378361452,40.53626513920241,7829.527490234375,8006.920622348114,7652.1343581206365,-1.1581883616657795
2015-12-10,7683.2998046875,7683.2998046875,7691.9501953125,7610.0,7643.2998046875,140800,7817.932470703125,7984.763017578125,7785.500594908833,7861.535016107006,-76.03442119817373,-58.48915126652636,36.49069273704189,7817.932470703125,8001.93954713554,7633.925394270709,0.930046695402309
2015-12-11,7610.4501953125,7610.4501953125,7703.0498046875,7575.2998046875,7699.60009765625,167800,7809.2874755859375,7979.602021484375,7758.569764201704,7842.9361404925985,-84.36637629089455,-63.6645962714,31.045909925087997,7809.2874755859375,8015.090961365796,7603.483989806079,-0.9481552357302969
2015-12-14,7650.0498046875,7650.0498046875,7663.9501953125,7551.0498046875,7558.2001953125,148900,7803.677465820312,7976.689013671875,7741.874385814904,7828.648263766295,-86.77387795139111,-68.28645260739822,35.385144478437496,7803.677465820312,8020.691301245454,7586.66363039517,0.5203320218742258
2015-12-15,7700.89990234375,7700.89990234375,7705.0,7625.10009765625,7659.14990234375,134300,7798.3924560546875,7973.841015625,7735.570619127034,7819.18542217944,-83.61480305240639,-71.35212269639986,40.856279684963624,7798.3924560546875,8020.201919974582,7576.582992134793,0.6647028314128445
2015-12-16,7750.89990234375,7750.89990234375,7776.60009765625,7715.75,7725.25,154300,7794.0599609375,7969.881015625,7737.928970391144,7814.127235524945,-76.19826513380121,-72.32135118388013,40.67368467220715,7794.0599609375,8016.03395954676,7572.08596232824,0.6492747683265243
2015-12-17,7844.35009765625,7844.35009765625,7852.89990234375,7737.5498046875,7783.0498046875,175900,7799.687475585937,7967.75001953125,7754.301451508852,7816.365966053189,-62.064514544337726,-70.26998385597165,43.41742937873417,7799.687475585937,8020.720246983646,7578.654704188229,1.2056689737954374
2015-12-18,7761.9501953125,7761.9501953125,7836.14990234375,7753.35009765625,7828.89990234375,191400,7795.647485351563,7960.60302734375,7755.478181324797,7812.335168220546,-56.85698689574838,-67.587384463927,39.458636826429476,7795.647485351563,8016.319592449506,7574.97537825362,-1.0504363180879661
2015-12-21,7834.4501953125,7834.4501953125,7840.75,7733.4501953125,7745.64990234375,126300,7794.542504882813,7954.234033203125,7767.62772193829,7813.973318375505,-46.345596437215136,-63.339026858584624,43.115972564465636,7794.542504882813,8014.149324691382,7574.935685074243,0.9340436124388285
2015-12-22,7786.10009765625,7786.10009765625,7846.2998046875,7776.85009765625,7829.39990234375,125700,7791.385009765625,7946.408037109375,7770.4696258949,7811.908635359264,-41.43900946436406,-58.959023379740515,41.92741095978143,7791.385009765625,8009.490709112012,7573.279310419238,-0.6171472975241898
2015-12-23,7865.9501953125,7865.9501953125,7871.4501953125,7826.10009765625,7830.4501953125,117900,7793.102514648437,7941.1400390625,7785.158944266839,7815.911713874319,-30.752769607479422,-53.3177726252883,50.0986678898238,7793.102514648437,8013.074605488774,7573.1304238081,1.025546764808305
2015-12-24,7861.0498046875,7861.0498046875,7888.75,7835.5,7888.75,93500,7791.965014648437,7934.56703125,7796.834461254633,7819.255276156777,-22.42081490214332,-47.13838108065931,54.73980059380915,7791.965014648437,8010.190697557042,7573.739331739833,-0.06229877514251081
2015-12-28,7925.14990234375,7925.14990234375,7937.2001953125,7863.0,7863.2001953125,122900,7791.0875,7930.19802734375,7816.575298345267,7827.0993225409975,-10.524024195730817,-39.81550970367361,59.050480729332065,7791.0875,8006.888748821235,7575.286251178764,0.8154139618607559
2015-12-29,7928.9501953125,7928.9501953125,7942.14990234375,7902.75,7929.2001953125,113000,7790.772509765625,7926.14302734375,7833.863744032533,7834.643831635183,-0.7800876026503829,-32.008425283468966,63.81206418849138,7790.772509765625,8005.704402131773,7575.840617399476,0.04795231655652099
2015-12-30,7896.25,7896.25,7944.75,7889.85009765625,7938.60009765625,106800,7787.840014648437,7921.910029296875,7843.461629565989,7839.207251514059,4.254378051929962,-24.755864616389182,68.51790480512098,7787.840014648437,7994.795576413377,7580.884452883498,-0.4124151937772491
2015-12-31,7946.35009765625,7946.35009765625,7955.5498046875,7891.14990234375,7897.7998046875,150900,7788.590014648437,7917.24703125,7859.290624656798,7847.143758635702,12.146866021095775,-17.37531848889219,67.64370861534451,7788.590014648437,7997.831463737928,7579.348565558947,0.6344796283837217
2016-01-04,7791.2998046875,7791.2998046875,7937.5498046875,7781.10009765625,7924.5498046875,134700,7784.947509765625,7908.31001953125,7848.830498507676,7843.007169454354,5.823329053321686,-12.735588980449416,60.925470345657594,7784.947509765625,7991.165132974028,7578.729886557222,-1.951213966956744
2016-01-05,7784.64990234375,7784.64990234375,7831.2001953125,7763.25,7828.39990234375,145200,7785.085009765625,7898.502021484375,7838.956560636302,7838.684408927643,0.27215170865929394,-10.134040842627675,58.46859295787715,7785.085009765625,7991.29774412781,7578.87227540344,-0.08535035886758635
2016-01-06,7741.0,7741.0,7800.9501953125,7721.2001953125,7788.0498046875,147100,7783.865014648438,7888.089013671875,7823.88632053841,7831.448526784854,-7.562206246444475,-9.619673923391037,52.546033210503694,7783.865014648438,7990.855354103902,7576.874675192974,-0.5607176031205752
2016-01-07,7568.2998046875,7568.2998046875,7674.9501953125,7556.60009765625,7673.35009765625,188900,7777.194995117187,7874.421005859375,7784.565318099808,7811.956028851717,-27.390710751908955,-13.173881289094622,39.96925046121626,7777.194995117187,8003.069329989022,7551.320660245353,-2.230980432922103
2016-01-08,7601.35009765625,7601.35009765625,7634.10009765625,7581.0498046875,7611.64990234375,157400,7776.6375,7860.53900390625,7756.378361108491,7796.355589503904,-39.977228395413476,-18.534550710358396,35.702547813885815,7776.6375,8004.271575014127,7549.003424985873,0.4366937597831466
2016-01-11,7563.85009765625,7563.85009765625,7605.10009765625,7494.35009765625,7527.4501953125,189000,7770.665014648437,7846.605009765625,7726.758628269685,7779.132960478152,-52.37433220846742,-25.302507009980204,37.694145794900514,7770.665014648437,8014.314972413676,7527.015056883199,-0.493333414699082
2016-01-12,7510.2998046875,7510.2998046875,7588.2998046875,7487.7998046875,7587.2001953125,163900,7765.657495117188,7832.152998046875,7693.457270795502,7759.219393382548,-65.76212258704618,-33.3944301253934,29.378490709044925,7765.657495117188,8026.6696679735915,7504.645322260784,-0.7079766557687717
2016-01-13,7562.39990234375,7562.39990234375,7590.9501953125,7425.7998046875,7557.89990234375,215200,7761.275,7819.9769921875,7673.294598726002,7744.6401718241195,-71.34557309811771,-40.98465871993827,35.83641973400276,7761.275,8033.176421364754,7489.373578635245,0.6937152844914696
2016-01-14,7536.7998046875,7536.7998046875,7604.7998046875,7443.7998046875,7467.39990234375,200800,7753.069995117187,7808.47798828125,7652.295399643155,7729.244589073259,-76.94918943010362,-48.177564861971334,27.62258283395498,7753.069995117187,8042.012472640371,7464.127517594004,-0.3385181686611949
2016-01-15,7437.7998046875,7437.7998046875,7566.5,7427.2998046875,7561.64990234375,197500,7737.414990234375,7795.91798828125,7619.296077342286,7707.656086526165,-88.36000918387981,-56.21405372635303,24.48923493839034,7737.414990234375,8058.942868331627,7415.887112137123,-1.3135548583687595
2016-01-18,7351.0,7351.0,7463.64990234375,7336.39990234375,7420.35009765625,233600,7712.747485351562,7781.9219921875,7578.019757751164,7681.237117153856,-103.21735940269173,-65.61471486162077,16.315698709358415,7712.747485351562,8073.088712350233,7352.406258352891,-1.167009155487031
2016-01-19,7435.10009765625,7435.10009765625,7462.75,7364.14990234375,7381.7998046875,188300,7696.40498046875,7769.409990234375,7556.032117736562,7663.004745339219,-106.97262760265676,-73.88629740982796,23.52155780644182,7696.40498046875,8076.458485099611,7316.35147583789,1.1440633608522655
2016-01-20,7309.2998046875,7309.2998046875,7470.89990234375,7241.5,7357.0,225600,7670.1474609375,7754.791982421875,7518.073300344398,7636.804379365018,-118.73107902061929,-82.85525373198624,21.386466488997556,7670.1474609375,8081.332642539261,7258.962279335739,-1.6919784712569719
2016-01-21,7276.7998046875,7276.7998046875,7398.7001953125,7250.0,7376.64990234375,240700,7644.682446289063,7741.218974609375,7480.954301012568,7610.13737383335,-129.1830728207815,-92.12081754974528,16.78986906687321,7644.682446289063,8087.497836062649,7201.867056515476,-0.44463903340177247
2016-01-22,7422.4501953125,7422.4501953125,7433.39990234375,7327.60009765625,7355.7001953125,229200,7622.5074462890625,7730.581982421875,7471.953669366404,7596.234619868842,-124.28095050243792,-98.55284414028381,31.532613808270725,7622.5074462890625,8063.081025510464,7181.933867067661,2.001572044501976
2016-01-25,7436.14990234375,7436.14990234375,7487.14990234375,7421.2001953125,7468.75,163200,7601.262451171875,7721.0009765625,7466.445397516765,7584.376492644761,-117.93109512799583,-102.42849433782622,32.673779759534995,7601.262451171875,8034.31740209059,7168.20750025316,0.18457122204607046
2016-01-27,7437.75,7437.75,7477.89990234375,7419.7001953125,7469.60009765625,187600,7576.8924560546875,7714.088974609375,7462.030720975725,7573.515270967371,-111.48454999164642,-104.23970546859027,34.26557516931349,7576.8924560546875,7987.477177068804,7166.307735040571,0.021517824106065397
2016-01-28,7424.64990234375,7424.64990234375,7468.85009765625,7409.60009765625,7426.5,274500,7551.67744140625,7707.33697265625,7456.279825801575,7562.48820662488,-106.20838082330556,-104.63344053953334,41.06711799438512,7551.67744140625,7932.057117791591,7171.2977650209095,-0.1761298464757477
2016-01-29,7563.5498046875,7563.5498046875,7575.64990234375,7402.7998046875,7413.35009765625,298700,7535.042431640625,7702.475966796875,7472.782899476332,7562.566843518408,-89.78394404207575,-101.66354124004184,47.922834572146584,7535.042431640625,7879.364053127012,7190.720810154238,1.8707939656508632
2016-02-01,7555.9501953125,7555.9501953125,7600.4501953125,7541.25,7589.5,200400,7515.522436523437,7696.843974609375,7485.577868066512,7562.076721429081,-76.4988533625692,-96.63060366454732,49.55114216134247,7515.522436523437,7800.880968025701,7230.163905021173,-0.10047675458274563
2016-02-02,7455.5498046875,7455.5498046875,7576.2998046875,7428.0498046875,7566.64990234375,230200,7498.734936523438,7691.318974609375,7480.958166008202,7554.185838707483,-73.22767269928045,-91.95001747149395,47.04644951243026,7498.734936523438,7753.664128460581,7243.805744586294,-1.3287592960483763
2016-02-03,7361.7998046875,7361.7998046875,7419.39990234375,7350.2998046875,7392.4501953125,192000,7477.592431640625,7681.699970703125,7462.626110420402,7539.935021372669,-77.30891095226707,-89.02179616764859,39.643779219345305,7477.592431640625,7700.851070268654,7254.333793012596,-1.257452534768888
2016-02-04,7404.0,7404.0,7457.0498046875,7365.9501953125,7411.4501953125,222700,7460.742431640625,7672.648974609375,7453.606708817263,7529.86576053025,-76.25905171298655,-86.46924727671619,43.25958147912798,7460.742431640625,7648.311278007682,7273.173585273568,0.5732320415128722
2016-02-05,7489.10009765625,7489.10009765625,7503.14990234375,7406.64990234375,7418.25,249800,7456.782446289062,7665.4459765625,7459.067230177107,7526.8460817988425,-67.77885162173516,-82.73116814571999,52.641075826827205,7456.782446289062,7638.027718692535,7275.537173885589,1.1493800331746407
2016-02-08,7387.25,7387.25,7512.5498046875,7363.2001953125,7489.7001953125,171500,7446.07744140625,7656.558974609375,7448.018425534476,7516.505631295225,-68.48720576074902,-79.8823756687258,51.83776750854769,7446.07744140625,7616.327903543463,7275.826979269036,-1.3599777854234385
2016-02-09,7298.2001953125,7298.2001953125,7323.4501953125,7275.14990234375,7303.9501953125,212100,7432.794946289063,7644.846982421875,7424.969467038787,7500.334858259467,-75.36539122068007,-78.97897877911666,43.09423890591972,7432.794946289063,7605.786325536712,7259.803567041414,-1.2054527014450533
2016-02-10,7215.7001953125,7215.7001953125,7271.85009765625,7177.75,7264.2998046875,246900,7418.064965820313,7630.306982421875,7392.774194465513,7479.250809152284,-86.47661468677143,-80.47850596064762,45.062792973780454,7418.064965820313,7612.152446628398,7223.977485012228,-1.1304156886925099
2016-02-11,6976.35009765625,6976.35009765625,7208.64990234375,6959.9501953125,7203.60009765625,292300,7388.762475585938,7611.128984375,7328.708948802549,7441.998904597022,-113.28995579447383,-87.04079592741286,36.990708811977015,7388.762475585938,7654.741895311282,7122.783055860594,-3.317073758299127
2016-02-12,6980.9501953125,6980.9501953125,7034.7998046875,6869.0,7023.64990234375,333900,7360.969995117188,7591.649990234375,7275.207602111772,7407.847148353724,-132.6395462419523,-96.16054599032074,28.223344434500376,7360.969995117188,7673.846752888805,7048.093237345571,0.06593845767279838
2016-02-15,7162.9501953125,7162.9501953125,7182.7998046875,7056.7998046875,7057.35009765625,354200,7347.227514648437,7576.2819921875,7257.937231834961,7389.706633313634,-131.769401478673,-103.2823170879912,38.44333357981475,7347.227514648437,7669.8869464654845,7024.56808283139,2.607094949942601
2016-02-16,7048.25,7048.25,7204.64990234375,7037.7001953125,7201.25,253800,7332.090014648437,7559.963994140625,7225.677657706505,7364.413549364475,-138.73589165797057,-110.37303200198708,34.962557957687594,7332.090014648437,7681.3173458155525,6982.862683481322,-1.6012982386441998
2016-02-17,7108.4501953125,7108.4501953125,7123.7001953125,6960.64990234375,7058.85009765625,260000,7315.75751953125,7546.495,7207.642663492043,7345.4533009161805,-137.8106374241379,-115.86055308641726,38.220848383692385,7315.75751953125,7675.107047551058,6956.407991511443,0.8541154940942874
2016-02-18,7191.75,7191.75,7215.10009765625,7127.85009765625,7177.39990234375,246700,7309.880029296875,7535.022001953125,7205.197638339421,7334.0678712186855,-128.87023287926422,-118.46248904498665,35.551078992530435,7309.880029296875,7673.494243774532,6946.265814819219,1.1718419964794835
2016-02-19,7210.75,7210.75,7226.85009765625,7145.9501953125,7170.5498046875,192300,7306.5775390625,7525.202998046875,7206.051847825664,7324.933214091376,-118.88136626571213,-118.54626448913174,36.702621895297234,7306.5775390625,7672.648280923513,6940.506797201488,0.26419160844022294
2016-02-22,7234.5498046875,7234.5498046875,7252.39990234375,7200.7001953125,7208.85009765625,154400,7297.18251953125,7517.643994140625,7210.43614888133,7318.238146728126,-107.80199784679553,-116.3974111606645,40.95300764203487,7297.18251953125,7660.365288492615,6933.999750569886,0.33006004489823937
2016-02-23,7109.5498046875,7109.5498046875,7241.7001953125,7090.7001953125,7240.2998046875,194400,7280.852514648437,7506.168994140625,7194.91517285151,7302.779751021413,-107.86457816990333,-114.69084456251228,39.93134868723659,7280.852514648437,7647.083361732058,6914.621667564817,-1.7278200216274464
2016-02-24,7018.7001953125,7018.7001953125,7090.7998046875,7009.75,7075.0,199700,7259.9000244140625,7494.333994140625,7167.805176307047,7281.736820968901,-113.93164466185408,-114.53900458238066,35.19557893962693,7259.9000244140625,7636.147644199413,6883.652404628712,-1.2778531956425754
2016-02-25,6970.60009765625,6970.60009765625,7034.2001953125,6961.39990234375,7029.85009765625,283100,7237.197534179688,7480.745,7137.465933437694,7258.689656279075,-121.22372284138146,-115.87594823418083,29.494578814391303,7237.197534179688,7626.167740915794,6848.227327443582,-0.6853134671341854
2016-02-26,7029.75,7029.75,7052.89990234375,6985.10009765625,7039.2998046875,206700,7210.507543945312,7467.322001953125,7120.894251370356,7241.731163221366,-120.83691185100997,-116.86814095754666,35.367546074163144,7210.507543945312,7577.8439641400255,6843.171123750599,0.8485625558068977
2016-02-29,6987.0498046875,6987.0498046875,7094.60009765625,6825.7998046875,7050.4501953125,473400,7182.062524414063,7452.045,7100.302798034532,7222.865877404043,-122.56307936951089,-118.00712863993951,36.76237436183791,7182.062524414063,7523.997134886492,6840.127913941634,-0.6074212498666354
2016-03-01,7222.2998046875,7222.2998046875,7235.5,7035.10009765625,7038.25,275100,7170.4000244140625,7439.603994140625,7119.071568288835,7222.823946091707,-103.7523778028717,-115.15617847252595,50.24847926863704,7170.4000244140625,7488.112253644546,6852.687795183579,3.366943224623564
2016-03-02,7368.85009765625,7368.85009765625,7380.35009765625,7308.14990234375,7321.7001953125,338500,7170.7525390625,7431.7419921875,7157.49903434536,7233.640698059451,-76.14166371409101,-107.35327552083896,65.88811277271128,7170.7525390625,7489.373286466362,6852.131791658638,2.0291361052837242
2016-03-03,7475.60009765625,7475.60009765625,7483.9501953125,7406.0498046875,7429.5498046875,278600,7174.332543945313,7424.564990234375,7206.437659470112,7251.563616548103,-45.12595707799119,-94.90781183226942,68.49365783913427,7174.332543945313,7505.355658247015,6843.309429643611,1.4486656477644022
2016-03-04,7485.35009765625,7485.35009765625,7505.89990234375,7444.10009765625,7505.39990234375,281700,7174.145043945313,7418.549990234375,7249.347265344903,7268.881133667225,-19.533868322322633,-79.83302313028005,63.83571690502383,7174.145043945313,7504.420857927205,6843.86922996342,0.13042431206367056
2016-03-08,7485.2998046875,7485.2998046875,7527.14990234375,7442.14990234375,7486.39990234375,257000,7179.047534179687,7410.936982421875,7285.647656012994,7284.912146335393,0.7355096776009304,-63.71931656870386,70.80297603055237,7179.047534179687,7525.172827225626,6832.922241133749,-0.000671885323921817
2016-03-09,7531.7998046875,7531.7998046875,7539.0,7424.2998046875,7436.10009765625,245100,7190.727514648437,7404.351982421875,7323.517217347534,7303.200121028141,20.317096319392476,-46.9120339910846,70.417150198939,7190.727514648437,7568.134535370106,6813.320493926768,0.6212176026787919
2016-03-10,7486.14990234375,7486.14990234375,7547.10009765625,7447.39990234375,7545.35009765625,224700,7204.25,7395.571982421875,7348.537630423874,7316.751956681149,31.78567374272552,-31.172492444322575,64.73325360663918,7204.25,7604.135478816102,6804.364521183898,-0.6060955352974129
2016-03-11,7510.2001953125,7510.2001953125,7543.9501953125,7460.60009765625,7484.85009765625,198700,7230.9425048828125,7387.196982421875,7373.408794252894,7331.081455839027,42.32733841386744,-16.472526272684576,64.91062484804279,7230.9425048828125,7637.981166432821,6823.903843332804,0.32126384433233124
2016-03-14,7538.75,7538.75,7583.7001953125,7515.0498046875,7542.60009765625,166900,7258.832495117187,7380.046982421875,7398.845902829372,7346.464310962062,52.38159186730991,-2.7017026446856782,65.07582899854228,7258.832495117187,7670.165248130852,6847.499742103522,0.38014705260878134
2016-03-15,7460.60009765625,7460.60009765625,7545.2001953125,7452.7998046875,7535.85009765625,193700,7273.714990234375,7370.331982421875,7408.346548187354,7354.9188136801495,53.42773450720415,8.524184785692288,68.24490338677923,7273.714990234375,7691.922062309245,6855.507918159506,-1.0366427105786724
2016-03-16,7498.75,7498.75,7508.0,7405.14990234375,7457.0498046875,195400,7296.239990234375,7364.480986328125,7422.254771543145,7365.572975629768,56.681795913376845,18.1557070112292,76.39519961339168,7296.239990234375,7711.8360157922525,6880.6439646764975,0.5113516586384925
2016-03-17,7512.5498046875,7512.5498046875,7585.2998046875,7479.39990234375,7557.39990234375,239600,7316.444970703125,7359.038984375,7436.146315103815,7376.460148152562,59.686166951252744,26.46179899923391,80.96677478917228,7316.444970703125,7732.8911818554225,6899.998759550828,0.18402806717785491
2016-03-18,7604.35009765625,7604.35009765625,7613.60009765625,7517.89990234375,7534.64990234375,237400,7337.074975585938,7356.305986328125,7462.023820111883,7393.340885152836,68.68293495904709,34.906026191196545,81.65140822530314,7337.074975585938,7768.1346140529395,6906.015337118936,1.221959193022193
2016-03-21,7704.25,7704.25,7713.5498046875,7617.7001953125,7619.2001953125,196800,7361.749975585937,7359.024990234375,7499.289386248516,7416.3711899563295,82.91819629218662,44.50846021139456,87.1644680777849,7361.749975585937,7818.118096432617,6905.3818547392575,1.3137204502793765
2016-03-22,7714.89990234375,7714.89990234375,7728.2001953125,7643.7998046875,7695.5498046875,208900,7385.76748046875,7361.295986328125,7532.460234878552,7438.484427910953,93.97580696759906,54.401929562635466,83.27028925524442,7385.76748046875,7863.985558814846,6907.549402122655,0.1382341219943628
2016-03-23,7716.5,7716.5,7726.85009765625,7670.60009765625,7717.4501953125,199600,7416.114990234375,7364.348984375,7560.774044897236,7459.078173991624,101.69587090561254,63.860717831230886,79.19709795231108,7416.114990234375,7897.550975540812,6934.679004927938,0.020740355370829633
2016-03-28,7615.10009765625,7615.10009765625,7749.39990234375,7587.7001953125,7741.0,242400,7445.934985351562,7366.444990234375,7569.131899167854,7470.635353522336,98.49654564551747,70.78788339408821,61.82203389830509,7445.934985351562,7896.62563648252,6995.244334220604,-1.3140659929210097
2016-03-29,7597.0,7597.0,7652.89990234375,7582.25,7606.5498046875,216800,7477.25498046875,7367.1369921875,7573.419299295876,7479.995697705867,93.42360159000873,75.31502703327232,59.32981399861762,7477.25498046875,7872.513281260477,7081.996679677022,-0.23768693023248355
2016-03-30,7735.2001953125,7735.2001953125,7741.9501953125,7643.4501953125,7651.10009765625,232600,7512.527490234375,7371.105,7598.308667913818,7498.899734565618,99.40893334819975,80.1338082962578,66.96540330108621,7512.527490234375,7863.009975133709,7162.045005335041,1.819141704784788
2016-03-31,7738.39990234375,7738.39990234375,7777.60009765625,7702.0,7727.64990234375,380100,7550.094995117188,7377.117001953125,7619.861165518423,7516.640487734368,103.22067778405471,84.75118219381719,64.90191755425369,7550.094995117188,7813.731734084299,7286.4582561500765,0.041365536126503066
2016-04-01,7713.0498046875,7713.0498046875,7740.14990234375,7666.10009765625,7718.0498046875,183900,7574.632495117187,7384.357998046875,7634.197879236743,7531.189326027193,103.00855320954997,88.40265639696375,66.8598554965935,7574.632495117187,7798.10196699953,7351.163023234844,-0.3275883642117283
2016-04-04,7758.7998046875,7758.7998046875,7764.4501953125,7704.39990234375,7733.14990234375,155500,7594.12998046875,7390.8319921875,7653.3674062291675,7548.049361483511,105.31804474565615,91.78573406670223,67.89517342218848,7594.12998046875,7809.915711039333,7378.344249898167,0.5931505845093277
2016-04-05,7603.2001953125,7603.2001953125,7736.2998046875,7588.64990234375,7736.2998046875,203800,7600.509985351562,7396.71,7645.6493737804485,7552.134608433807,93.51476534664107,92.13154032269,53.92200092943762,7600.509985351562,7808.9606023188,7392.059368384324,-2.005459778469787
2016-04-06,7614.35009765625,7614.35009765625,7638.64990234375,7591.75,7636.0498046875,165600,7606.959985351563,7403.461005859375,7640.834100530572,7556.743163191026,84.09093733954614,90.52341972606123,60.18684949162807,7606.959985351563,7808.267857771273,7405.652112931853,0.14664749128432408
2016-04-07,7546.4501953125,7546.4501953125,7630.75,7535.85009765625,7630.39990234375,234400,7610.017504882812,7405.941005859375,7626.313499727792,7555.9807211259495,70.33277860184262,86.48529150121752,53.04055526160167,7610.017504882812,7805.312881298232,7414.722128467392,-0.8917360178204881
2016-04-08,7555.2001953125,7555.2001953125,7569.35009765625,7526.7001953125,7542.35009765625,143400,7611.187524414063,7408.32201171875,7615.372991356209,7555.922904399027,59.450086957182066,81.07825059241043,52.736281003541116,7611.187524414063,7804.78281531183,7417.592233516296,0.11594855559287076
2016-04-11,7671.39990234375,7671.39990234375,7678.7998046875,7516.85009765625,7577.7998046875,179800,7620.450024414063,7412.995009765625,7623.992516123522,7564.4767560986365,59.51576002488582,76.76575247890551,54.17106601266768,7620.450024414063,7806.433127507614,7434.466921320512,1.5380096361092388
2016-04-12,7708.9501953125,7708.9501953125,7717.39990234375,7663.35009765625,7669.25,163400,7630.387524414063,7418.681015625,7637.062928306442,7575.1784923367,61.88443596974139,73.78948917707268,50.31698132095527,7630.387524414063,7812.771342850023,7448.0037059781025,0.48948423295307464
2016-04-13,7850.4501953125,7850.4501953125,7864.7998046875,7772.2001953125,7777.14990234375,220400,7645.9725341796875,7424.4190234375,7669.891738615066,7595.568988853427,74.32274976163899,73.89614129398595,57.77015585263275,7645.9725341796875,7847.636984238852,7444.308084120523,1.8355287868643932
2016-04-18,7914.7001953125,7914.7001953125,7920.60009765625,7842.75,7908.14990234375,184600,7668.6775390625,7431.5940234375,7707.5545781069795,7619.208337480025,88.34624062695457,76.78616116057967,60.60008126709821,7668.6775390625,7884.238928625764,7453.116149499236,0.8184244011682829
2016-04-20,7914.75,7914.75,7950.39990234375,7877.5498046875,7950.0498046875,205300,7689.4775390625,7440.77802734375,7739.430796859751,7641.100312481504,98.33048437824709,81.09502580411315,67.97433555795206,7689.4775390625,7916.002951920407,7462.952126204593,0.0006292681500319475
2016-04-21,7912.0498046875,7912.0498046875,7978.4501953125,7884.10009765625,7953.64990234375,223700,7709.4525390625,7451.78302734375,7765.98756729479,7661.170645237504,104.81692205728632,85.83940505474779,69.25380616745346,7709.4525390625,7940.694199131283,7478.210878993717,-0.03411598992387743
2016-04-22,7899.2998046875,7899.2998046875,7923.35009765625,7873.35009765625,7891.7998046875,183300,7724.200024414063,7461.6890234375,7786.497142278284,7678.8098422338,107.68730004448389,90.208984052695,61.844939689056055,7724.200024414063,7964.656189589137,7483.743859238988,-0.16114660947212922
2016-04-25,7855.0498046875,7855.0498046875,7911.0,7827.0,7894.7998046875,146300,7731.740014648438,7469.008017578125,7797.043705725855,7691.864654267407,105.17905145844816,93.20299753384563,57.94889130968597,7731.740014648438,7978.925296734413,7484.554732562463,-0.5601762319964343
2016-04-26,7962.64990234375,7962.64990234375,7974.5,7822.5498046875,7828.14990234375,202400,7744.127514648438,7480.516015625,7822.521582128607,7711.92282079158,110.5987613370271,96.68215029448193,65.29413278266026,7744.127514648438,8011.746435074543,7476.508594222332,1.3698206928241197
2016-04-27,7979.89990234375,7979.89990234375,7991.0,7940.5498046875,7942.0,206800,7757.297509765625,7494.150009765625,7846.733631392475,7731.772974980629,114.96065641184578,100.3378515179547,64.03811014267743,7757.297509765625,8044.40681409847,7470.188205432781,0.21663642394880167
2016-04-28,7847.25,7847.25,7992.0,7834.4501953125,7967.39990234375,292500,7768.905004882812,7506.781005859375,7846.81307271671,7740.326828685767,106.48624403094254,101.56753002055227,65.96036014862709,7768.905004882812,8050.527182779174,7487.28282698645,-1.6623003291656557
2016-04-29,7849.7998046875,7849.7998046875,7889.0498046875,7788.7001953125,7844.25,243700,7781.544995117188,7524.25,7847.272569942986,7748.435938019229,98.83663192375661,101.02135040119315,65.57310657318085,7781.544995117188,8053.1967627260565,7509.893227508319,0.03249297126382
2016-05-02,7805.89990234375,7805.89990234375,7829.7998046875,7777.2998046875,7822.7001953125,146300,7785.07998046875,7540.748994140625,7840.907544158488,7752.692527969193,88.21501618929506,98.46008355881352,67.72319221791648,7785.07998046875,8056.031575338706,7514.128385598795,-0.5592486870497626
2016-05-03,7747.0,7747.0,7890.25,7735.14990234375,7824.7998046875,186500,7785.509985351562,7552.429990234375,7826.460229672566,7752.2708592307345,74.18937044183167,93.60594093541715,62.26185273515052,7785.509985351562,8056.176802969393,7514.843167733731,-0.75455620851691
2016-05-04,7706.5498046875,7706.5498046875,7749.0,7697.25,7724.14990234375,199700,7785.184985351562,7565.595986328125,7808.012471982556,7748.884114449754,59.12835753280251,86.71042425489424,52.48813601501447,7785.184985351562,8056.2334832864535,7514.136487416671,-0.5221401227894718
2016-05-05,7735.5,7735.5,7777.5498046875,7706.85009765625,7731.0,185100,7784.019995117187,7578.136982421875,7796.856707062163,7747.892698564587,48.96400849757629,79.16114110343065,51.902529895198846,7784.019995117187,8055.745435133159,7512.294555101215,0.3756570196288278
2016-05-06,7733.4501953125,7733.4501953125,7738.89990234375,7678.35009765625,7717.64990234375,163600,7790.532495117188,7588.970986328125,7787.101859100676,7746.822883508877,40.27897559179928,71.38470800110439,39.52175882763482,7790.532495117188,8049.9764943874,7531.088495846976,-0.026498670900398924
2016-05-09,7866.0498046875,7866.0498046875,7873.64990234375,7753.5498046875,7755.25,160600,7803.11748046875,7602.076982421875,7799.247696883264,7755.654507299885,43.59318958337917,65.82640431755935,46.11821302842966,7803.11748046875,8050.726313038423,7555.508647899077,1.7146242107484388
2016-05-10,7887.7998046875,7887.7998046875,7896.89990234375,7837.7001953125,7873.5498046875,162000,7820.1849609375,7615.141982421875,7812.871098083916,7765.443047847116,47.42805023680012,62.14673350140751,47.92163094395325,7820.1849609375,8038.643753542488,7601.726168332512,0.2765047328716186
2016-05-11,7848.85009765625,7848.85009765625,7893.10009765625,7780.89990234375,7804.64990234375,214100,7834.867456054688,7629.92798828125,7818.406328787351,7771.621347832977,46.78498095437408,59.07438299200083,45.384181407487134,7834.867456054688,8014.330638091961,7655.4042740174145,-0.493796850778383
2016-05-12,7900.39990234375,7900.39990234375,7916.0498046875,7849.64990234375,7871.4501953125,152700,7846.317456054688,7647.561982421875,7831.020724719105,7781.16050001896,49.8602247001445,57.23155133362957,50.07603672172044,7846.317456054688,8010.43180675878,7682.203105350595,0.6567816182767139
2016-05-13,7814.89990234375,7814.89990234375,7881.0,7784.2001953125,7881.0,179500,7851.61494140625,7664.447978515625,7828.540598199819,7783.6597150059815,44.88088319383769,54.7614177056712,47.37461853472635,7851.61494140625,8003.439113841784,7699.790768970716,-1.0822236982540034
2016-05-16,7860.75,7860.75,7873.89990234375,7772.14990234375,7831.2001953125,205200,7852.129931640625,7681.067978515625,7833.495890784463,7789.370106487019,44.125784297443715,52.63429102402571,42.751454113371175,7852.129931640625,8004.0073338666925,7700.252529414557,0.5867010227795566
2016-05-17,7890.75,7890.75,7940.10009765625,7879.7001953125,7896.85009765625,183400,7850.932421875,7699.141982421875,7842.30421527916,7796.879728228721,45.424487050438984,51.19233022930837,43.771394105955785,7850.932421875,8001.100630297771,7700.764213452228,0.3816429729987636
2016-05-18,7870.14990234375,7870.14990234375,7882.0498046875,7810.75,7846.75,156400,7848.702416992188,7712.098984375,7846.588167135252,7802.307148533538,44.281018601714095,49.810067903789516,51.89694629626484,7848.702416992188,7996.180873039933,7701.223960944442,-0.2610664088489645
2016-05-19,7783.39990234375,7783.39990234375,7876.2001953125,7766.7998046875,7875.5,170400,7842.269921875,7720.38998046875,7836.866895628867,7800.906611778739,35.96028385012778,47.04011109305718,45.17301771316891,7842.269921875,7989.336672394343,7695.203171355658,-1.1022661712474568
2016-05-20,7749.7001953125,7749.7001953125,7812.39990234375,7735.75,7792.2001953125,157000,7834.78994140625,7725.871982421875,7823.456634041733,7797.113543892351,26.34309014938208,42.900706904322156,45.853026864871445,7834.78994140625,7984.831151780709,7684.748731031792,-0.43296897826234915
2016-05-23,7731.0498046875,7731.0498046875,7820.60009765625,7722.2001953125,7813.9501953125,172000,7828.58994140625,7730.7859765625,7809.240198756466,7792.21993358088,17.020265175586246,37.724618558574974,48.74870910110535,7828.58994140625,7985.209821005336,7671.970061807163,-0.24065951139995434
2016-05-24,7748.85009765625,7748.85009765625,7761.5498046875,7715.7998046875,7738.0498046875,147000,7817.899951171875,7736.056982421875,7799.949413971817,7789.0073531420185,10.94206082979872,32.36810701281973,53.44072825193323,7817.899951171875,7964.881753473523,7670.918148870227,0.2302441895789764
2016-05-25,7934.89990234375,7934.89990234375,7941.2001953125,7809.2998046875,7811.7998046875,176200,7815.649951171875,7744.118984375,7820.711027567499,7799.814208638443,20.89681892905537,30.07384939606686,62.91785948141423,7815.649951171875,7953.269635261015,7678.030267082735,2.40099888812888
2016-05-26,8069.64990234375,8069.64990234375,8083.0,7948.5,7974.4501953125,264300,7826.769946289062,7755.788984375,7859.009315994615,7819.802037801799,39.207278192815465,31.90053515541658,68.5848473479215,7826.769946289062,8005.069173883117,7648.470718695007,1.6981940750153468
2016-05-27,8156.64990234375,8156.64990234375,8164.2001953125,8077.0498046875,8081.9501953125,260900,7842.112451171875,7768.717978515625,7904.800175432943,7844.753731471574,60.04644396136973,37.529716916607214,66.91699445204651,7842.112451171875,8073.623724545326,7610.601177798425,1.0781136858828422
2016-05-30,8178.5,8178.5,8200.0,8150.7998046875,8166.5,247400,7860.742456054688,7781.512978515625,7946.907840750952,7869.475677288494,77.43216346245845,45.510206225777466,66.92084955253202,7860.742456054688,8135.846904638561,7585.638007470815,0.26788078338353394
2016-05-31,8160.10009765625,8160.10009765625,8213.599609375,8134.2998046875,8209.849609375,471000,7881.3974609375,7795.502978515625,7979.706649505613,7891.00341213055,88.70323737506351,54.14881245563468,68.56103091991014,7881.3974609375,8181.445436219785,7581.349485655215,-0.22497893677019265
2016-06-01,8179.9501953125,8179.9501953125,8215.349609375,8171.0498046875,8179.2001953125,194400,7905.06748046875,7809.126982421875,8010.513348860519,7912.406877551435,98.10647130908364,62.94034422632448,67.3256971659429,7905.06748046875,8221.293041638628,7588.841919298871,0.24325801667495206
2016-06-02,8218.9501953125,8218.9501953125,8229.5,8154.75,8156.89990234375,181700,7929.239990234375,7823.254990234375,8042.5805560069775,7935.113789978181,107.46676602879688,71.84562858681896,76.57349776139006,7929.239990234375,8264.24239398993,7594.23758647882,0.476775519028827
2016-06-03,8220.7998046875,8220.7998046875,8262.0,8209.849609375,8246.2001953125,379000,7953.607470703125,7835.583984375,8069.998901957827,7956.275716993686,113.72318496414118,80.22113986228341,75.13436681937173,7953.607470703125,8299.371125759426,7607.843815646823,0.022504204686080165
2016-06-06,8201.0498046875,8201.0498046875,8234.7001953125,8186.0498046875,8228.75,171600,7970.357470703125,7845.51998046875,8090.160579300853,7974.4071308969305,115.75344840392245,87.32760157061122,71.97590684755666,7970.357470703125,8330.423111873564,7610.291829532686,-0.2402442641741276
2016-06-07,8266.4501953125,8266.4501953125,8294.9501953125,8216.400390625,8235.5498046875,241900,7989.289990234375,7856.550986328125,8117.28205868726,7996.039950483269,121.24210820399094,94.11050289728716,76.39185790682988,7989.289990234375,8370.288910167134,7608.291070301617,0.7974636440766236
2016-06-08,8273.0498046875,8273.0498046875,8288.900390625,8252.0498046875,8285.5,174300,8010.499975585937,7867.681982421875,8141.246327302682,8016.559198942842,124.68712835984024,100.22582798979778,86.5056269025425,8010.499975585937,8405.550895688519,7615.449055483356,0.07983607496653278
2016-06-09,8203.599609375,8203.599609375,8273.349609375,8184.60009765625,8273.349609375,174900,8025.6599609375,7879.45197265625,8150.839139929192,8030.414044160038,120.42509576915381,104.265681545669,82.12763045479807,8025.6599609375,8426.154071368037,7625.165850506963,-0.83947512649023
2016-06-10,8170.0498046875,8170.0498046875,8265.599609375,8162.85009765625,8180.25,182200,8043.417456054687,7890.91296875,8153.794626815085,8040.7574338287395,113.03719298634587,106.01998383380439,80.43117419047374,8043.417456054687,8435.980111153964,7650.854800955411,-0.4089644337244347
2016-06-13,8110.60009765625,8110.60009765625,8125.25,8063.89990234375,8102.25,169700,8055.9099609375,7898.420966796875,8147.149314636803,8045.93096448263,101.2183501541731,105.05965709787814,73.70734454598981,8055.9099609375,8439.802951952457,7672.016969922543,-0.7276541569812833
2016-06-14,8108.85009765625,8108.85009765625,8134.9501953125,8069.5,8134.39990234375,145500,8066.814965820313,7905.829970703125,8141.257127409025,8050.59164101401,90.66548639501525,102.18082295730558,65.03070694319511,8066.814965820313,8443.272735413464,7690.357196227162,-0.021576701833758705
2016-06-15,8206.599609375,8206.599609375,8213.2001953125,8123.14990234375,8139.39990234375,169800,8083.637451171875,7915.700966796875,8151.309816942252,8062.1477868185275,89.16203012372443,99.57706439058936,62.64192547171768,8083.637451171875,8453.096466056266,7714.178436287483,1.2054669964487674
2016-06-16,8140.75,8140.75,8180.64990234375,8074.4501953125,8180.64990234375,189200,8101.504956054688,7923.339970703125,8149.685229720367,8067.970172980118,81.71505674024866,96.00466286052122,48.472627560903994,8101.504956054688,8443.36030569512,7759.649606414256,-0.8023982222768011
2016-06-17,8170.2001953125,8170.2001953125,8195.25,8135.7998046875,8176.64990234375,166600,8122.529956054687,7934.679970703125,8152.841378273002,8075.542767226962,77.2986110460406,92.26345249762511,49.214180441701046,8122.529956054687,8422.431892337827,7822.628019771549,0.3617626792678852
2016-06-20,8238.5,8238.5,8244.150390625,8107.35009765625,8115.75,168600,8147.9024658203125,7947.16296875,8166.019627769463,8087.613673358298,78.40595441116511,89.49195288033312,56.78201566052034,8147.9024658203125,8388.313351477764,7907.49158016286,0.8359624373303065
2016-06-21,8219.900390625,8219.900390625,8257.25,8202.150390625,8255.400390625,137000,8171.45498046875,7960.63197265625,8174.308975901084,8097.412689452128,76.89628644895583,86.97281959405767,53.46340100577389,8171.45498046875,8323.205545154,8019.7044157835,-0.2257645126540031
2016-06-22,8203.7001953125,8203.7001953125,8238.349609375,8153.25,8213.650390625,136100,8184.894995117187,7973.60197265625,8178.830701964379,8105.285838034378,73.54486393000116,84.28722846124637,48.62351761061837,8184.894995117187,8288.364166686082,8081.425823548292,-0.19708505629796313
2016-06-23,8270.4501953125,8270.4501953125,8285.599609375,8188.2998046875,8201.150390625,154100,8194.935009765624,7985.582978515625,8192.92600863332,8117.520234869794,75.40577376352576,82.51093752170226,54.011513316216956,8194.935009765624,8289.942048783254,8099.927970747994,0.8136572328440339
2016-06-24,8088.60009765625,8088.60009765625,8100.7001953125,7927.0498046875,8029.10009765625,297600,8191.53251953125,7993.1759765625,8176.875868483001,8115.378002483606,61.49786599939489,78.30832321724078,42.80044242060845,8191.53251953125,8296.648924416368,8086.416114646132,-2.1987932139331257
2016-06-27,8094.7001953125,8094.7001953125,8120.64990234375,8039.35009765625,8039.35009765625,162500,8187.342529296875,7998.0609765625,8164.233457226001,8113.846313063524,50.38714416247694,72.72408740628802,38.10016130603761,8187.342529296875,8300.98134801733,8073.70371057642,0.07541598771854119
2016-06-28,8127.85009765625,8127.85009765625,8146.35009765625,8086.85009765625,8096.0498046875,170400,8185.730029296875,8002.323974609375,8158.636017292193,8114.883630440762,43.752386851430856,66.92974729531659,40.296715222954084,8185.730029296875,8301.88388057016,8069.576178023591,0.4095260052119798
2016-06-29,8204.0,8204.0,8212.400390625,8157.64990234375,8173.10009765625,147000,8186.93251953125,8008.108974609375,8165.615091554933,8121.484843000706,44.130248554227364,62.36984754709875,50.02651950283047,8186.93251953125,8303.332123645252,8070.532915417249,0.9369009200318468
2016-06-30,8287.75,8287.75,8308.150390625,8242.099609375,8260.25,279400,8190.372509765625,8015.622978515625,8184.405077469559,8133.800780556208,50.60429691335048,60.0167374203491,57.30967551772699,8190.372509765625,8314.562079951811,8066.18293957944,1.0208434909800168
2016-07-01,8328.349609375,8328.349609375,8356.75,8308.650390625,8313.0498046875,165500,8195.75,8024.203974609375,8206.550390070395,8148.211804913156,58.33858515723932,59.681106967727146,63.847371535991286,8195.75,8334.004529645279,8057.495470354722,0.48987492835812496
2016-07-04,8370.7001953125,8370.7001953125,8398.4501953125,8364.7001953125,8376.75,154200,8204.23251953125,8034.516982421875,8231.804206261488,8164.692426424218,67.11177983726975,61.167241541635676,65.8342127345964,8204.23251953125,8363.132300097175,8045.332738965324,0.5085111447510116
2016-07-05,8335.9501953125,8335.9501953125,8381.4501953125,8319.9501953125,8379.2998046875,139000,8207.70751953125,8041.98298828125,8247.82666611549,8177.37818708261,70.44847903288064,63.02348903988467,58.46701918479331,8207.70751953125,8375.146690378842,8040.268348683657,-0.41513850919495665
2016-07-07,8337.900390625,8337.900390625,8361.9501953125,8317.7001953125,8342.0,155500,8210.950048828125,8049.142998046875,8261.684162193877,8189.268720678343,72.41544151553353,64.90187953501444,64.08317277038407,8210.950048828125,8386.053446983546,8035.846650672704,0.023394997172565546
2016-07-08,8323.2001953125,8323.2001953125,8353.2998046875,8287.5498046875,8350.0,137900,8216.930078125,8058.662001953125,8271.14816728905,8199.189570651244,71.95859663780539,66.31322295557263,61.164620285186956,8216.930078125,8399.006725741365,8034.853430508636,-0.17630571995113087
2016-07-11,8467.900390625,8467.900390625,8475.25,8407.0498046875,8413.349609375,149800,8231.822607421875,8071.024013671875,8301.417740109966,8219.094075834486,82.32366427548004,69.51531121955412,65.06041321794791,8231.822607421875,8443.991428374422,8019.653786469327,1.7385163388715874
2016-07-12,8521.0498046875,8521.0498046875,8526.599609375,8479.2001953125,8502.599609375,183600,8252.345092773438,8085.32701171875,8335.20728850651,8241.461166860636,93.74612164587415,74.36147330481813,68.91284722137041,8252.345092773438,8492.677392304522,8012.012793242353,0.6276575256050743
2016-07-13,8519.5,8519.5,8550.25,8493.5498046875,8540.4501953125,195500,8272.877587890625,8100.77701171875,8363.560013351662,8262.056635982071,101.50337736959045,79.78985411777259,70.20472198896353,8272.877587890625,8531.093096070508,8014.662079710743,-0.018187954806314632
2016-07-14,8565.0,8565.0,8571.400390625,8500.7001953125,8515.75,153900,8290.797607421875,8117.946015625,8394.550780528329,8284.496885168584,110.05389535974427,85.84266236616693,69.37190428724104,8290.797607421875,8577.78839120102,8003.806823642729,0.5340689007570898
2016-07-15,8541.400390625,8541.400390625,8594.7998046875,8510.0498046875,8565.4501953125,221700,8310.830126953126,8134.0640234375,8417.143028235509,8303.526774461652,113.61625377385644,91.39738064770484,87.60802825869195,8310.830126953126,8609.419461573534,8012.240792332718,-0.27553542761237226
2016-07-18,8508.7001953125,8508.7001953125,8587.099609375,8494.349609375,8564.0498046875,164300,8327.755126953125,8149.5690234375,8431.228746247354,8318.72480563579,112.50394061156476,95.61869264047682,82.93034181262293,8327.755126953125,8631.117245060503,8024.393008845748,-0.3828434895569499
2016-07-19,8528.5498046875,8528.5498046875,8540.0498046875,8476.7001953125,8514.2998046875,167900,8342.2576171875,8162.8190234375,8446.201216776608,8334.267398158137,111.93381861847047,98.88171783607555,82.56136455437641,8342.2576171875,8655.233590805921,8029.28164356908,0.23328603569714446
2016-07-20,8565.849609375,8565.849609375,8569.900390625,8512.5498046875,8515.4501953125,160300,8359.555078125,8176.38001953125,8464.608661791744,8351.421636026053,113.18702576569194,101.74277942199883,81.38607856557184,8359.555078125,8682.149611076038,8036.9605451739635,0.43735225263032973
2016-07-21,8510.099609375,8510.099609375,8585.25,8503.4501953125,8582.7001953125,150000,8374.875048828126,8189.605009765625,8471.607269112246,8363.175559977826,108.43170913442009,103.08056536448309,70.2707563228706,8374.875048828126,8695.400353395456,8054.349744260795,-0.6508402848794281
2016-07-22,8541.2001953125,8541.2001953125,8548.9501953125,8489.7998046875,8519.650390625,143200,8388.412548828124,8202.421015625,8482.313873143055,8376.362570002617,105.95130314043854,103.6547129196742,69.74677695534396,8388.412548828124,8713.209639435781,8063.615458220467,0.3654550165692383
2016-07-25,8635.650390625,8635.650390625,8641.150390625,8517.2001953125,8519.9501953125,150000,8415.765063476563,8218.836025390625,8505.904106601816,8395.569075233905,110.33503136791114,104.99077660932159,72.4135253248738,8415.765063476563,8726.068245001385,8105.461881951742,1.1058187743255843
2016-07-26,8590.650390625,8590.650390625,8644.900390625,8577.150390625,8633.75,154800,8440.562573242187,8233.434033203124,8518.941996451536,8410.019543040653,108.92245341088346,105.77711196963396,71.17913504436191,8440.562573242187,8720.627304285079,8160.497842199295,-0.5210956669673972
2016-07-27,8615.7998046875,8615.7998046875,8665.0,8572.0498046875,8599.400390625,184100,8464.96005859375,8247.935029296876,8533.843197718608,8425.262525384864,108.58067233374459,106.3378240424561,72.2497877204697,8464.96005859375,8713.571551551206,8216.348565636294,0.2927533180717701
2016-07-28,8666.2998046875,8666.2998046875,8674.7001953125,8625.25,8636.9501953125,233500,8488.075048828125,8263.85802734375,8554.221137252283,8443.117138666541,111.10399858574237,107.29105895111337,75.98063140209362,8488.075048828125,8719.927061180006,8256.223036476244,0.5861324676151858
2016-07-29,8638.5,8638.5,8670.349609375,8631.150390625,8668.2998046875,157000,8505.612548828125,8280.960029296875,8567.187116136547,8457.589943209761,109.59717292678579,107.75228174624786,65.69746962835167,8505.612548828125,8726.464584016368,8284.760513639882,-0.3207805558776422
2016-08-01,8636.5498046875,8636.5498046875,8711.2998046875,8590.5,8654.2998046875,188400,8521.02255859375,8298.697021484375,8577.85829899054,8470.84622924515,107.01206974539127,107.60423934607654,61.73305397490537,8521.02255859375,8732.611658462805,8309.433458724694,-0.022575624385023918
2016-08-02,8622.900390625,8622.900390625,8687.2001953125,8611.400390625,8647.4501953125,169400,8533.632568359375,8316.534033203125,8584.787851549689,8482.109500458471,102.67835109121734,106.6190616951047,60.251896778091485,8533.632568359375,8737.417430124646,8329.847706594104,-0.1580424402241265
2016-08-03,8544.849609375,8544.849609375,8635.4501953125,8529.599609375,8635.2001953125,163000,8544.0775390625,8332.4540234375,8578.643506599736,8486.756915933769,91.88659066596665,103.6725674892771,48.12327416532359,8544.0775390625,8725.373943699651,8362.78113442535,-0.9051569392458547
2016-08-04,8551.099609375,8551.099609375,8601.400390625,8518.150390625,8599.9501953125,164700,8554.7375,8344.778017578124,8574.405983949777,8491.52304137386,82.88294257591588,99.51464250660486,50.93351479788257,8554.7375,8707.874818960929,8401.60018103907,0.07314347572768831
2016-08-05,8683.150390625,8683.150390625,8689.400390625,8590.150390625,8600.2001953125,157900,8572.735009765625,8357.04802734375,8591.135892669041,8505.717659836908,85.41823283213307,96.6953605717105,64.09469420217357,8572.735009765625,8692.202752639028,8453.267266892222,1.5442549763450941
2016-08-08,8711.349609375,8711.349609375,8723.5,8697.599609375,8712.849609375,172600,8584.907470703125,8368.142021484375,8609.630310623805,8520.94965609899,88.6806545248146,95.09241936233133,64.57268397344971,8584.907470703125,8708.923519145523,8460.891422260727,0.32475792173825013
2016-08-09,8678.25,8678.25,8728.349609375,8638.2001953125,8727.7998046875,200100,8592.76748046875,8378.137021484376,8620.187185912451,8532.601533424991,87.58565248745981,93.59106598735703,59.020898123996794,8592.76748046875,8719.636113301282,8465.89884763622,-0.3799596028080332
2016-08-10,8575.2998046875,8575.2998046875,8690.099609375,8564.599609375,8686.7001953125,173600,8595.557470703125,8386.441015625,8613.281434954766,8535.764368333326,77.51706662143988,90.3762661141736,54.8642327895845,8595.557470703125,8718.01962604108,8473.09531536517,-1.1863013316336768
2016-08-11,8592.150390625,8592.150390625,8601.150390625,8540.0498046875,8572.7998046875,189200,8596.914990234374,8394.68501953125,8610.030505057879,8539.941110725302,70.08939433257729,86.31889175785435,53.88369388991696,8596.914990234374,8718.550030693777,8475.279949774971,0.196501420606765
2016-08-16,8642.5498046875,8642.5498046875,8682.349609375,8600.4501953125,8670.25,224800,8601.9724609375,8403.15701171875,8615.033474231666,8547.5417547225,67.4917195091657,82.55345730811662,50.563770278573536,8601.9724609375,8722.292866428346,8481.652055446655,0.5865750920455381
2016-08-17,8624.0498046875,8624.0498046875,8667.099609375,8603.599609375,8639.7998046875,174100,8607.73994140625,8411.22201171875,8616.420601994103,8553.209017682871,63.21158431123149,78.6850827087396,52.85270306564862,8607.73994140625,8720.02544859885,8495.454434213649,-0.21405719860551065
2016-08-18,8673.25,8673.25,8690.7001953125,8645.0498046875,8648.849609375,164300,8614.974951171875,8420.666015625,8625.163586302702,8562.100942298955,63.062644003746755,75.56059496774103,54.71328057274983,8614.974951171875,8724.386534839738,8505.563367504012,0.5704998976902687
2016-08-19,8666.900390625,8666.900390625,8696.599609375,8647.099609375,8694.2998046875,191900,8620.027490234375,8428.67501953125,8631.584633121518,8569.86386439718,61.72076872433718,72.79262971906026,50.053121010525736,8620.027490234375,8729.219873407666,8510.835107061084,-0.07320911278931863
2016-08-22,8629.150390625,8629.150390625,8684.849609375,8614.0,8667.0,152300,8625.980029296876,8435.79703125,8631.2101342759,8574.255458932575,56.9546753433242,69.62503884391305,49.18734381790526,8625.980029296876,8722.142799721807,8529.817258871944,-0.43556517669032235
2016-08-23,8632.599609375,8632.599609375,8642.150390625,8580.0,8628.349609375,187500,8630.55,8444.37703125,8631.423899675761,8578.577247854237,52.846651821524574,66.26936143943536,49.657546423836465,8630.55,8718.045056606807,8543.054943393192,0.03997170745508871
2016-08-24,8650.2998046875,8650.2998046875,8661.0498046875,8620.900390625,8648.5,149600,8631.282470703125,8453.98203125,8634.327885062183,8583.890029841885,50.437855220297934,63.103060195607874,52.35876577792947,8631.282470703125,8719.20155904969,8543.36338235656,0.20503899304304962
2016-08-25,8592.2001953125,8592.2001953125,8683.0498046875,8583.650390625,8668.849609375,213100,8631.3599609375,8463.614033203125,8627.84670202377,8584.505597654523,43.34110436924675,59.15066903033565,54.22133381158924,8631.3599609375,8719.130867492471,8543.589054382528,-0.6716485056797228
2016-08-26,8572.5498046875,8572.5498046875,8622.9501953125,8547.5498046875,8614.349609375,147500,8629.1974609375,8472.88802734375,8619.33948704896,8583.61998336067,35.71950368828948,54.46443596192642,51.86767364305622,8629.1974609375,8720.637075833616,8537.757846041382,-0.22870033493540554
2016-08-29,8607.4501953125,8607.4501953125,8622.0,8543.75,8583.75,129700,8626.25498046875,8480.9050390625,8617.51036524335,8585.38518424599,32.125180997360076,49.996584969013156,42.066609490552636,8626.25498046875,8716.44648537027,8536.063475567229,0.40711796863421856
2016-08-30,8744.349609375,8744.349609375,8750.599609375,8642.25,8646.75,150200,8631.5474609375,8492.97703125,8637.024095109757,8597.16032684814,39.863768261617224,47.970021627533974,52.81666661109796,8631.5474609375,8736.051406746506,8527.043515128493,1.5904758198549196
2016-08-31,8786.2001953125,8786.2001953125,8819.2001953125,8754.0498046875,8754.0498046875,362200,8639.02998046875,8505.29703125,8659.974264371716,8611.163280067722,48.8109843039947,48.13821416282612,59.078313915958596,8639.02998046875,8764.390754667655,8513.669206269844,0.47860147188798496
2016-09-01,8774.650390625,8774.650390625,8813.25,8759.9501953125,8793.599609375,238900,8646.61748046875,8516.0200390625,8677.61674533376,8623.273436405298,54.34330892846265,49.379233115953426,69.8102770634189,8646.61748046875,8785.507150024521,8507.72781091298,-0.13145392127147382
2016-09-02,8809.650390625,8809.650390625,8824.099609375,8768.2001953125,8796.349609375,191500,8659.85751953125,8527.8150390625,8697.929613840104,8637.079136717868,60.85047712223604,51.673481917209955,70.86135516382234,8659.85751953125,8808.07228120019,8511.64275786231,0.39887629069979
2016-09-06,8943.0,8943.0,8950.849609375,8848.4501953125,8852.7001953125,195600,8679.4525390625,8542.60103515625,8735.632750172395,8659.739941405434,75.89280876696102,56.51734728716018,74.86145476936602,8679.4525390625,8865.835427030477,8493.069651094524,1.5136765190694401
2016-09-07,8917.9501953125,8917.9501953125,8968.7001953125,8913.349609375,8968.7001953125,290100,8691.192529296875,8555.55103515625,8763.681587886258,8678.866626880032,84.81496100622644,62.17687003097343,74.05868979212033,8691.192529296875,8905.97230386221,8476.41275473154,-0.2801051625573092
2016-09-08,8952.5,8952.5,8960.349609375,8896.0,8915.5,217200,8703.250048828126,8572.829033203125,8792.730574365294,8699.135765629659,93.59480873563552,68.46045777190585,73.42118023248194,8703.250048828126,8947.806265912375,8458.693831743876,0.38741867728371293
2016-09-09,8866.7001953125,8866.7001953125,8939.150390625,8858.7001953125,8934.2998046875,175900,8712.67255859375,8588.269033203125,8804.110516049479,8711.547945606166,92.56257044331323,73.28088030618733,64.78687159680433,8712.67255859375,8967.47983556281,8457.865281624689,-0.9583893290980194
2016-09-12,8715.599609375,8715.599609375,8746.9501953125,8699.400390625,8732.9501953125,184500,8719.687548828126,8600.0240234375,8790.493453484174,8711.848068848301,78.64538463587269,74.3537811721244,55.47875685123112,8719.687548828126,8966.159559509199,8473.215538147053,-1.7041355026008564
2016-09-14,8726.599609375,8726.599609375,8739.849609375,8688.900390625,8710.650390625,184300,8726.410009765625,8610.476015625,8780.663631313531,8712.940775553983,67.72285575954811,73.02759608960915,55.90081607030759,8726.410009765625,8965.457843547865,8487.362175983384,0.12621047883116798
2016-09-15,8742.5498046875,8742.5498046875,8751.9501953125,8704.349609375,8743.849609375,145400,8731.410009765625,8619.57201171875,8774.799965678758,8715.134036971282,59.66592870747627,70.35526261318257,55.80371185907518,8731.410009765625,8967.233907690945,8495.586111840305,0.1827767518446155
2016-09-16,8779.849609375,8779.849609375,8847.650390625,8750.5,8780.849609375,265800,8739.2,8628.60201171875,8775.576833939718,8719.927783075262,55.64905086445651,67.41402026343737,62.12283524179048,8739.2,8970.338067043627,8508.061932956374,0.4266467508998506
2016-09-19,8808.400390625,8808.400390625,8824.2998046875,8774.2001953125,8788.4501953125,131700,8745.95751953125,8637.356015625,8780.6266118913,8726.481309560428,54.145302330873164,64.76027667692453,65.06357599867272,8745.95751953125,8976.879624799625,8515.035414262875,0.3251853109136782
2016-09-20,8775.900390625,8775.900390625,8816.4501953125,8759.2998046875,8816.099609375,136500,8751.40751953125,8646.15501953125,8779.899500927255,8730.141982231877,49.75751869537817,61.75972508061526,60.79186066735821,8751.40751953125,8979.602419945204,8523.212619117297,-0.3689659706499149
2016-09-21,8777.150390625,8777.150390625,8826.849609375,8757.2998046875,8790.2998046875,148800,8758.80751953125,8654.94001953125,8779.476560880754,8733.624086557295,45.85247432345932,58.578274929184076,52.54348181669484,8758.80751953125,8979.794313408973,8537.820725653528,0.014243552733739229
2016-09-22,8867.4501953125,8867.4501953125,8893.349609375,8837.7998046875,8873.349609375,172800,8770.550048828125,8665.82501953125,8793.010966177946,8743.537131650273,49.47383452767281,56.75738684888182,55.86007933645871,8770.550048828125,8988.233584991507,8552.866512664743,1.0288054854791007
2016-09-23,8831.5498046875,8831.5498046875,8885.2001953125,8820.2998046875,8880.75,185900,8779.612548828125,8673.0980078125,8798.940018256339,8750.05658891229,48.883429344048636,55.18259534791519,53.964560172994034,8779.612548828125,8991.224084668209,8568.001012988041,-0.404855847332275
2016-09-26,8723.0498046875,8723.0498046875,8809.5498046875,8715.099609375,8807.900390625,164000,8786.155029296875,8677.1380078125,8787.26460078421,8748.05608637712,39.20851440708975,51.987779159750104,44.52657554065181,8786.155029296875,8980.778672983388,8591.531385610362,-1.2285499419638857
2016-09-27,8706.400390625,8706.400390625,8768.5,8690.5,8748.900390625,151400,8792.84755859375,8680.876015625,8774.82395306741,8744.970479284371,29.85347378303777,47.560918084407646,32.45852073456456,8792.84755859375,8964.379378063331,8621.31573912417,-0.19086689214536934
2016-09-28,8745.150390625,8745.150390625,8767.0498046875,8703.150390625,8711.2001953125,165500,8799.732568359375,8684.4790234375,8770.25878961473,8744.983806050344,25.274983564386275,43.10373118040337,37.44371039503842,8799.732568359375,8949.62010831498,8649.84502840377,0.44507486747020764
2016-09-29,8591.25,8591.25,8800.650390625,8558.25,8792.7001953125,372900,8792.077587890624,8685.476015625,8742.71897582785,8733.596116713283,9.122859114566381,36.30755676723598,27.630226285935436,8792.077587890624,8967.36114112009,8616.794034661158,-1.75983698107679
2016-09-30,8611.150390625,8611.150390625,8637.150390625,8555.2001953125,8581.5,181700,8783.32509765625,8687.52501953125,8722.477655027411,8724.526062928966,-2.048407901555038,28.636363833477777,32.769253663335306,8783.32509765625,8976.420942097006,8590.229253215495,0.23163556671030872
2016-10-03,8738.099609375,8738.099609375,8745.2001953125,8635.0,8666.150390625,137300,8781.49755859375,8691.716015625,8724.881032619347,8725.531510813857,-0.6504781945095601,22.77899542788031,51.56816195628204,8781.49755859375,8975.628182379342,8587.366934808158,1.4742422671912614
2016-10-04,8769.150390625,8769.150390625,8783.650390625,8736.099609375,8770.0,184300,8779.47255859375,8695.78203125,8731.691703081755,8728.762538948014,2.9291641337404144,18.80902916905233,52.88498973713832,8779.47255859375,8973.211220762276,8585.733896425225,0.3553493624252724
2016-10-05,8743.9501953125,8743.9501953125,8806.9501953125,8731.400390625,8806.349609375,157200,8769.520068359376,8700.45904296875,8733.577624963407,8729.88755053057,3.6900744328377186,15.78523822180941,50.093771824509375,8769.520068359376,8947.715261012616,8591.324875706136,-0.28737328235858284
2016-10-06,8709.5498046875,8709.5498046875,8781.150390625,8684.650390625,8768.7001953125,163600,8759.100048828124,8703.82603515625,8729.881037228653,8728.38105083849,1.4999863901630306,12.928187855480134,45.27429157372189,8759.100048828124,8924.675692567978,8593.52440508827,-0.3934193340149772
2016-10-07,8697.599609375,8697.599609375,8723.7001953125,8663.7998046875,8721.7001953125,150400,8746.355029296876,8705.06501953125,8724.914663712707,8726.100944063417,-1.186280350710149,10.105294214242079,42.38169673432225,8746.355029296876,8886.54489906527,8606.165159528482,-0.13720795655899343
2016-10-10,8708.7998046875,8708.7998046875,8745.7998046875,8703.9501953125,8735.349609375,108400,8738.460009765626,8707.4280078125,8722.435454631906,8724.81937818372,-2.3839235518134956,7.607450661030965,45.24716985569481,8738.460009765626,8867.450835450109,8609.469184081143,0.12877340663539627
2016-10-13,8573.349609375,8573.349609375,8681.5498046875,8541.349609375,8671.5,212300,8731.347509765625,8706.57900390625,8699.499170746229,8713.599395309,-14.100224562771473,3.265915616270478,37.87046767038955,8731.347509765625,8879.856308414952,8582.838711116297,-1.555325628677262
2016-10-14,8583.400390625,8583.400390625,8604.4501953125,8549.7998046875,8594.0,162800,8724.187548828126,8704.921015625,8681.637819958347,8703.955024591667,-22.317204633320216,-1.850708433647661,31.308886258512842,8724.187548828126,8886.798552051108,8561.576545605143,0.11723284023095193
2016-10-17,8520.400390625,8520.400390625,8615.400390625,8506.150390625,8612.9501953125,197400,8713.080078125,8702.5590234375,8656.83206159937,8690.35838503858,-33.52632343920959,-8.185831434760047,30.230728470575386,8713.080078125,8899.077034836648,8527.083121413352,-0.7339748483457642
2016-10-18,8677.900390625,8677.900390625,8685.099609375,8555.900390625,8556.0498046875,216600,8707.9826171875,8703.38603515625,8660.07334298793,8689.435570637574,-29.36222764964441,-12.42111067773692,47.29952162053235,8707.9826171875,8891.85063650258,8524.114597872418,1.8485046802882321
2016-10-19,8659.099609375,8659.099609375,8698.75,8636.7001953125,8697.5,172100,8700.517578125,8704.11001953125,8659.923537816709,8687.188462395901,-27.264924579192666,-15.38987345802807,47.178106262045304,8700.517578125,8879.271548162093,8521.763608087907,-0.21665126820665792
2016-10-20,8699.400390625,8699.400390625,8727.0,8678.2998046875,8693.349609375,161000,8696.692578125,8707.20103515625,8665.996899787215,8688.09304967213,-22.096149884915576,-16.731128743405574,47.2756645103663,8696.692578125,8871.893353631936,8521.491802618062,0.4654153788272275
2016-10-21,8693.0498046875,8693.0498046875,8709.099609375,8652.0498046875,8708.599609375,157300,8692.487548828125,8710.0400390625,8670.15888515649,8688.460216710306,-18.301331553815544,-17.04516930548757,57.354366705939626,8692.487548828125,8863.54549255658,8521.42960509967,-0.07300027188475999
2016-10-24,8708.9501953125,8708.9501953125,8736.9501953125,8684.150390625,8709.849609375,157100,8684.562548828126,8710.55603515625,8676.126779026645,8689.977992903061,-13.851213876416296,-16.406378219673314,57.10646462840202,8684.562548828126,8834.924830002165,8534.200267654087,0.18290923188344355
2016-10-25,8691.2998046875,8691.2998046875,8722.650390625,8663.4501953125,8721.7001953125,189800,8677.550048828125,8710.1550390625,8678.461090666777,8690.075904887093,-11.614814220316475,-15.448065419801946,45.95720916421038,8677.550048828125,8811.201999179764,8543.898098476486,-0.20266955521803798
2016-10-26,8615.25,8615.25,8657.2998046875,8596.599609375,8657.2998046875,219300,8672.16005859375,8708.8950390625,8668.736307487272,8684.533245265828,-15.79693777855573,-15.517839891552704,37.66437687076534,8672.16005859375,8806.77728327718,8537.54283391032,-0.8750107164233856
2016-10-27,8615.25,8615.25,8624.849609375,8550.25,8607.099609375,242800,8667.6025390625,8709.69404296875,8660.507644796922,8679.401153023915,-18.893508226992708,-16.192973558640706,39.24998083106705,8667.6025390625,8803.504571391488,8531.700506733512,0.0
2016-10-28,8638.0,8638.0,8653.75,8581.75,8625.0,175500,8662.24501953125,8710.61103515625,8657.04493021278,8676.33440094807,-19.289470735289797,-16.812272993970524,43.90499150640305,8662.24501953125,8793.648818310267,8530.841220752234,0.26406662604103737
2016-11-01,8626.25,8626.25,8669.599609375,8614.5,8653.150390625,165000,8663.99501953125,8710.2850390625,8652.307248641584,8672.624445322286,-20.31719668070218,-17.513257731316855,43.919971506367794,8663.99501953125,8792.313825403438,8535.676213659062,-0.13602685806899384
2016-11-02,8514.0,8514.0,8549.5,8504.849609375,8542.7998046875,155300,8659.1375,8708.08404296875,8631.029210389033,8660.874486409524,-29.845276020490928,-19.979661389151673,35.8389972611531,8659.1375,8802.36804061067,8515.906959389331,-1.3012606868569754
2016-11-03,8484.9501953125,8484.9501953125,8537.650390625,8476.150390625,8499.849609375,170500,8646.480029296876,8704.318046875,8608.555515761875,8647.843057439375,-39.287541677500485,-23.841237446821435,42.3977546245362,8646.480029296876,8804.326165559914,8488.633893033837,-0.3412004309079175
2016-11-04,8433.75,8433.75,8504.0,8400.25,8503.599609375,224800,8629.710009765626,8699.6550390625,8581.662359490816,8631.984312443867,-50.32195295305064,-29.137380548067277,37.980906486963015,8629.710009765626,8803.175941319781,8456.24407821147,-0.603423639902867
2016-11-07,8497.0498046875,8497.0498046875,8535.849609375,8481.4501953125,8535.75,172800,8617.364990234375,8697.01302734375,8568.645043367229,8621.989163721173,-53.34412035394416,-33.97872850924266,48.125512503116184,8617.364990234375,8791.738732566195,8442.991247902555,0.7505534867348507
2016-11-08,8543.5498046875,8543.5498046875,8559.400390625,8480.099609375,8540.0,195700,8609.064990234376,8695.23203125,8564.784237416501,8616.17884082979,-51.39460341328959,-37.461903490052045,36.87604576666025,8609.064990234376,8780.745416223375,8437.384564245376,0.5472487636161372
2016-11-09,8432.0,8432.0,8476.2001953125,8002.25,8067.5,314300,8595.785009765625,8690.86603515625,8544.355893198577,8602.535963731289,-58.1800705327114,-41.60553689858392,31.219068601480842,8595.785009765625,8779.311159072504,8412.258860458745,-1.3056610804363489
2016-11-10,8525.75,8525.75,8598.4501953125,8510.7001953125,8555.599609375,263100,8586.63251953125,8689.53703125,8541.493448091103,8596.848114566008,-55.35466647490466,-44.35536281384807,36.80569983557025,8586.63251953125,8764.60115822271,8408.66388083979,1.1118358633776193
2016-11-11,8296.2998046875,8296.2998046875,8460.599609375,8284.9501953125,8456.650390625,266900,8572.780029296875,8684.01203125,8503.771349105933,8574.58527679723,-70.81392769129707,-49.64707578933787,27.486816993942142,8572.780029296875,8793.174313582056,8352.385745011694,-2.6912611243878892
2016-11-15,8108.4501953125,8108.4501953125,8288.5498046875,8093.2001953125,8284.849609375,359200,8549.03251953125,8674.03203125,8442.95271006079,8540.056752242806,-97.1040421820162,-59.13846906787354,21.488926847271912,8549.03251953125,8851.630154351153,8246.434884711349,-2.2642577269069153
2016-11-16,8111.60009765625,8111.60009765625,8210.0498046875,8089.39990234375,8205.650390625,269500,8528.592504882812,8661.377041015625,8391.975385075475,8508.319222273432,-116.34383719795733,-70.5795426938903,22.092230040558505,8528.592504882812,8889.03280631792,8168.152203447703,0.03884715658204474
2016-11-17,8079.9501953125,8079.9501953125,8151.25,8060.2998046875,8105.10009765625,191300,8498.694995117188,8647.252041015625,8343.971509727326,8476.58818323929,-132.6166735119641,-82.98696885750508,23.078846040508424,8498.694995117188,8903.460452130084,8093.929538104292,-0.3901807530291679
2016-11-18,8074.10009765625,8074.10009765625,8128.9501953125,8048.2998046875,8097.5498046875,161200,8469.44501953125,8633.24103515625,8302.45283094716,8446.77425097388,-144.32142002671935,-95.25385909134793,22.9438391954303,8469.44501953125,8908.500602248158,8030.389436814342,-0.0724026450019899
2016-11-21,7929.10009765625,7929.10009765625,8102.4501953125,7916.39990234375,8102.10009765625,218800,8430.930004882812,8615.630029296875,8245.013948902404,8408.428017394795,-163.41406849239138,-108.88590097155662,18.41752053214553,8430.930004882812,8917.611919209343,7944.24809055628,-1.7958657713704862
2016-11-22,8002.2998046875,8002.2998046875,8019.0498046875,7938.14990234375,7989.14990234375,210200,8396.392504882813,8596.816025390624,8207.67331133088,8378.344446083143,-170.67113475226324,-121.24294772769795,23.645165361969845,8396.392504882813,8902.40725153175,7890.377758233877,0.9231779915716665
2016-11-23,8033.2998046875,8033.2998046875,8055.2001953125,7973.10009765625,8051.2001953125,181000,8362.609985351562,8579.123017578126,8180.846618001129,8352.78558375754,-171.93896575641156,-131.38215133344067,28.199518317317114,8362.609985351562,8870.973865542906,7854.2461051602195,0.38738863522509437
2016-11-24,7965.5,7965.5,8024.85009765625,7952.5498046875,8011.7998046875,260500,8326.319995117188,8559.383017578126,8147.716369077878,8324.097762738464,-176.38139366058567,-140.38199979886969,27.24203111482673,8326.319995117188,8839.48987363836,7813.150116596017,-0.8439844937436325
2016-11-25,8114.2998046875,8114.2998046875,8122.25,7976.75,8007.9501953125,177900,8301.272485351563,8544.335009765626,8142.575359171667,8308.557173253206,-165.9818140815396,-145.50196265540367,37.10697227847492,8301.272485351563,8803.856387448022,7798.688583255103,1.8680535394827613
2016-11-28,8126.89990234375,8126.89990234375,8146.5,8066.5,8080.64990234375,189700,8276.85498046875,8532.561015625,8140.16375042891,8295.101079111764,-154.93732868285406,-147.38903586089376,34.42325308250548,8276.85498046875,8762.37258287649,7791.33737806101,0.1552826240037497
2016-11-29,8142.14990234375,8142.14990234375,8197.349609375,8128.7001953125,8131.5498046875,189700,8252.062475585937,8520.872021484374,8140.469312261962,8283.771362314134,-143.30205005217158,-146.57163869914933,32.65190271169601,8252.062475585937,8709.775610903363,7794.349340268511,0.18764842908427504
2016-11-30,8224.5,8224.5,8234.25,8139.25,8172.14990234375,248000,8231.974975585938,8510.511025390624,8153.397110375507,8279.380891031606,-125.98378065609904,-142.45406709053927,40.7998517445989,8231.974975585938,8654.450007836882,7809.499943334994,1.011404833415619
2016-12-01,8192.900390625,8192.900390625,8250.7998046875,8185.0498046875,8244.0,157700,8215.919995117187,8498.772041015625,8159.4745381061975,8272.974928038524,-113.50038993232647,-136.6633316588967,34.381306581665484,8215.919995117187,8617.138648457863,7814.70134177651,-0.384213136056899
2016-12-02,8086.7998046875,8086.7998046875,8159.2998046875,8070.0498046875,8153.5498046875,171500,8196.012475585938,8484.340029296874,8148.293809887937,8259.18417816067,-110.89036827273412,-131.5087389816642,38.882393668403786,8196.012475585938,8580.174317927125,7811.8506332447505,-1.2950308300941793
2016-12-05,8128.75,8128.75,8141.89990234375,8056.85009765625,8088.75,126500,8180.762475585938,8471.397021484376,8145.287069905177,8249.522387185807,-104.23531728062972,-126.05405464145733,51.274633283092825,8180.762475585938,8549.075953449152,7812.448997722723,0.518749027126697
2016-12-06,8143.14990234375,8143.14990234375,8178.7001953125,8130.85009765625,8153.14990234375,115300,8163.06748046875,8458.71701171875,8144.958274895727,8241.642943864174,-96.6846689684462,-120.1801775068551,51.95342779506392,8163.06748046875,8500.07448007006,7826.06048086744,0.17714780678148578
2016-12-07,8102.0498046875,8102.0498046875,8190.4501953125,8077.5,8168.39990234375,169800,8140.99248046875,8443.40900390625,8138.356971786769,8231.302711332568,-92.94573954579937,-114.73328991464396,51.352485273867806,8140.99248046875,8427.04930392619,7854.9356570113105,-0.5047198952388254
2016-12-08,8246.849609375,8246.849609375,8256.25,8151.75,8152.10009765625,142500,8131.7349609375,8431.715,8155.048146800343,8232.454333409785,-77.40618660944256,-107.26786925360369,59.0354916397868,8131.7349609375,8388.636222588651,7874.833699286348,1.7871996368588716
2016-12-09,8261.75,8261.75,8274.9501953125,8241.9501953125,8271.7001953125,149700,8118.5349609375,8422.48900390625,8171.463816523367,8234.624382786838,-63.16056626347108,-98.44640865557719,70.13984761204276,8118.5349609375,8308.639079780602,7928.430842094398,0.18067979083868924
2016-12-12,8170.7998046875,8170.7998046875,8230.650390625,8154.4501953125,8230.650390625,108100,8112.2599609375,8411.7769921875,8171.361660856311,8229.89663626096,-58.53497540465014,-90.46412200539179,59.986953708237685,8112.2599609375,8285.165014118678,7939.354907756322,-1.1008587201561393
2016-12-13,8221.7998046875,8221.7998046875,8228.849609375,8155.7998046875,8196.150390625,184000,8117.92744140625,8401.30998046875,8179.1213752918775,8229.296870959224,-50.175495667346695,-82.40639673778277,60.91361001077655,8117.92744140625,8297.604815479845,7938.250067332656,0.6241739024219095
2016-12-14,8182.4501953125,8182.4501953125,8229.400390625,8165.10009765625,8229.349609375,144600,8121.469946289062,8393.133984375,8179.633501448896,8225.826746837245,-46.19324538834917,-75.16376646789605,62.98869028547908,8121.469946289062,8303.401667291164,7939.53822528696,-0.47860091840919994
2016-12-15,8153.60009765625,8153.60009765625,8225.900390625,8121.9501953125,8128.39990234375,181800,8125.15244140625,8383.982978515625,8175.628362403873,8220.47662467569,-44.848262271816566,-69.10066562868016,52.747501076989565,8125.15244140625,8306.526268368076,7943.778614444424,-0.3525850688682164
2016-12-16,8139.4501953125,8139.4501953125,8178.7001953125,8127.4501953125,8178.2001953125,203000,8128.419946289063,8372.009990234375,8170.062490543662,8214.474666945083,-44.412176401421675,-64.16296778322847,50.875499436271426,8128.419946289063,8308.269451480373,7948.570441097751,-0.1735417750965862
2016-12-19,8104.35009765625,8104.35009765625,8132.5,8094.85009765625,8126.0,107400,8137.182446289063,8358.713984375,8159.952891637906,8206.317291442207,-46.364399804300774,-60.60325418744293,47.43417223600286,8137.182446289063,8291.392206979259,7982.972685598867,-0.4312342580149231
2016-12-20,8082.39990234375,8082.39990234375,8124.10009765625,8062.75,8110.60009765625,128000,8141.187451171875,8345.482978515625,8148.021662515728,8197.138225583061,-49.11656306733312,-58.30591596342097,39.492757024361325,8141.187451171875,8284.417180312515,7997.957722031234,-0.27084460873485483
2016-12-21,8061.2998046875,8061.2998046875,8112.5498046875,8053.25,8105.85009765625,123700,8142.587451171875,8332.517978515625,8134.679838234462,8187.076120331539,-52.39628209707644,-57.123989190152066,40.11564110914537,8142.587451171875,8281.869958115936,8003.304944227813,-0.26106228238139684
2016-12-22,7979.10009765625,7979.10009765625,8046.4501953125,7964.9501953125,8043.85009765625,122600,8143.2674560546875,8318.14798828125,8110.744493530122,8171.670489022258,-60.92599549213628,-57.88439045054891,41.609562334954084,8143.2674560546875,8278.997126070328,8007.537786039046,-1.0196830414798908
2016-12-23,7985.75,7985.75,8022.60009765625,7942.0498046875,7972.5,124100,8136.8399658203125,8303.6869921875,8091.514571448564,8157.898600946535,-66.38402949797091,-59.584318260033314,38.21104699093157,8136.8399658203125,8289.468480990203,7984.211450650422,0.08334150796909245
2016-12-26,7908.25,7908.25,7970.0498046875,7893.7998046875,7965.10009765625,106900,8125.907470703125,8290.385,8063.320021994939,8139.406111987533,-76.08608999259377,-62.88467260654541,32.45968726961419,8125.907470703125,8309.67942946332,7942.13551194293,-0.9704786651222541
2016-12-27,8032.85009765625,8032.85009765625,8044.64990234375,7903.7001953125,7915.0498046875,118800,8120.44248046875,8279.373994140626,8058.632341327449,8131.51307388892,-72.88073256147163,-64.88388459753065,45.40567666591673,8120.44248046875,8308.628372133966,7932.256588803533,1.5755710511965448
2016-12-28,8034.85009765625,8034.85009765625,8100.5498046875,8028.39990234375,8047.5498046875,126700,8110.959985351563,8269.66298828125,8054.973534608803,8124.352853427241,-69.37931881843815,-65.78297144171215,32.631541049448145,8110.959985351563,8296.157405479826,7925.762565223299,0.024897763255693484
2016-12-29,8103.60009765625,8103.60009765625,8111.10009765625,8020.7998046875,8030.60009765625,178500,8106.494970703125,8258.176982421875,8062.45454430841,8122.815612259019,-60.36106795060914,-64.69859074349155,38.093809711809996,8106.494970703125,8287.635864873833,7925.354076532415,0.8556475748073389
2016-12-30,8185.7998046875,8185.7998046875,8197.0,8114.75,8119.64990234375,127600,8111.444970703125,8248.710986328126,8081.430738212885,8127.481107994462,-46.05036978157659,-60.968946551108566,51.14434035781497,8111.444970703125,8295.703609834152,7927.186331572098,1.014360358861044
2017-01-02,8179.5,8179.5,8212.0,8133.7998046875,8210.099609375,118300,8113.982470703125,8238.312978515625,8096.518316949365,8131.334359254131,-34.8160423047666,-55.73836570184017,46.536772654296115,8113.982470703125,8300.626891318265,7927.338050087984,-0.07696016073948098
2017-01-03,8192.25,8192.25,8219.099609375,8148.60009765625,8196.0498046875,127300,8116.437475585937,8228.296982421874,8111.246268187924,8135.84662893901,-24.600360751085645,-49.51076471168927,50.83888129098272,8116.437475585937,8305.966637286772,7926.908313885102,0.15587749862460143
2017-01-04,8190.5,8190.5,8218.5,8180.89990234375,8202.650390625,132400,8120.8599853515625,8217.927978515625,8123.439150005166,8139.89502679538,-16.45587679021355,-42.89978712739413,53.31238192919477,8120.8599853515625,8313.084235143042,7928.635735560083,-0.021361652781592966
2017-01-05,8273.7998046875,8273.7998046875,8282.650390625,8223.7001953125,8226.650390625,159100,8122.207495117187,8209.577978515625,8146.571558417832,8149.813899231834,-3.2423408140011816,-34.96829786471554,60.72823884824316,8122.207495117187,8318.485578089754,7925.92941214462,1.017029542610337
2017-01-06,8243.7998046875,8243.7998046875,8306.849609375,8233.25,8281.849609375,139400,8121.309985351562,8202.148974609376,8161.529750151627,8156.775818154475,4.753931997151994,-27.023851892342034,61.226943122503265,8121.309985351562,8315.049162388585,7927.570808314539,-0.36259035398709116
2017-01-09,8236.0498046875,8236.0498046875,8263.0,8227.75,8259.349609375,99100,8124.572485351562,8194.564970703124,8172.994373926376,8162.647965305069,10.346408621307091,-19.54979978961221,62.65964611325631,8124.572485351562,8323.936596683201,7925.208374019923,-0.09401004613908137
2017-01-10,8288.599609375,8288.599609375,8293.7998046875,8261.0,8262.7001953125,142900,8127.9124755859375,8187.576962890625,8190.779794764626,8171.977716717657,18.802078046968745,-11.879424222296018,67.80512470586795,8127.9124755859375,8336.174642000413,7919.650309171462,0.6380462228092743
2017-01-11,8380.650390625,8380.650390625,8389.0,8322.25,8327.7998046875,186500,8137.822485351562,8182.664970703125,8219.990655666223,8187.434951821904,32.55570384431849,-2.992398608973117,80.97665304867897,8137.822485351562,8374.00274312206,7901.642227581063,1.110570972035907
2017-01-12,8407.2001953125,8407.2001953125,8417.2001953125,8382.2998046875,8391.0498046875,172600,8150.502490234375,8180.528974609375,8248.79212330411,8203.713858747135,45.07826455697614,6.6217340242167335,81.54332149753758,8150.502490234375,8415.697576066339,7885.307404402411,0.3167988574872327
2017-01-13,8400.349609375,8400.349609375,8461.0498046875,8373.150390625,8457.650390625,185300,8163.5474609375,8178.836962890625,8272.108659622709,8218.279469904754,53.82918971795516,16.06322516296442,91.1867498831199,8163.5474609375,8451.172239852001,7875.922682022998,-0.08148474852923693
2017-01-16,8412.7998046875,8412.7998046875,8426.7001953125,8374.400390625,8390.9501953125,124100,8178.969946289062,8178.417958984375,8293.753451171138,8232.688383592364,61.06506757877469,25.063593646126478,89.14985313843023,8178.969946289062,8485.675155629513,7872.264736948611,0.14821044232022906
2017-01-17,8398.0,8398.0,8440.900390625,8378.2998046875,8415.0498046875,122000,8194.749951171874,8176.436962890625,8309.791381760195,8244.933688511448,64.85769324874673,33.02241356665053,86.45715176464475,8194.749951171874,8512.80046876888,7876.699433574869,-0.17592008642893786
2017-01-18,8417.0,8417.0,8460.2998046875,8397.400390625,8403.849609375,163800,8212.5349609375,8173.905966796875,8326.285015335548,8257.679341214303,68.6056741212451,40.13906567756945,84.95423795826031,8212.5349609375,8538.838544782464,7886.2313770925375,0.2262443438914019
2017-01-19,8435.099609375,8435.099609375,8445.150390625,8404.0498046875,8418.400390625,165900,8235.334936523437,8173.967958984375,8343.02572211085,8270.821583300281,72.20413881056811,46.55208030416918,82.44399765137092,8235.334936523437,8556.64739194647,7914.022481100405,0.21503634757038537
2017-01-20,8349.349609375,8349.349609375,8423.650390625,8340.9501953125,8404.349609375,202600,8253.514916992188,8170.439951171875,8343.998627843795,8276.638474120631,67.36015372316433,50.71369498796821,68.31656058199832,8253.514916992188,8555.959176436556,7951.07065754782,-1.0165855054597661
2017-01-23,8391.5,8391.5,8404.150390625,8327.2001953125,8329.599609375,195000,8277.677416992188,8172.343955078125,8351.306531252441,8285.146735296881,66.15979595556018,53.80291518148661,70.20582945785566,8277.677416992188,8538.304195896062,8017.0506380883135,0.5048344194100052
2017-01-24,8475.7998046875,8475.7998046875,8480.9501953125,8398.150390625,8407.0498046875,179200,8299.82490234375,8179.690947265625,8370.459342550143,8299.269184881372,71.19015766877055,57.2803636789434,74.78279310842106,8299.82490234375,8547.828235090246,8051.821569597253,1.0045856484240057
2017-01-25,8602.75,8602.75,8612.599609375,8493.9501953125,8499.4501953125,292500,8328.219897460938,8189.5139453125,8406.196366773198,8321.74924526053,84.44712151266867,62.71371524568846,76.56032915269046,8328.219897460938,8578.5158505877,8077.923944334175,1.4977960574563243
2017-01-27,8641.25,8641.25,8672.7001953125,8606.900390625,8610.5,275400,8355.102392578125,8200.73994140625,8442.358464192706,8345.415967833824,96.94249635888264,69.5594714683273,81.6566767835947,8355.102392578125,8618.943941709043,8091.260843447206,0.44753131266164203
2017-01-30,8632.75,8632.75,8662.599609375,8617.75,8635.5498046875,304700,8377.44990234375,8211.912939453125,8471.64946970152,8366.699970216503,104.94949948501744,76.63747707166533,81.55923459993629,8377.44990234375,8656.20477608474,8098.695028602758,-0.09836539852451365
2017-01-31,8561.2998046875,8561.2998046875,8631.75,8552.400390625,8629.4501953125,521000,8396.539892578125,8224.55693359375,8485.441828930132,8381.11477276991,104.32705616022213,82.1753928893767,71.0611383551126,8396.539892578125,8670.467811054623,8122.6119741016255,-0.8276643631809133
2017-02-01,8716.400390625,8716.400390625,8722.400390625,8537.5,8570.349609375,327700,8422.747412109375,8238.8389453125,8520.973915344726,8405.95074446288,115.02317088184645,88.74494848787066,73.62935084714543,8422.747412109375,8714.119156170103,8131.375668048646,1.811647640847469
2017-02-02,8734.25,8734.25,8757.599609375,8685.7998046875,8724.75,283500,8449.934912109375,8252.85794921875,8553.785620676306,8430.269207836,123.51641284030666,95.69924135835785,73.30241179638543,8449.934912109375,8751.361307622356,8148.508516596394,0.2047818890261066
2017-02-03,8740.9501953125,8740.9501953125,8748.25,8707.75,8735.150390625,191000,8473.292431640624,8268.366953125,8582.580170620337,8453.28261431574,129.29755630459658,102.4189043476056,74.27311156549129,8473.292431640624,8789.297007290364,8157.287855990884,0.07671174184962215
2017-02-06,8801.0498046875,8801.0498046875,8814.099609375,8770.2001953125,8785.4501953125,194400,8501.154931640625,8282.101953125,8616.190883553747,8479.04314693587,137.14773661787694,109.36467080165988,75.90924257590925,8501.154931640625,8829.968232637983,8172.341630643267,0.6875638006406781
2017-02-07,8768.2998046875,8768.2998046875,8809.2998046875,8741.0498046875,8805.7001953125,226300,8527.767431640625,8294.929951171875,8639.592256035863,8500.469566028583,139.12269000727974,115.31627464278387,74.13319280612718,8527.767431640625,8852.366792657309,8203.16807062394,-0.37211469911869743
2017-02-08,8769.0498046875,8769.0498046875,8791.25,8715.0,8774.5498046875,218700,8551.78994140625,8307.46794921875,8659.508801982269,8520.364398521837,139.14440346043193,120.08190040631348,73.50288489748019,8551.78994140625,8872.957828768718,8230.622054043783,0.00855353964515082
2017-02-09,8778.400390625,8778.400390625,8821.400390625,8724.099609375,8795.5498046875,187500,8571.67744140625,8318.54595703125,8677.799815619612,8539.478175714663,138.32163990494882,123.72984830604055,73.1896945245565,8571.67744140625,8897.451064171199,8245.9038186413,0.10663168924529565
2017-02-10,8793.5498046875,8793.5498046875,8822.099609375,8771.2001953125,8812.349609375,225900,8590.994921875,8330.5589453125,8695.60750624544,8558.298296379317,137.30920986612364,126.44572061805718,83.16904171242476,8590.994921875,8921.48783387698,8260.502009873022,0.17257602055471555
2017-02-13,8805.0498046875,8805.0498046875,8826.900390625,8754.2001953125,8819.7998046875,204900,8611.229931640624,8344.9239453125,8712.444782928833,8576.576185883627,135.86859704520612,128.33029590348696,82.36166196687988,8611.229931640624,8942.131786535203,8280.328076746046,0.1307776751758416
2017-02-14,8792.2998046875,8792.2998046875,8820.4501953125,8772.5,8819.900390625,188300,8630.204931640625,8358.19494140625,8724.730170891704,8592.555713202433,132.17445768927064,129.09912826064368,77.89035795792901,8630.204931640625,8956.690830300491,8303.719032980758,-0.14480326951941125
2017-02-15,8724.7001953125,8724.7001953125,8807.900390625,8712.849609375,8778.9501953125,216100,8646.53994140625,8369.825947265625,8724.725559264134,8602.344193358735,122.38136590539943,127.75557578959484,62.0017953148817,8646.53994140625,8956.375389519257,8336.704493293244,-0.7688501401983627
2017-02-16,8778.0,8778.0,8783.9501953125,8719.599609375,8739.0,184600,8664.58994140625,8383.344951171875,8732.921627069652,8615.355734591421,117.56589247823104,125.71763912732209,63.077374215069916,8664.58994140625,8959.839215433529,8369.34066737897,0.6109070053333943
2017-02-17,8821.7001953125,8821.7001953125,8896.4501953125,8804.25,8883.7001953125,298300,8683.919970703126,8394.841962890625,8746.579868337783,8630.64050945965,115.93935887813313,123.7619830774843,66.92951002987175,8683.919970703126,8966.245819902453,8401.594121503798,0.4978377228582742
2017-02-20,8879.2001953125,8879.2001953125,8886.25,8809.7998046875,8818.5498046875,167800,8710.4125,8407.190966796876,8766.982995564664,8649.052338041343,117.9306575233204,122.59571796665153,79.2134367630008,8710.4125,8957.829646843315,8462.995353156686,0.6518017924770803
2017-02-21,8907.849609375,8907.849609375,8920.7998046875,8860.9501953125,8890.75,175700,8736.22998046875,8421.931962890625,8788.654782304715,8668.22250628828,120.43227601643412,122.16302957660807,72.9199012327204,8736.22998046875,8948.841707218375,8523.618253719125,0.3226575978951818
2017-02-22,8926.900390625,8926.900390625,8960.75,8905.25,8931.599609375,247100,8758.785009765625,8436.033974609374,8809.923337430911,8687.383831053963,122.53950637694834,122.23832493667614,72.99756121444992,8758.785009765625,8949.669122908683,8567.900896622567,0.21386509747480797
2017-02-23,8939.5,8939.5,8982.150390625,8927.5498046875,8956.400390625,377200,8775.622509765624,8451.174970703125,8829.858208595386,8706.059102827743,123.79910576764269,122.55048110286945,73.37260284680981,8775.622509765624,8967.957465609412,8583.287553921837,0.14114204061503877
2017-02-27,8896.7001953125,8896.7001953125,8951.7998046875,8888.650390625,8943.7001953125,189900,8788.39501953125,8466.03697265625,8840.14159116725,8720.180665234022,119.96092593322828,122.03257006894123,61.73770696118189,8788.39501953125,8977.05042068691,8599.73961837559,-0.47877179582190843
2017-02-28,8879.599609375,8879.599609375,8914.75,8867.599609375,8898.9501953125,293600,8800.7375,8480.8399609375,8846.212055506903,8731.989475911132,114.2225795957711,120.4705719743072,64.20365750006854,8800.7375,8978.503019983318,8622.97198001668,-0.19221268068030373
2017-03-01,8945.7998046875,8945.7998046875,8960.7998046875,8898.599609375,8904.400390625,205900,8819.9625,8497.668955078125,8861.533247688534,8747.827278042716,113.70596964581819,119.11765150860941,69.32750136686714,8819.9625,8969.645255928135,8670.279744071864,0.7455313102474381
2017-03-02,8899.75,8899.75,8992.5,8879.7998046875,8982.849609375,218800,8829.12998046875,8514.01595703125,8867.412748044144,8759.080813002514,108.33193504162955,116.96050821521345,62.283611833832865,8829.12998046875,8974.503174226491,8683.756786711008,-0.5147645341154417
2017-03-03,8897.5498046875,8897.5498046875,8907.099609375,8860.099609375,8883.5,202600,8837.294970703126,8530.74095703125,8872.049218296968,8769.33777534955,102.71144294741862,114.11069516165449,60.810810810810814,8837.294970703126,8978.514625137084,8696.075316269167,-0.02472199008398679
2017-03-06,8963.4501953125,8963.4501953125,8967.7998046875,8914.0,8915.099609375,174800,8848.419970703126,8550.427958984375,8886.110907068589,8783.716473124583,102.39443394400587,111.76744291812477,64.79270405836753,8848.419970703126,8992.705301134323,8704.134640271928,0.740657732427441
2017-03-07,8946.900390625,8946.900390625,8977.849609375,8932.7998046875,8977.75,173400,8855.7125,8569.650966796875,8895.463135308037,8795.804170717207,99.65896459082978,109.34574725266577,64.33610255351441,8855.7125,9004.587268674539,8706.83773132546,-0.18463654426456033
2017-03-08,8924.2998046875,8924.2998046875,8957.0498046875,8891.9501953125,8950.7001953125,177800,8863.5125,8589.971962890624,8899.8995459818,8805.322365826118,94.57718015568207,106.39203383326904,70.19416593223755,8863.5125,9009.420905742501,8717.6040942575,-0.25260799775062015
2017-03-09,8927.0,8927.0,8945.7998046875,8899.5,8914.5,171500,8871.410009765625,8607.8549609375,8904.068846599985,8814.335523913072,89.73332268691229,103.0602916039977,66.7943502227858,8871.410009765625,9012.819491510994,8730.000528020255,0.030256662949423863
2017-03-10,8934.5498046875,8934.5498046875,8975.7001953125,8903.9501953125,8953.7001953125,152700,8879.21748046875,8625.848955078125,8908.758224767294,8823.240285451919,85.51793931537577,99.55182114627331,63.84823718332814,8879.21748046875,9016.177528219974,8742.257432717524,0.08457269729471584
2017-03-14,9087.0,9087.0,9122.75,9060.5,9091.650390625,270300,8893.889990234375,8645.516953125,8936.180036341557,8842.77804208511,93.40199425644641,98.32185576830794,70.6806567675947,8893.889990234375,9053.250378644534,8734.529601824215,1.7062996865551794
2017-03-15,9084.7998046875,9084.7998046875,9106.5498046875,9075.5,9086.849609375,240600,8907.877490234376,8663.496953125,8959.044616087087,8860.705580055657,98.33903603142971,98.3252918209323,68.58907412156964,8907.877490234376,9082.758327368301,8732.99665310045,-0.02421255983823256
2017-03-16,9153.7001953125,9153.7001953125,9158.4501953125,9128.5498046875,9129.650390625,208600,8925.947509765625,8682.98095703125,8988.991628275613,8882.408884889499,106.58274338611409,99.97678213396867,71.56704511896824,8925.947509765625,9123.730377419448,8728.164642111802,0.7584139673551205
2017-03-17,9160.0498046875,9160.0498046875,9218.400390625,9147.599609375,9207.7998046875,286700,8947.714990234375,8702.336953125,9015.308270800519,8902.97487894861,112.33339185190925,102.44810407755679,71.2250080353971,8947.714990234375,9148.050359997678,8747.379620471072,0.06936658662091144
2017-03-20,9126.849609375,9126.849609375,9167.599609375,9116.2998046875,9166.9501953125,332100,8965.157470703125,8721.0639453125,9032.468476735054,8919.558192313527,112.91028442152674,104.54054014635078,72.56578531610081,8965.157470703125,9164.01683288909,8766.29810851716,-0.36244557639315556
2017-03-21,9121.5,9121.5,9147.75,9087.2001953125,9133.9501953125,247700,8980.1474609375,8738.01794921875,9046.16563416043,8934.516844734746,111.6487894256843,105.96219000221748,74.27738073302781,8980.1474609375,9178.672532201985,8781.622389673015,-0.05861397529225432
2017-03-22,9030.4501953125,9030.4501953125,9072.900390625,9019.2998046875,9047.2001953125,232300,8987.7099609375,8753.75095703125,9043.747874337672,8941.623018851617,102.12485548605582,105.19472309898516,58.09198587015781,8987.7099609375,9181.510811050315,8793.909110824685,-0.9981889457600146
2017-03-23,9086.2998046875,9086.2998046875,9099.0498046875,9048.599609375,9048.75,191800,8996.632470703125,8770.75595703125,9050.294325160723,8952.339817802422,97.95450735830127,103.7466799508484,67.50488876344983,8996.632470703125,9191.381547087529,8801.883394318722,0.6184587497530369
2017-03-24,9108.0,9108.0,9133.5498046875,9089.400390625,9104.0,203700,9005.687451171874,8787.14396484375,9059.172121289843,8963.870201668908,95.30191962093522,102.05772788486578,69.05041840005516,9005.687451171874,9203.599990727595,8807.774911616154,0.2388232369495924
2017-03-27,9045.2001953125,9045.2001953125,9094.849609375,9024.650390625,9093.4501953125,202700,9010.9724609375,8800.4349609375,9057.022594216405,8969.894645642507,87.12794857389781,99.07177202267219,57.44196631770596,9010.9724609375,9207.08004415654,8814.86487771846,-0.6895015885759803
2017-03-28,9100.7998046875,9100.7998046875,9110.400390625,9079.7998046875,9081.5,183300,9021.17744140625,8814.306953125,9063.757549673497,8979.591324090285,84.16622558321251,96.09066273478027,63.08001573655545,9021.17744140625,9213.451556804479,8828.90332600802,0.6146863328001739
2017-03-29,9143.7998046875,9143.7998046875,9153.150390625,9109.099609375,9128.7001953125,243400,9034.387451171875,8829.17595703125,9076.071742752574,8991.754915245634,84.31682750694017,93.73589568921226,68.03025149685227,9034.387451171875,9221.95145719686,8846.82344514689,0.4724859454424246
2017-03-30,9173.75,9173.75,9183.150390625,9136.349609375,9142.599609375,323400,9045.7849609375,8844.3949609375,9091.099166944487,9005.236032634846,85.86313430964037,92.16134341329789,69.40013390416638,9045.7849609375,9238.320563671532,8853.24935820347,0.3275464899958447
2017-03-31,9173.75,9173.75,9191.7001953125,9152.099609375,9158.900390625,190900,9059.4849609375,8859.9099609375,9103.814679722258,9017.718548735967,86.09613098629052,90.94830092789643,69.03249668599383,9059.4849609375,9247.201064291245,8871.768857583755,0.0
2017-04-03,9237.849609375,9237.849609375,9245.349609375,9192.400390625,9220.599609375,139100,9076.499951171874,8876.326953125,9124.435438130373,9034.024553227748,90.41088490262518,90.84081772284217,63.96629355707854,9076.499951171874,9264.104293258304,8888.895609085444,0.6987285393105225
2017-04-05,9265.150390625,9265.150390625,9273.900390625,9215.400390625,9264.400390625,184800,9091.5849609375,8892.92796875,9146.083892360315,9051.144985627545,94.93890673277019,91.66043552482779,65.95600928266688,9091.5849609375,9289.168088903214,8894.001832971786,0.2955317785461098
2017-04-06,9261.9501953125,9261.9501953125,9267.9501953125,9218.849609375,9245.7998046875,186100,9107.337451171876,8911.17998046875,9163.909477429881,9066.760186344949,97.14929108493197,92.75820663684863,60.83693756403539,9107.337451171876,9306.579994924512,8908.09490741924,-0.034540133484917135
2017-04-07,9198.2998046875,9198.2998046875,9250.5,9188.099609375,9223.7001953125,190000,9121.037451171875,8927.3159765625,9169.200297007977,9076.503861777732,92.6964352302457,92.74585235552804,53.43511450381679,9121.037451171875,9304.329641329909,8937.74526101384,-0.6872244968150865
2017-04-10,9181.4501953125,9181.4501953125,9225.650390625,9174.849609375,9225.599609375,135800,9133.7599609375,8941.428984375,9171.084896747136,9084.277664261788,86.80723248534741,91.55812838149191,55.051873162392546,9133.7599609375,9294.248065250891,8973.271856624107,-0.18318178068531532
2017-04-11,9237.0,9237.0,9242.7001953125,9172.849609375,9184.5498046875,200100,9148.882470703125,8954.113984375,9181.225681862961,9095.590429872027,85.6352519909342,90.37355310338037,59.77819813682467,9148.882470703125,9285.567327989591,9012.19761341666,0.6050221207523521
2017-04-12,9203.4501953125,9203.4501953125,9246.400390625,9161.7998046875,9242.5,161800,9154.70498046875,8965.35798828125,9184.644837778274,9103.580042126878,81.06479565139671,88.51180161298365,66.22586069823079,9154.70498046875,9290.20656522822,9019.20339570928,-0.3632110499891761
2017-04-13,9150.7998046875,9150.7998046875,9202.650390625,9144.9501953125,9202.5,166500,9158.00498046875,8975.718984375,9179.437909610464,9107.077802316555,72.3601072939091,85.28146274916874,56.08604948601042,9158.00498046875,9289.49357856594,9026.51638237156,-0.5720723153564311
2017-04-17,9139.2998046875,9139.2998046875,9160.0,9120.25,9144.75,0,9157.2849609375,8987.278984375,9173.262816545392,9109.464617306996,63.79819923839568,80.98481004701414,53.011332780881396,9157.2849609375,9289.030271972559,9025.539649902443,-0.12567207506942735
2017-04-18,9105.150390625,9105.150390625,9217.900390625,9095.4501953125,9163.0,174200,9154.539990234374,8995.053984375,9162.783981788409,9109.145044960182,53.63893682822709,75.51563540325674,56.104288683166445,9154.539990234374,9288.314820634823,9020.765159833925,-0.3736545992832463
2017-04-19,9103.5,9103.5,9120.5,9075.150390625,9112.2001953125,173700,9153.372509765624,9002.438984375,9153.663369205577,9108.726893481651,44.93647572392547,69.39980346739048,50.30887573700097,9153.372509765624,9288.564897537364,9018.180121993884,-0.018125901870869043
2017-04-20,9136.400390625,9136.400390625,9143.900390625,9102.650390625,9108.099609375,170300,9154.117529296875,9010.34798828125,9151.007526347026,9110.776782158935,40.230744188091194,63.56599161153063,49.13356005388234,9154.117529296875,9288.733363195137,9019.501695398612,0.3614037526775471
2017-04-21,9119.400390625,9119.400390625,9183.650390625,9088.75,9179.099609375,155200,9158.5650390625,9016.715,9146.1448900821,9111.415567971235,34.729322110864814,57.79865771139747,43.4368425521477,9158.5650390625,9281.333817329909,9035.79626079509,-0.18606890321317682
2017-04-24,9217.9501953125,9217.9501953125,9225.400390625,9130.5498046875,9135.349609375,167700,9165.14755859375,9025.7080078125,9157.191860117546,9119.307021848366,37.884838269179454,53.81589382295387,54.31136800513618,9165.14755859375,9285.699414894174,9044.595702293325,1.080661013511497
2017-04-25,9306.599609375,9306.599609375,9309.2001953125,9250.349609375,9273.0498046875,168700,9175.0775390625,9036.45900390625,9180.177667695616,9133.180546850339,46.997120845277095,52.45213922741852,56.39951131004542,9175.0775390625,9307.90216562171,9042.25291250329,0.961704198701141
2017-04-26,9351.849609375,9351.849609375,9367.0,9301.349609375,9336.2001953125,185700,9190.410009765625,9047.92798828125,9206.588735646292,9149.3782551855,57.21048046079159,53.403807474093135,57.809338836287125,9190.410009765625,9330.69532731044,9050.12469222081,0.48621410503593143
2017-04-27,9342.150390625,9342.150390625,9367.150390625,9322.650390625,9359.150390625,209400,9202.4775390625,9058.9,9227.444374873785,9163.657672625463,63.7867022483224,55.48038642893899,57.14034816207221,9202.4775390625,9351.553646842292,9053.401431282708,-0.1037144431864756
2017-04-28,9304.0498046875,9304.0498046875,9342.650390625,9282.25,9340.9501953125,162200,9210.4900390625,9068.88,9239.229825614357,9174.057089815242,65.17273579911489,57.41885630297418,59.86384023726849,9210.4900390625,9363.462244025899,9057.517834099102,-0.40783528785550693
2017-05-02,9313.7998046875,9313.7998046875,9352.5498046875,9269.900390625,9339.849609375,161600,9217.492529296875,9079.31,9250.702130087147,9184.408402028,66.29372805914682,59.1938306542087,62.510615828846994,9217.492529296875,9376.101438184183,9058.883620409566,0.10479307618374012
2017-05-03,9311.9501953125,9311.9501953125,9346.2998046875,9298.400390625,9344.7001953125,151600,9224.4025390625,9091.055,9260.124909352586,9193.855942271297,66.26896708128879,60.60885793962472,57.885360265485815,9224.4025390625,9386.979555951899,9061.8255221731,-0.019858805361794296
2017-05-04,9359.900390625,9359.900390625,9365.650390625,9323.25,9360.9501953125,269600,9230.505078125,9102.6930078125,9275.474983394495,9206.155531038237,69.3194523562579,62.35097682295136,65.97573598776229,9230.505078125,9404.003226099943,9057.006930150055,0.5149318274558334
2017-05-05,9285.2998046875,9285.2998046875,9377.099609375,9272.0,9374.5498046875,231900,9231.512548828125,9111.965,9276.98649436265,9212.01806982707,64.9684245355802,62.87446636547713,63.14504522045209,9231.512548828125,9406.088425471447,9056.936672184802,-0.7970232889681239
2017-05-08,9314.0498046875,9314.0498046875,9338.7001953125,9297.9501953125,9311.4501953125,174300,9234.117529296875,9120.6619921875,9282.688542104936,9219.575976113028,63.112565991907104,62.922086290763126,66.52171022746158,9234.117529296875,9412.126830750427,9056.108227843322,0.30962920535411165
2017-05-09,9316.849609375,9316.849609375,9338.9501953125,9307.7001953125,9337.349609375,132300,9240.04501953125,9128.8419921875,9287.944090915715,9226.781430428731,61.16266048698344,62.57020113000719,71.2763033919598,9240.04501953125,9420.90478727073,9059.185251791769,0.030060014131461088
2017-05-10,9407.2998046875,9407.2998046875,9414.75,9336.0,9339.650390625,152700,9251.3375,9138.44998046875,9306.306508419066,9240.153161855307,66.15334656375853,63.286830216757465,75.90823007773527,9251.3375,9444.572628912061,9058.102371087938,0.9708238203339103
2017-05-11,9422.400390625,9422.400390625,9450.650390625,9411.2998046875,9448.599609375,171100,9260.60751953125,9148.10798828125,9324.167105681518,9253.652956578988,70.5141491025297,64.73229399391192,75.15391380826738,9260.60751953125,9468.201457617082,9053.013581445417,0.16051987553300506
2017-05-12,9400.900390625,9400.900390625,9437.75,9372.5498046875,9436.650390625,154300,9270.480029296876,9158.1919921875,9335.972226442052,9264.56017391573,71.41205252632244,66.06824570039403,74.56369982547993,9270.480029296876,9485.283834934953,9055.676223658798,-0.2281796475279485
2017-05-15,9445.400390625,9445.400390625,9449.25,9423.099609375,9433.5498046875,140800,9285.21005859375,9169.5080078125,9352.807328624045,9277.955745523825,74.85158310022052,67.82491318035933,71.91445319483256,9285.21005859375,9505.784670501509,9064.63544668599,0.4733589140501593
2017-05-16,9512.25,9512.25,9517.2001953125,9456.349609375,9461.0,166500,9303.857568359375,9180.83701171875,9377.336970374192,9295.310875485024,82.02609488916823,70.66514952212111,70.68291552245022,9303.857568359375,9535.285741882555,9072.429394836196,0.7077477566896029
2017-05-17,9525.75,9525.75,9532.599609375,9486.099609375,9517.599609375,205500,9324.887548828125,9193.35701171875,9400.169744162777,9312.38044026391,87.78930389886591,74.08998039747007,68.68287974484336,9324.887548828125,9556.727672866544,9093.047424789705,0.14192225814082526
2017-05-18,9429.4501953125,9429.4501953125,9489.099609375,9418.099609375,9453.2001953125,193300,9341.18505859375,9203.99501953125,9404.67442895504,9321.052273971214,83.62215498382648,75.99641531474136,57.907577014731565,9341.18505859375,9552.407305510511,9129.962811676989,-1.0109419697924005
2017-05-19,9427.900390625,9427.900390625,9505.75,9390.75,9469.900390625,252100,9355.76005859375,9213.2840234375,9408.247653827342,9328.966949278902,79.28070454844055,76.6532731614812,62.013826657143234,9355.76005859375,9546.743471838214,9164.776645349288,-0.01643579058586697
2017-05-22,9438.25,9438.25,9498.650390625,9427.900390625,9480.25,196800,9371.7025390625,9223.111015625,9412.863399392367,9337.061990073056,75.80140931931055,76.48290039304706,62.05796360952624,9371.7025390625,9530.05597371182,9213.34910441318,0.10977639714238041
2017-05-23,9386.150390625,9386.150390625,9448.0498046875,9370.0,9445.0498046875,224400,9380.112548828125,9232.34802734375,9408.75370573585,9340.698167891718,68.05553784413132,74.79742788326392,56.55131740275328,9380.112548828125,9520.985384864083,9239.239712792167,-0.552004973114717
2017-05-24,9360.5498046875,9360.5498046875,9431.900390625,9341.650390625,9410.900390625,211800,9382.81005859375,9241.0190234375,9401.33772095918,9342.16865950622,59.169061452959795,71.6717545972031,50.05969425768171,9382.81005859375,9519.767607294012,9245.852509893488,-0.27274851639997877
2017-05-25,9509.75,9509.75,9523.2998046875,9379.2001953125,9384.0498046875,289200,9390.705078125,9252.52302734375,9418.016533119306,9354.582092135388,63.43444098391774,70.02429187454604,68.14325973523631,9390.705078125,9537.965020749807,9243.445135500193,1.5939255537936958
2017-05-26,9595.099609375,9595.099609375,9604.900390625,9495.400390625,9507.75,218800,9403.3525390625,9262.68501953125,9445.260083312489,9372.398204523508,72.8618787889809,70.59180925743301,70.81389680814287,9403.3525390625,9574.556623001254,9232.148455123746,0.8974958266515953
2017-05-29,9604.900390625,9604.900390625,9637.75,9547.7001953125,9560.0498046875,235000,9418.395068359376,9273.08703125,9469.820130591337,9389.620588679174,80.19954191216311,72.51335578837904,71.11343665625421,9418.395068359376,9605.03371830789,9231.756418410861,0.102143611312
2017-05-30,9624.5498046875,9624.5498046875,9635.2998046875,9581.2001953125,9590.650390625,193900,9433.932568359374,9282.5040234375,9493.624695836901,9407.02275282794,86.60194300896183,75.33107323249561,67.76806565903435,9433.932568359374,9635.083341798652,9232.781794920096,0.20457696866569286
2017-05-31,9621.25,9621.25,9649.599609375,9609.25,9636.5498046875,414300,9449.39755859375,9291.72802734375,9513.25935801584,9422.891437803646,90.36792021219298,78.33844262843509,66.583270623418,9449.39755859375,9658.464438986048,9240.330678201452,-0.03428528870922376
2017-06-01,9616.099609375,9616.099609375,9634.650390625,9589.900390625,9603.5498046875,176100,9462.20751953125,9301.51302734375,9529.080935148018,9437.203154216339,91.87778093167981,81.04631028908403,68.44988914862122,9462.20751953125,9679.422179762205,9244.992859300295,-0.05353140834091219
2017-06-02,9653.5,9653.5,9673.5,9637.4501953125,9657.150390625,162200,9480.617529296875,9312.15302734375,9548.22232974063,9453.225142792908,94.9971869477231,83.83648562081186,68.06107884717744,9480.617529296875,9697.11276821993,9264.12229037382,0.388935141525959
2017-06-05,9675.099609375,9675.099609375,9687.2001953125,9640.7001953125,9656.2998046875,127700,9498.67001953125,9325.046015625,9567.741911222842,9469.660288465655,98.08162275718678,86.68551304808685,65.33858238746114,9498.67001953125,9716.88961910417,9280.45041995833,0.2237489964779682
2017-06-06,9637.150390625,9637.150390625,9709.2998046875,9630.2001953125,9704.25,145900,9514.68505859375,9336.06302734375,9578.420138823174,9482.06696269968,96.35317612349354,88.6190456631682,60.030670423090044,9514.68505859375,9723.532795567131,9305.837321620369,-0.3922359487981697
2017-06-07,9663.900390625,9663.900390625,9678.5498046875,9630.5498046875,9663.9501953125,160700,9527.515087890624,9347.18103515625,9591.570946792686,9495.536105508963,96.03484128372293,90.10220478727915,74.13285297553111,9527.515087890624,9740.080357820294,9314.949817960955,0.2775716774745085
2017-06-08,9647.25,9647.25,9688.7001953125,9641.5,9682.400390625,155400,9538.757568359375,9359.22203125,9600.136954978427,9506.774171767558,93.36278321086866,90.75432047199705,71.89775186694484,9538.757568359375,9751.698604755089,9325.816531963661,-0.17229472523487832
2017-06-09,9668.25,9668.25,9676.25,9608.150390625,9638.5498046875,159000,9552.125048828126,9370.57103515625,9610.615884981746,9518.73534422922,91.88054075252512,90.97956452810266,72.48289345063539,9552.125048828126,9762.174341979568,9342.075755676684,0.21767861307626646
2017-06-12,9616.400390625,9616.400390625,9647.0498046875,9598.5,9646.7001953125,141400,9560.675048828125,9380.023046875,9611.505808926862,9525.969792110389,85.53601681647342,89.89085498577681,72.51833740831296,9560.675048828125,9766.307561244801,9355.042536411449,-0.5362874292141773
2017-06-13,9606.900390625,9606.900390625,9654.150390625,9595.400390625,9615.5498046875,129700,9565.407568359375,9388.6860546875,9610.797283034268,9531.96465125962,78.83263177464869,87.67921034355119,74.8763887163163,9565.407568359375,9770.703929401408,9360.11120731734,-0.09878956380873216
2017-06-14,9618.150390625,9618.150390625,9627.400390625,9580.4501953125,9621.5498046875,181800,9570.027587890625,9397.5740625,9611.928530355919,9538.3487801015,73.5797502544192,84.85931832572479,65.17366009426638,9570.027587890625,9775.72461664598,9364.33055913527,0.11710332721861505
2017-06-15,9578.0498046875,9578.0498046875,9621.400390625,9560.7998046875,9617.900390625,171100,9577.457568359376,9404.37806640625,9606.716418714623,9541.2895967375,65.42682197712202,80.97281905600424,47.26722327094231,9577.457568359376,9772.218842877783,9382.696293840969,-0.41692616884621003
2017-06-16,9588.0498046875,9588.0498046875,9615.849609375,9565.5,9595.4501953125,213200,9585.4650390625,9410.8360546875,9603.84463194122,9544.75331584491,59.09131609631004,76.5965184640654,47.3008781727,9585.4650390625,9767.059866292613,9403.870211832385,0.10440538735876359
2017-06-19,9657.5498046875,9657.5498046875,9673.2998046875,9614.900390625,9626.400390625,141700,9596.430029296875,9418.748046875,9612.106966209878,9553.108611314732,58.998354895145894,73.07688575028149,54.55801104972376,9596.430029296875,9766.729184999405,9426.130873594344,0.7248606485755094
2017-06-20,9653.5,9653.5,9676.5,9643.75,9670.5,159500,9609.797509765625,9427.85205078125,9618.475125254512,9560.545010476604,57.930114777907875,70.04753155580677,54.44521019986217,9609.797509765625,9749.89088162969,9469.70413790156,-0.04193408027297618
2017-06-21,9633.599609375,9633.599609375,9650.4501953125,9608.599609375,9648.099609375,144000,9623.45,9436.8950390625,9620.801968965356,9565.956462246857,54.845506718498655,67.00712658834514,52.31788079470199,9623.45,9700.142877125183,9546.757122874818,-0.20614689620345183
2017-06-22,9630.0,9630.0,9698.849609375,9617.75,9642.650390625,198800,9629.4625,9444.7550390625,9622.217050662994,9570.70042800635,51.51662265664345,63.90902580200481,46.581313148533305,9629.4625,9684.389718893934,9574.535281106066,-0.037365154469337636
2017-06-23,9574.9501953125,9574.9501953125,9647.650390625,9565.2998046875,9643.25,175200,9628.455029296874,9452.1850390625,9614.945226762919,9571.015225584582,43.93000117833617,59.91322087727109,36.72284639345833,9628.455029296874,9686.676440079362,9570.233618514387,-0.5716490621754944
2017-06-27,9511.400390625,9511.400390625,9615.400390625,9473.4501953125,9594.0498046875,203300,9623.780029296875,9459.39705078125,9599.015251972469,9566.599311883872,32.41594008859647,54.41376471953617,34.38857852265673,9623.780029296875,9701.661295378522,9545.898763215228,-0.6637089842891464
2017-06-28,9491.25,9491.25,9522.5,9474.349609375,9520.2001953125,172400,9617.1150390625,9466.4360546875,9582.435982438243,9561.017881373955,21.41810106428784,47.81463198848651,28.208983922417403,9617.1150390625,9714.972356617543,9519.257721507458,-0.21185514012070916
2017-06-29,9504.099609375,9504.099609375,9575.7998046875,9493.7998046875,9522.9501953125,259300,9611.25751953125,9474.4150390625,9570.384232736205,9556.801713077737,13.5825196584683,40.968209522482866,31.757291557772433,9611.25751953125,9721.334466866803,9501.180572195695,0.13538374160411148
2017-06-30,9520.900390625,9520.900390625,9535.7998046875,9448.75,9478.5,179600,9606.49755859375,9482.763046875,9562.771333949866,9554.142355859016,8.628978090850069,34.5003632361563,31.019005399203962,9606.49755859375,9723.695778840241,9489.299338347259,0.17677404426008625
2017-07-03,9615.0,9615.0,9624.0,9543.5498046875,9587.9501953125,183000,9604.57255859375,9492.3350390625,9570.806513342193,9558.650329499089,12.156183843104372,30.03152735754592,49.8373153631475,9604.57255859375,9719.767777746383,9489.377339441118,0.9883477981521338
2017-07-04,9613.2998046875,9613.2998046875,9650.650390625,9595.5,9645.900390625,144800,9601.482568359375,9502.21302734375,9577.343942779933,9562.698438772306,14.645504007627096,26.954322687562154,50.757146851595515,9601.482568359375,9711.929838072569,9491.035298646182,-0.0176827385595435
2017-07-05,9637.599609375,9637.599609375,9643.650390625,9607.349609375,9619.75,130800,9601.505029296875,9510.606015625,9586.61404533302,9568.246673631766,18.36737170125525,25.236932490300777,52.232204901973965,9601.505029296875,9711.983018631638,9491.027039962113,0.25277277502206985
2017-07-06,9674.5498046875,9674.5498046875,9700.7001953125,9639.9501953125,9653.599609375,147400,9602.0375,9517.96501953125,9600.142623695248,9576.120979635894,24.021644059354003,24.993874804111424,61.15606936416185,9602.0375,9713.875984762159,9490.199015237842,0.3833962481337938
2017-07-07,9665.7998046875,9665.7998046875,9684.25,9642.650390625,9670.349609375,141800,9602.964990234375,9524.2440234375,9610.243728463287,9582.763855565643,27.479872897643872,25.491074422817913,59.01449275362319,9602.964990234375,9716.67424855402,9489.25573191473,-0.09044348498532528
2017-07-10,9771.0498046875,9771.0498046875,9782.150390625,9646.4501953125,9719.2998046875,37500,9608.10498046875,9532.82201171875,9634.983124805472,9596.710962908002,38.27216189747014,28.04729191774836,62.15203426124197,9608.10498046875,9741.78055839694,9474.42940254056,1.0888907501369838
2017-07-11,9786.0498046875,9786.0498046875,9830.0498046875,9778.849609375,9797.4501953125,179700,9616.587451171876,9542.46201171875,9658.22415247963,9610.736062299076,47.48809018055363,31.935451570309414,63.86648713479806,9616.587451171876,9772.20845576861,9460.966446575141,0.1535147225716127
2017-07-12,9816.099609375,9816.099609375,9824.9501953125,9787.7001953125,9807.2998046875,145500,9627.047412109376,9552.5080078125,9682.512684309686,9625.948176897293,56.56450741239314,36.86126273872616,68.69495452308259,9627.047412109376,9806.260932254367,9447.833891964385,0.3070677677637246
2017-07-13,9891.7001953125,9891.7001953125,9897.25,9853.4501953125,9855.7998046875,181300,9640.72490234375,9564.1030078125,9714.695378310118,9645.633511594715,69.06186671540308,43.30138353406155,73.36189265669705,9640.72490234375,9855.337660804309,9426.112143883192,0.7701693029408263
2017-07-14,9886.349609375,9886.349609375,9913.2998046875,9845.4501953125,9913.2998046875,159600,9656.139892578125,9574.6319921875,9741.10372155087,9663.464333652513,77.63938789835629,50.1689844069205,80.50534678016497,9656.139892578125,9894.74523147202,9417.53455368423,-0.05409167111671831
2017-07-17,9915.9501953125,9915.9501953125,9928.2001953125,9894.7001953125,9908.150390625,163500,9672.534912109375,9587.245,9768.00317905266,9682.166990071772,85.83618898088753,57.30242532171391,92.45440030170921,9672.534912109375,9935.280981972535,9409.788842246215,0.29940865038224906
2017-07-18,9827.150390625,9827.150390625,9885.349609375,9792.0498046875,9832.7001953125,293900,9681.01494140625,9597.50701171875,9777.102750063788,9692.906501223863,84.19624883992583,62.6811900253563,80.81080790563685,9681.01494140625,9952.52602934508,9409.503853467422,-0.8955249163058343
2017-07-19,9899.599609375,9899.599609375,9905.0498046875,9851.650390625,9855.9501953125,200200,9693.319921875,9609.16201171875,9795.94842072705,9708.21710182765,87.73131889940123,67.6912158001653,82.70210298862752,9693.319921875,9981.382678500187,9405.257165249812,0.7372352703497453
2017-07-20,9873.2998046875,9873.2998046875,9922.5498046875,9863.4501953125,9920.2001953125,161100,9705.304931640625,9618.48201171875,9807.848633644044,9720.445450187639,87.4031834564048,71.6336093314132,78.68766704667051,9705.304931640625,10002.700345948648,9407.909517332602,-0.2656653372384299
2017-07-21,9915.25,9915.25,9924.7001953125,9838.0,9899.599609375,187500,9719.567431640626,9628.33900390625,9824.371920775728,9734.875416840407,89.49650393532102,75.20618825219476,76.71021996733502,9719.567431640626,10028.877997770616,9410.256865510635,0.42488525763781926
2017-07-24,9966.400390625,9966.400390625,9982.0498046875,9919.599609375,9936.7998046875,174500,9739.13994140625,9639.64900390625,9846.222454598692,9752.025414898524,94.1970397001678,79.00435854178937,78.87162894836445,9739.13994140625,10059.27069654945,9419.00918626305,0.5158759549683589
2017-07-25,9964.5498046875,9964.5498046875,10011.2998046875,9949.099609375,10010.5498046875,185500,9761.797412109376,9650.0319921875,9864.426662304662,9767.7679622903,96.6587000143627,82.53522683630403,77.75224680821435,9761.797412109376,10078.18313962924,9445.411684589511,-0.018568247962835738
2017-07-26,10020.650390625,10020.650390625,10025.9501953125,9965.9501953125,9983.650390625,197600,9788.267431640625,9660.2,9888.461082046253,9786.499994018795,101.96108802745766,86.42039907453477,78.45275923692877,9788.267431640625,10097.858123855676,9478.676739425573,0.5630017114381713
2017-07-27,10020.5498046875,10020.5498046875,10114.849609375,10005.5,10063.25,287900,9814.08994140625,9670.09599609375,9908.78242399106,9803.837017031292,104.94540695976866,90.12540065158156,79.58455358975277,9814.08994140625,10109.72061204628,9518.45927076622,-0.0010037865166290239
2017-07-28,10014.5,10014.5,10026.0498046875,9944.5,9996.5498046875,191600,9838.769921875,9681.7969921875,9925.046666453974,9819.44168243638,105.60498401759469,93.22131732478418,74.32786648476367,9838.769921875,10112.980806506393,9564.559037243607,-0.06037397952625145
2017-07-31,10077.099609375,10077.099609375,10085.900390625,10016.9501953125,10034.7001953125,237700,9861.87490234375,9694.7809765625,9948.439426903364,9838.527454802203,109.91197210116115,96.55944828005957,76.55795816454376,9861.87490234375,10134.56574464178,9589.18406004572,0.6250897136651945
2017-08-01,10114.650390625,10114.650390625,10128.599609375,10065.75,10101.0498046875,184300,9886.942431640626,9708.308984375,9974.010344399001,9858.981005603891,115.02933879510965,100.25342638306958,76.87452530310276,9886.942431640626,10155.564510639808,9618.320352641444,0.37263481265050746
2017-08-02,10081.5,10081.5,10137.849609375,10054.2001953125,10136.2998046875,161500,9909.137451171875,9722.2159765625,9990.547214491462,9875.463894077677,115.08332041378526,103.21940518921272,68.49890065960423,9909.137451171875,10164.017434424435,9654.257467919315,-0.32774628232060676
2017-08-03,10013.650390625,10013.650390625,10081.150390625,9998.25,10081.150390625,192700,9926.09248046875,9735.27798828125,9994.101549281237,9885.69993085896,108.40161842227644,104.25584783582548,61.05997821195492,9926.09248046875,10159.475025303489,9692.70993563401,-0.6730110536626532
2017-08-04,10066.400390625,10066.400390625,10075.25,9988.349609375,10008.599609375,178600,9946.122509765624,9746.41099609375,10005.224447949508,9899.08515010089,106.1392978486183,104.63253783838405,62.565760604483714,9946.122509765624,10152.663036806322,9739.581982724927,0.5267809234621001
2017-08-07,10057.400390625,10057.400390625,10088.099609375,10046.349609375,10074.7998046875,137400,9960.4400390625,9755.65701171875,10013.25151605343,9910.812204954527,102.43931109890218,104.19389249048768,72.1884269646003,9960.4400390625,10155.247734266351,9765.632343858648,-0.0894063384204502
2017-08-08,9978.5498046875,9978.5498046875,10083.7998046875,9947.0,10068.349609375,203300,9970.0650390625,9763.13,10007.912791227902,9915.829804934747,92.08298629315505,101.77171125102117,57.51544549779776,9970.0650390625,10146.775255781491,9793.354822343508,-0.7840056363968673
2017-08-09,9908.0498046875,9908.0498046875,9969.7998046875,9893.0498046875,9961.150390625,169200,9974.662548828124,9768.8,9992.549254837071,9915.253508620135,77.2957462169361,96.87651824420416,53.05117300041157,9974.662548828124,10138.847086933381,9810.478010722867,-0.7065154895241621
2017-08-10,9820.25,9820.25,9892.650390625,9776.2001953125,9872.849609375,235500,9971.0900390625,9772.78,9966.04167716983,9908.216211685309,57.825465484520464,89.06630769226743,42.2802228323837,9971.0900390625,10145.656508827917,9796.523569297082,-0.8861461782919355
2017-08-11,9710.7998046875,9710.7998046875,9771.650390625,9685.5498046875,9712.150390625,285900,9962.312548828126,9774.67400390625,9926.773696787932,9893.592774129915,33.18092265801715,77.88923068541737,31.027343936883213,9962.312548828126,10169.43726474448,9755.187832911772,-1.1145357329243155
2017-08-14,9794.150390625,9794.150390625,9818.2998046875,9752.099609375,9755.75,195600,9956.22255859375,9777.48701171875,9906.370111224403,9886.226671648068,20.143439576335368,66.34007246360098,38.71680300042032,9956.22255859375,10175.870775780484,9736.574341407017,0.8583287433983067
2017-08-16,9897.2998046875,9897.2998046875,9903.9501953125,9773.849609375,9825.849609375,219500,9959.730029296876,9781.931015625,9904.974679449495,9887.046903725064,17.92777572443083,56.65761311576695,42.31126499416243,9959.730029296876,10172.843086076507,9746.616972517244,1.0531736796816515
2017-08-17,9904.150390625,9904.150390625,9947.7998046875,9883.75,9945.5498046875,197600,9959.957568359376,9787.271015625,9904.847865784188,9888.313828680613,16.53403710357452,48.63289791332846,42.80509226562359,9959.957568359376,10172.809864298784,9747.105272419967,0.06921671640436333
2017-08-18,9837.400390625,9837.400390625,9865.9501953125,9783.650390625,9865.9501953125,246300,9958.16259765625,9790.741015625,9894.471331144314,9884.542462898717,9.928868245597187,40.89209197978221,39.817198070236905,9958.16259765625,10174.666021659717,9741.659173652783,-0.6739598791147605
2017-08-21,9754.349609375,9754.349609375,9884.349609375,9740.099609375,9864.25,205300,9950.117578125,9792.8830078125,9872.914143179803,9874.898547822886,-1.9844046430825983,32.31679265520925,31.869051824966476,9950.117578125,10184.550388045449,9715.684768204552,-0.8442350412935062
2017-08-22,9765.5498046875,9765.5498046875,9828.4501953125,9752.599609375,9815.75,183600,9940.075048828125,9794.82900390625,9856.396552642525,9866.79864092397,-10.402088281443866,23.773016467878627,29.790452844823392,9940.075048828125,10188.3690644244,9691.78103323185,0.11482257414410224
2017-08-23,9852.5,9852.5,9857.900390625,9786.75,9803.0498046875,168600,9934.47255859375,9799.55099609375,9855.797083005213,9865.739482337009,-9.942399331795968,17.02993330794371,37.52046253307533,9934.47255859375,10185.483033915412,9683.462083272088,0.8903768559017866
2017-08-24,9857.0498046875,9857.0498046875,9881.5,9848.849609375,9881.2001953125,184700,9926.292529296876,9804.553984375,9855.989809417873,9865.09580251112,-9.10599309324607,11.802748027705755,40.83351720526853,9926.292529296876,10176.138433565298,9676.446625028453,0.04617918992642078
2017-08-28,9912.7998046875,9912.7998046875,9925.75,9882.0,9907.150390625,159600,9920.905029296875,9810.44697265625,9864.729808690123,9868.629432301963,-3.8996236118400702,8.662273699796591,41.04058557147333,9920.905029296875,10166.808841025182,9675.001217568568,0.5655850493267112
2017-08-29,9796.0498046875,9796.0498046875,9887.349609375,9783.75,9886.400390625,173300,9909.98251953125,9814.80697265625,9854.163654228181,9863.253163589781,-9.089509361599994,5.111917087517275,36.457847347109784,9909.98251953125,10157.780839960826,9662.184199101674,-1.1777701789638884
2017-08-30,9884.400390625,9884.400390625,9909.4501953125,9850.7998046875,9859.5,157800,9900.34755859375,9820.733984375,9858.81545982769,9864.81962485165,-6.004165023960013,2.888700665221818,45.169110447677426,9900.34755859375,10135.446064395202,9665.249052792298,0.9019001301445284
2017-08-31,9917.900390625,9917.900390625,9925.099609375,9856.9501953125,9905.7001953125,327700,9890.51005859375,9825.94099609375,9867.905449181124,9868.751533427456,-0.8460842463318841,2.141743682911078,50.52539140018605,9890.51005859375,10103.254323289066,9677.765793898436,0.33891787742403867
2017-09-01,9974.400390625,9974.400390625,9983.4501953125,9909.849609375,9937.650390625,157800,9885.155078125,9832.35900390625,9884.289286326335,9876.577374701348,7.711911624986897,3.2557772713262416,58.50576570751159,9885.155078125,10082.491282841776,9687.818873408225,0.569677026131532
2017-09-04,9912.849609375,9912.849609375,9988.400390625,9861.0,9984.150390625,148800,9880.1150390625,9837.94400390625,9888.683182179975,9879.264206899397,9.418975280577797,4.488416873176552,61.77099417307371,9880.1150390625,10068.582764005001,9691.64731412,-0.6170875324781666
2017-09-05,9952.2001953125,9952.2001953125,9963.099609375,9901.0498046875,9933.25,139200,9874.405029296875,9844.3880078125,9898.45503035421,9884.666872707776,13.78815764643332,6.3483650278279065,59.705203317362184,9874.405029296875,10045.200289432705,9703.609769161045,0.39696542859164463
2017-09-06,9916.2001953125,9916.2001953125,9931.5498046875,9882.5498046875,9899.25,149200,9867.34501953125,9851.2130078125,9901.185055732409,9887.0026743822,14.182381350208743,7.915168292304074,51.26491110199023,9867.34501953125,10016.606364391419,9718.083674671083,-0.36172905783141696
2017-09-07,9929.900390625,9929.900390625,9964.849609375,9917.2001953125,9945.849609375,188800,9864.912548828124,9859.5830078125,9905.602799562037,9890.180282992778,15.422516569258732,9.416637947695007,51.707665844610695,9864.912548828124,10008.001288328855,9721.823809327394,0.13815972895521167
2017-09-08,9934.7998046875,9934.7998046875,9963.599609375,9913.2998046875,9958.650390625,163600,9866.250048828126,9868.45400390625,9910.094646504414,9893.485432747942,16.609213756471945,10.855153109450395,57.03648726635464,9866.250048828126,10011.520009920561,9720.98008773569,0.049340012183063386
2017-09-11,10006.0498046875,10006.0498046875,10028.650390625,9968.7998046875,9971.75,173000,9875.5400390625,9878.4930078125,9924.856978532582,9901.823534373094,23.03344415948777,13.29081131945787,68.49915808845167,9875.5400390625,10031.773909947138,9719.306168177862,0.7171760015373785
2017-09-12,10093.0498046875,10093.0498046875,10097.5498046875,10028.0498046875,10056.849609375,182600,9894.6525390625,9889.93599609375,9950.73279794103,9915.988443285272,34.74435465575698,17.581519986717694,71.65714344757752,9894.6525390625,10059.326543434387,9729.978534690612,0.8694739852208588
2017-09-13,10079.2998046875,10079.2998046875,10131.9501953125,10063.150390625,10099.25,215000,9908.910009765625,9899.2219921875,9970.512337440485,9928.085581166919,42.42675627356584,22.550567244087325,66.60560481973886,9908.910009765625,10085.864763480336,9731.955256050913,-0.13623236054590704
2017-09-14,10086.599609375,10086.599609375,10126.5,10070.349609375,10107.400390625,225600,9918.375,9908.68798828125,9988.371917738103,9939.827361034184,48.544556703918715,27.749365136053605,66.739542548358,9918.375,10112.164769020183,9724.585230979817,0.07242372812548137
2017-09-15,10085.400390625,10085.400390625,10115.150390625,10043.650390625,10062.349609375,266600,9927.4375,9917.64400390625,10003.299375105318,9950.610548411281,52.688826694036834,32.73725744765025,63.674570249455705,9927.4375,10134.896471323216,9719.978528676784,-0.011889227256378643
2017-09-18,10153.099609375,10153.099609375,10171.7001953125,10131.2998046875,10133.099609375,156100,9943.2224609375,9927.215,10026.345564992962,9965.609738112296,60.73582688066563,38.33697133425333,80.67175710841433,9943.2224609375,10169.063450375368,9717.381471499633,0.6712596042585561
2017-09-19,10147.5498046875,10147.5498046875,10178.9501953125,10129.9501953125,10175.599609375,187500,9962.882470703125,9936.85,10044.992371099814,9979.08678008083,65.90559101898361,43.850695271199385,76.35452466693138,9962.882470703125,10187.951402408708,9737.813538997543,-0.05466118624873895
2017-09-20,10141.150390625,10141.150390625,10171.0498046875,10134.2001953125,10160.9501953125,199400,9981.6625,9944.25201171875,10059.785912565227,9991.091491972991,68.69442059223547,48.819440335406604,73.64192934557789,9981.6625,10199.982204865322,9763.342795134678,-0.06306363787978997
2017-09-21,10121.900390625,10121.900390625,10158.900390625,10058.599609375,10139.599609375,191800,9995.13251953125,9950.9690234375,10069.341986112884,10000.781040021287,68.56094609159663,52.76774148664461,66.95798228753121,9995.13251953125,10213.140959887669,9777.12407917483,-0.18982067377479872
2017-09-22,9964.400390625,9964.400390625,10095.0498046875,9952.7998046875,10094.349609375,226600,10000.500048828126,9953.9350390625,10053.197125268594,9998.086177103043,55.110948165551235,53.23638282242594,54.85551557429524,10000.500048828126,10209.284954770741,9791.71514288551,-1.556031910231781
2017-09-25,9872.599609375,9872.599609375,9960.5,9816.0498046875,9960.099609375,221400,9998.4900390625,9953.55302734375,10025.412892054195,9988.790875789855,36.622016264340346,49.91350951080882,43.17667759925129,9998.4900390625,10211.559974364101,9785.4201037609,-0.9212875602266135
2017-09-26,9871.5,9871.5,9891.349609375,9813.0,9875.25,190900,10002.262548828125,9953.25603515625,10001.73398558432,9980.102662768384,21.631322815936073,44.257072171834274,45.9244709816778,10002.262548828125,10202.527674280118,9801.997423376131,-0.011137992205778602
2017-09-27,9735.75,9735.75,9921.0498046875,9714.400390625,9920.599609375,200100,9994.830029296874,9949.65203125,9960.813372417502,9962.00246552628,-1.189093108778252,35.16783911571177,35.52083060223906,9994.830029296874,10222.651139015308,9767.00891957844,-1.375170946664639
2017-09-28,9768.9501953125,9768.9501953125,9789.2001953125,9687.5498046875,9736.400390625,385000,9987.38251953125,9948.48802734375,9931.295960555193,9947.702297362297,-16.4063368071038,24.85300393114866,38.13237402832633,9987.38251953125,10234.696893395261,9740.068145667237,0.3410132276660871
2017-09-29,9788.599609375,9788.599609375,9854.0,9775.349609375,9814.2998046875,196300,9978.09248046875,9946.26802734375,9909.342675758242,9935.916913066942,-26.574237308699594,14.567555683179009,33.199331803180726,9978.09248046875,10240.931599123569,9715.25336181393,0.2011415113154058
2017-10-03,9859.5,9859.5,9895.400390625,9831.0498046875,9893.2998046875,162800,9975.425,9945.99203125,9901.674571795436,9930.25640098791,-28.58182919247338,5.937678708048532,31.49507964338828,9975.425,10242.106811609801,9708.743188390197,0.7243159742390093
2017-10-04,9914.900390625,9914.900390625,9938.2998046875,9850.650390625,9884.349609375,156200,9973.560009765624,9945.9850390625,9903.709313153831,9929.118918738806,-25.409605584974997,-0.33177815055617454,37.78059732043441,9973.560009765624,10241.444674292925,9705.675345238324,0.5618985813175215
2017-10-05,9888.7001953125,9888.7001953125,9945.9501953125,9881.849609375,9927.0,147800,9972.185009765624,9944.43103515625,9901.400218101318,9926.124939225747,-24.72472112442847,-5.210366745330634,35.69261095429661,9972.185009765624,10241.58732928333,9702.78269024792,-0.26425071639926134
2017-10-06,9979.7001953125,9979.7001953125,9989.349609375,9906.599609375,9908.150390625,195800,9974.675,9944.73404296875,9913.4463684415,9930.093476713655,-16.647108272154583,-7.497715050695424,43.23648102300435,9974.675,10243.351339952114,9705.998660047884,0.9202422785872022
2017-10-09,9988.75,9988.75,10015.75,9959.4501953125,9988.2001953125,143900,9977.372509765624,9944.09603515625,9925.031542527424,9934.438404364495,-9.40686183707112,-7.879544407970564,38.63025877723971,9977.372509765624,10245.445821648334,9709.299197882914,0.09068212982741297
2017-10-10,10016.9501953125,10016.9501953125,10034.0,10002.2998046875,10013.7001953125,148600,9977.917529296876,9944.02404296875,9939.172873725129,9940.550388879163,-1.377515154033972,-6.579138557183246,41.23963369099557,9977.917529296876,10246.280497409018,9709.554561184734,0.28231956263296
2017-10-11,9984.7998046875,9984.7998046875,10067.25,9955.7998046875,10042.599609375,189700,9972.505029296875,9943.4300390625,9946.192401565493,9943.828123383484,2.364278182009002,-4.790455209344796,39.8625229371159,9972.505029296875,10235.401752809215,9709.608305784535,-0.32095987299651796
2017-10-12,10096.400390625,10096.400390625,10104.4501953125,9977.099609375,10011.2001953125,200900,9973.36005859375,9943.8160546875,9969.301322959263,9955.129772808781,14.17155015048229,-0.9980541373793792,48.523454410976385,9973.36005859375,10237.825787888893,9708.894329298606,1.1177047924897598
2017-10-13,10167.4501953125,10167.4501953125,10191.900390625,10120.099609375,10123.7001953125,230100,9977.402587890625,9944.87205078125,9999.785764859762,9970.857211512759,28.92855334700289,4.987267359497075,63.065397680787136,9977.402587890625,10251.454455364534,9703.350720416716,0.7037142143597297
2017-10-16,10230.849609375,10230.849609375,10242.9501953125,10175.099609375,10207.400390625,203000,9984.675048828125,9947.85904296875,10035.334048631337,9990.115907650703,45.218140980634416,13.033442083724545,73.92638837074006,9984.675048828125,10277.846497626586,9691.503600029664,0.6235527378509298
2017-10-17,10234.4501953125,10234.4501953125,10251.849609375,10212.599609375,10227.650390625,195700,9988.742578125,9952.2750390625,10065.9673019669,10008.214743773799,57.75255819310223,21.977265305600085,74.1595909404703,9988.742578125,10293.77062262326,9683.71453362674,0.035193420634405115
2017-10-18,10210.849609375,10210.849609375,10236.4501953125,10175.75,10209.400390625,254200,9991.907568359375,9955.1640234375,10088.256887721993,10023.224733818333,65.03215390365949,30.588243025211966,87.1751296730436,9991.907568359375,10305.078605377435,9678.736531341314,-0.23059945074831445
2017-10-19,10146.5498046875,10146.5498046875,10211.9501953125,10123.349609375,10210.349609375,30200,9992.1775390625,9956.94701171875,10097.22502879361,10032.359924253087,64.86510454052222,37.44361532827402,78.1748044256351,9992.1775390625,10305.899108914105,9678.455969210896,-0.6297204164917303
2017-10-23,10184.849609375,10184.849609375,10224.150390625,10124.5,10176.650390625,218100,9995.325,9961.0730078125,10110.705733498438,10043.655456484339,67.05027701409927,43.364947665439075,78.76579864508098,9995.325,10315.718570261122,9674.93142973888,0.377466285828576
2017-10-24,10207.7001953125,10207.7001953125,10237.75,10182.400390625,10218.5498046875,217200,10007.489990234375,9967.066015625,10125.627958392908,10055.806918619759,69.8210397731491,48.65616608698108,77.17332821199886,10007.489990234375,10341.14103445751,9673.83894601124,0.22435859942857572
2017-10-25,10295.349609375,10295.349609375,10340.5498046875,10240.900390625,10321.150390625,594200,10028.627490234376,9976.5680078125,10151.738981620922,10073.550821638666,78.18815998225546,54.562564866035956,78.26722313968034,10028.627490234376,10379.420939458014,9677.834041010738,0.8586597606260904
2017-10-26,10343.7998046875,10343.7998046875,10355.650390625,10271.849609375,10291.7998046875,429700,10052.24248046875,9989.2280078125,10181.286800554242,10093.569264827467,87.71753572677517,61.19355903818381,82.73150476340312,10052.24248046875,10421.59679429407,9682.888166643432,0.4706027201677676
2017-10-27,10323.0498046875,10323.0498046875,10366.150390625,10311.2998046875,10362.2998046875,312700,10081.607470703126,9999.80599609375,10203.09649349782,10110.567823335618,92.52867016220262,67.46058126298757,77.47011485272287,10081.607470703126,10438.178998051673,9725.035943354578,-0.2006032637116295
2017-10-30,10363.650390625,10363.650390625,10384.5,10344.2998046875,10353.849609375,236900,10111.34248046875,10009.1330078125,10227.797093055848,10129.314680171869,98.48241288397912,73.66494758718589,78.55287702042966,10111.34248046875,10457.156753029698,9765.5282079078,0.393300300838062
2017-10-31,10335.2998046875,10335.2998046875,10367.7001953125,10323.9501953125,10364.900390625,232600,10138.677490234375,10017.75599609375,10244.335971768409,10144.572837543396,99.76313422501335,78.88458491475139,74.24034669220656,10138.677490234375,10462.82513197197,9814.52984849678,-0.2735579151063039
2017-11-01,10440.5,10440.5,10451.650390625,10383.0498046875,10390.349609375,260300,10167.727490234374,10029.81798828125,10274.515053034807,10166.493368095737,108.02168493907084,84.71200491961528,81.2250824729161,10167.727490234374,10490.664424327459,9844.79055614129,1.0178727013297362
2017-11-02,10423.7998046875,10423.7998046875,10453.0,10412.5498046875,10440.5,201500,10193.1724609375,10043.2069921875,10297.481937904451,10185.553104139572,111.92883376487953,90.15537068866814,75.78753209432693,10193.1724609375,10512.4056897869,9873.9392320881,-0.15995589591015769
2017-11-03,10452.5,10452.5,10461.7001953125,10403.599609375,10461.5498046875,199900,10221.362451171875,10056.94599609375,10321.330870534535,10205.326948277381,116.00392225715404,95.32508100236532,74.05677871531687,10221.362451171875,10526.658066118147,9916.066836225604,0.27533333189682097
2017-11-06,10451.7998046875,10451.7998046875,10490.4501953125,10413.75,10431.75,193600,10244.967431640625,10068.9319921875,10341.403014250376,10223.584196900352,117.81881735002389,99.82382827189704,70.8540796029989,10244.967431640625,10544.539946482193,9945.394916799058,-0.006698831021290097
2017-11-07,10350.150390625,10350.150390625,10485.75,10340.7998046875,10477.150390625,286900,10263.037451171875,10078.79400390625,10342.748764461858,10232.959470509586,109.78929395227169,101.81692140797198,59.21470781761136,10263.037451171875,10540.30536485346,9985.769537490289,-0.9725541625559164
2017-11-08,10303.150390625,10303.150390625,10384.25,10285.5,10361.9501953125,274500,10277.3474609375,10086.601015625,10336.656706948495,10238.158797925544,98.49790902295172,101.15311893096793,57.086963693895,10277.3474609375,10529.547335148696,10025.147586726305,-0.45409968189999983
2017-11-09,10308.9501953125,10308.9501953125,10368.4501953125,10266.9501953125,10358.650390625,240200,10293.55498046875,10096.8590234375,10332.394166696804,10243.402605139392,88.99156155741184,98.72080745625672,63.700022737533075,10293.55498046875,10504.958120652649,10082.151840284852,0.05629156585715833
2017-11-10,10321.75,10321.75,10344.9501953125,10254.099609375,10304.349609375,279400,10304.8224609375,10105.606015625,10330.756602589603,10249.206115869809,81.55048671979421,95.28674330896423,62.0680630976526,10304.8224609375,10494.93019825106,10114.714723623938,0.12416205767800115
2017-11-13,10224.9501953125,10224.9501953125,10334.150390625,10216.25,10322.0,210300,10307.6974609375,10111.74701171875,10314.478693777743,10247.409381013711,67.06931276403157,89.64325719997771,51.34523820403388,10307.6974609375,10490.662886454202,10124.732035420797,-0.9378235734008311
2017-11-14,10186.599609375,10186.599609375,10248.0,10175.5498046875,10223.400390625,305000,10305.4849609375,10115.99099609375,10294.804988485012,10242.904953484916,51.90003500009516,82.09461276000121,40.81273017674935,10305.4849609375,10493.367254535993,10117.602667339006,-0.37506868204679744
2017-11-15,10118.0498046875,10118.0498046875,10175.4501953125,10094.0,10171.9501953125,207400,10299.66494140625,10120.095,10267.611883285394,10233.656423944367,33.95545934102665,72.4667820762063,31.55490091568018,10299.66494140625,10503.358410542382,10095.97147227012,-0.672940994209803
2017-11-16,10214.75,10214.75,10232.25,10139.2001953125,10152.900390625,182600,10299.8599609375,10125.34599609375,10259.47928585687,10232.255948096636,27.223337760235154,63.41809321301207,42.12824615174947,10299.8599609375,10503.202561604834,10096.517360270165,0.9557197007243445
2017-11-17,10283.599609375,10283.599609375,10343.599609375,10268.0498046875,10324.5498046875,203300,10306.712451171876,10132.693984375,10263.190104859661,10236.059182265404,27.130922594256845,56.16065908926103,44.41103556613731,10306.712451171876,10497.127662580233,10116.297239763519,0.6740214824151325
2017-11-20,10298.75,10298.75,10309.849609375,10261.5,10287.2001953125,147200,10312.407470703125,10140.0709765625,10268.660857958173,10240.702946542042,27.957911416131537,50.520109554635134,47.40025645264586,10312.407470703125,10494.089355188442,10130.725586217808,0.14732575363192169
2017-11-21,10326.900390625,10326.900390625,10358.7001953125,10315.0498046875,10329.25,186100,10318.36748046875,10147.91298828125,10277.620786060763,10247.08794240004,30.5328436607233,46.52265637585277,40.92510477093936,10318.36748046875,10493.28126725837,10143.453693679132,0.27333793542905216
2017-11-22,10342.2998046875,10342.2998046875,10368.7001953125,10309.5498046875,10350.7998046875,157600,10320.714990234375,10154.63798828125,10287.57140431103,10254.140672939851,33.4307313711779,43.9042713749178,43.47582044747416,10320.714990234375,10495.588281838973,10145.841698629778,0.149119420929833
2017-11-23,10348.75,10348.75,10374.2998046875,10307.2998046875,10358.4501953125,153000,10320.9625,10159.7519921875,10296.983495955486,10261.148771240603,35.83472471488312,42.290362042910864,41.38789181687597,10320.9625,10495.987311141325,10145.937688858674,0.06236712756650942
2017-11-24,10389.7001953125,10389.7001953125,10404.5,10362.25,10366.7998046875,129200,10324.29501953125,10165.96,10311.247603548873,10270.671098949633,40.57650459923934,41.947590554176564,45.16809468376437,10324.29501953125,10502.004659487768,10146.585379574732,0.3957018510689636
2017-11-27,10399.5498046875,10399.5498046875,10407.150390625,10340.2001953125,10361.0498046875,141900,10326.089990234375,10172.21900390625,10324.8325575702,10280.217669745032,44.6148878251679,42.48105000837484,54.48433474758829,10326.089990234375,10506.182598395313,10145.997382073438,0.0948016707878141
2017-11-28,10370.25,10370.25,10409.5498046875,10355.2001953125,10387.900390625,196000,10327.8375,10177.91599609375,10331.819856405553,10286.8867312454,44.933125160152485,42.971465038730365,56.29334632730897,10327.8375,10508.981589587971,10146.693410412028,-0.28174108723719726
2017-11-29,10361.2998046875,10361.2998046875,10392.9501953125,10345.900390625,10376.650390625,152500,10323.877490234376,10182.08,10336.355233064312,10292.39881075963,43.95642230468184,43.16845649192066,54.881082459207455,10323.877490234376,10497.977197932058,10149.777782536694,-0.08630645657047298
2017-11-30,10226.5498046875,10226.5498046875,10332.7001953125,10211.25,10332.7001953125,342500,10314.014990234375,10183.66,10319.462090237112,10287.52110660614,31.94098363097146,40.922961919730824,42.76814288490898,10314.014990234375,10486.622665474002,10141.407314994747,-1.3005125084696312
2017-12-01,10121.7998046875,10121.7998046875,10272.7001953125,10108.5498046875,10263.7001953125,143400,10297.47998046875,10183.27298828125,10289.052507844865,10275.245454612166,13.807053232698308,35.49978018232432,42.25772497647104,10297.47998046875,10477.432690067279,10117.527270870221,-1.0242946252702612
2017-12-04,10127.75,10127.75,10179.2001953125,10095.7001953125,10175.0498046875,148600,10281.277490234375,10183.38998046875,10264.236737407193,10264.319865381636,-0.08312797444341413,28.383198550970775,45.35703279092703,10281.277490234375,10461.079948131883,10101.475032336868,0.058785941505634653
2017-12-05,10118.25,10118.25,10147.9501953125,10069.099609375,10118.25,155500,10269.682470703125,10186.46697265625,10241.777239344547,10253.499875353367,-11.7226360088207,20.362031639012482,50.017417369450456,10269.682470703125,10460.364341322469,10079.00060008378,-0.09380168349337747
2017-12-06,10044.099609375,10044.099609375,10104.2001953125,10033.349609375,10088.7998046875,166100,10256.729931640624,10189.89697265625,10211.365296272308,10237.988744540155,-26.62344826784647,10.964935657640691,34.54674727008394,10256.729931640624,10471.510184220362,10041.949679060886,-0.7328380957675518
2017-12-07,10166.7001953125,10166.7001953125,10182.650390625,10061.900390625,10063.4501953125,166200,10249.617431640625,10195.8009765625,10204.493742278491,10232.708111264032,-28.214368985540204,3.129074729004511,40.35326371640909,10249.617431640625,10466.527206542,10032.70765673925,1.2206229598028528
2017-12-08,10265.650390625,10265.650390625,10270.849609375,10195.25,10198.4501953125,200000,10246.812451171874,10206.398984375,10213.902457408723,10235.148280105586,-21.245822696862888,-1.7459047561689691,47.60043836919862,10246.812451171874,10461.231313104336,10032.393589239413,0.9732773998600175
2017-12-11,10322.25,10322.25,10329.2001953125,10282.0498046875,10310.5,147400,10251.67744140625,10217.46498046875,10230.571310115072,10241.600259357025,-11.028949241952432,-3.602513653325662,49.676224458991605,10251.67744140625,10468.410545581712,10034.944337230787,0.5513494734507018
2017-12-12,10240.150390625,10240.150390625,10326.099609375,10230.2001953125,10324.900390625,175100,10254.35498046875,10226.49599609375,10232.045014808908,10241.49286167317,-9.447846864262829,-4.771580295513096,43.49242926661748,10254.35498046875,10469.016156320358,10039.693804617142,-0.7953654423696332
2017-12-13,10192.9501953125,10192.9501953125,10296.5498046875,10169.849609375,10236.599609375,181600,10258.1,10233.165,10226.030427194075,10237.897108609417,-11.8666814153421,-6.190600519478897,40.56445650952491,10258.1,10465.229855153217,10050.970144846784,-0.4609326378225087
2017-12-14,10252.099609375,10252.099609375,10276.099609375,10141.5498046875,10229.2998046875,154300,10259.96748046875,10239.908984375,10230.041070606525,10238.949145703164,-8.90807509663864,-6.734095434910846,41.8463724942162,10259.96748046875,10466.122875499646,10053.812085437852,0.5802972930222028
2017-12-15,10333.25,10333.25,10373.099609375,10319.650390625,10345.650390625,255100,10262.45,10248.79998046875,10245.91936743629,10245.934394169595,-0.015026733304694062,-5.390281694589616,46.37745807912595,10262.45,10470.985653831229,10053.914346168773,0.7915489872025061
2017-12-18,10388.75,10388.75,10443.5498046875,10074.7998046875,10263.099609375,230400,10266.95,10256.9809765625,10267.89331090763,10256.51332793481,11.379982972819562,-2.0362287611077803,50.982682707191266,10266.95,10482.548464433738,10051.351535566264,0.5371011056540809
2017-12-19,10463.2001953125,10463.2001953125,10472.2001953125,10406.0,10414.7998046875,169100,10273.764990234375,10266.46998046875,10297.940523892994,10271.823466259084,26.117057633910008,3.5944285178957776,55.06060347403013,10273.764990234375,10505.365382403203,10042.164598065547,0.7166424768379365
2017-12-20,10444.2001953125,10444.2001953125,10494.4501953125,10437.150390625,10494.400390625,175200,10278.860009765625,10275.01498046875,10320.442011803687,10284.592112855633,35.84989894805403,10.045522603927429,62.213130564773856,10278.860009765625,10521.050007693742,10036.670011837508,-0.1815888030940238
2017-12-21,10440.2998046875,10440.2998046875,10473.9501953125,10426.900390625,10473.9501953125,151900,10283.4375,10284.12498046875,10338.881672247351,10296.12601595429,42.75565629306038,16.58754934175402,70.15309590368355,10283.4375,10534.487968828602,10032.387031171398,-0.03734503889297747
2017-12-22,10493.0,10493.0,10501.099609375,10448.25,10457.2998046875,138800,10288.602490234374,10292.05697265625,10362.592184209298,10310.709274031751,51.882910177546364,23.64662150891249,71.82026934628337,10288.602490234374,10552.766013565655,10024.438966903093,0.5047766472073834
2017-12-26,10531.5,10531.5,10545.4501953125,10477.9501953125,10512.2998046875,155600,10295.2,10299.33796875,10388.578002023252,10327.064142621992,61.51385940126056,31.220069087382104,73.86104513867744,10295.2,10577.030704872757,10013.369295127244,0.3669112741827796
2017-12-27,10490.75,10490.75,10552.400390625,10469.25,10531.0498046875,165200,10301.225,10304.5359765625,10404.296770942752,10339.189020946289,65.1077499964631,37.9976052691983,76.82421305006733,10301.225,10594.721841906474,10007.728158093527,-0.3869344347908643
2017-12-28,10477.900390625,10477.900390625,10534.5498046875,10460.4501953125,10498.2001953125,272900,10307.055029296875,10309.40498046875,10415.62040474002,10349.463937218785,66.15646752123575,43.6293777196058,71.52741279772802,10307.055029296875,10610.054875972293,10004.055182621456,-0.12248513571480046
2017-12-29,10530.7001953125,10530.7001953125,10538.7001953125,10488.650390625,10492.349609375,152000,10322.262548828125,10315.8019921875,10433.324987905018,10362.888845225727,70.43614267929115,48.990730711542874,69.58546029739252,10322.262548828125,10638.491315035912,10006.033782620338,0.5039158869532878
2018-01-02,10442.2001953125,10442.2001953125,10495.2001953125,10404.650390625,10477.5498046875,153400,10338.282568359375,10321.715,10434.690404429246,10368.76376004697,65.92664438227621,52.37791344568954,58.46448580741639,10338.282568359375,10644.041300724184,10032.523835994565,-0.8403999578242116
2018-01-03,10443.2001953125,10443.2001953125,10503.599609375,10429.5498046875,10482.650390625,167300,10354.055078125,10326.88201171875,10435.999603026668,10374.277570066639,61.72203296002954,54.246737348557545,66.18055155647625,10354.055078125,10646.334042310957,10061.776113939044,0.009576525840304662
2018-01-04,10504.7998046875,10504.7998046875,10513.0,10441.4501953125,10469.400390625,174900,10373.382568359375,10332.82400390625,10446.584249436028,10383.945883742259,62.63836569376872,55.92506301759978,74.29304348090693,10373.382568359375,10650.748796502572,10096.016340216178,0.5898537634340117
2018-01-05,10558.849609375,10558.849609375,10566.099609375,10520.099609375,10534.25,180900,10399.120068359374,10338.09400390625,10463.855843272793,10396.901715270611,66.95412800218219,58.13087601451627,74.08716136631331,10399.120068359374,10641.107233979843,10157.132902738906,0.5145248428569005
2018-01-08,10623.599609375,10623.599609375,10631.2001953125,10588.5498046875,10591.7001953125,169000,10421.9650390625,10343.69,10488.431807288516,10413.694151870935,74.73765541758075,61.452231895129174,73.40209496283282,10421.9650390625,10657.7542882986,10186.175789826399,0.6132296831134809
2018-01-09,10637.0,10637.0,10659.150390625,10603.599609375,10645.099609375,205000,10440.53251953125,10349.96900390625,10511.288452321052,10430.235325806421,81.053126514631,65.37241081902954,71.4656290531777,10440.53251953125,10682.886956039729,10198.178083022773,0.12613794869653638
2018-01-10,10632.2001953125,10632.2001953125,10655.5,10592.7001953125,10652.0498046875,176400,10456.030029296875,10355.34,10529.890258935122,10445.195686510577,84.69457242454519,69.23684314013268,66.61424791573062,10456.030029296875,10706.056021034943,10206.004037558807,-0.04512366915013777
2018-01-11,10651.2001953125,10651.2001953125,10664.599609375,10612.349609375,10637.0498046875,153800,10476.58251953125,10361.6580078125,10548.553326070103,10460.455279755164,88.09804631493898,73.00908377509394,70.34999596778839,10476.58251953125,10719.362910571399,10233.802128491101,0.17870242895141608
2018-01-12,10681.25,10681.25,10690.400390625,10597.099609375,10682.5498046875,175200,10500.997509765624,10366.4730078125,10568.968198982395,10476.810444217745,92.15775476465024,76.8388179730052,72.52927866643049,10500.997509765624,10720.80396005957,10281.19105947168,0.282125996474325
2018-01-15,10741.5498046875,10741.5498046875,10782.650390625,10713.7998046875,10718.5,175900,10525.47001953125,10372.8280078125,10595.519215244718,10496.420767215504,99.09844802921361,81.29074398424689,72.91420957388385,10525.47001953125,10737.444608944395,10313.495430118106,0.5645388385020489
2018-01-16,10700.4501953125,10700.4501953125,10762.349609375,10687.849609375,10761.5,211000,10543.830029296874,10377.78701171875,10611.662442947454,10511.534058185653,100.1283847618015,85.05827213975782,65.50149007126896,10543.830029296874,10749.210576205898,10338.44948238785,-0.3826227138756466
2018-01-17,10788.5498046875,10788.5498046875,10803.0,10666.75,10702.4501953125,252700,10563.82001953125,10384.52201171875,10638.875883215152,10532.053743111715,106.82214010343705,89.41104573249368,75.13936222306859,10563.82001953125,10783.008240387531,10344.631798674967,0.8233261943837888
2018-01-18,10817.0,10817.0,10887.5,10782.400390625,10873.400390625,312000,10581.510009765625,10393.85900390625,10666.279593489744,10553.160873251589,113.11872023815522,94.15258063362599,77.89114007017002,10581.510009765625,10822.526956173377,10340.493063357873,0.2637073177355065
2018-01-19,10894.7001953125,10894.7001953125,10906.849609375,10793.900390625,10829.2001953125,207600,10604.035009765625,10405.69,10701.4212245394,10578.460082293137,122.96114224626217,99.91429295615322,78.76111520927921,10604.035009765625,10873.541437710592,10334.528581820658,0.7183155709762357
2018-01-22,10966.2001953125,10966.2001953125,10975.099609375,10881.400390625,10883.2001953125,231600,10630.330029296874,10418.835,10742.156450812185,10607.181572146425,134.97487866576012,106.9264100980746,92.54636222640181,10630.330029296874,10933.136546656893,10327.523511936855,0.6562824007838586
2018-01-23,11083.7001953125,11083.7001953125,11092.900390625,10994.5498046875,10997.400390625,284600,10659.8650390625,10434.07400390625,10794.701642273772,10642.479247936504,152.22239433726827,115.98560694591333,93.73214700069612,10659.8650390625,11016.685684703329,10303.044393421673,1.0714741469905364
2018-01-24,11086.0,11086.0,11110.099609375,11046.150390625,11069.349609375,283400,10687.5900390625,10451.295,10839.516774231653,10675.332636978244,164.18413725340906,125.6253130074125,93.17986914333724,10687.5900390625,11086.143880546659,10289.03619757834,0.020749430668232094
2018-01-25,11069.650390625,11069.650390625,11095.599609375,11009.2001953125,11095.599609375,330300,10716.53505859375,10468.956015625,10874.921945984475,10704.541359470597,170.38058651387837,134.57636770870567,90.20161525856741,10716.53505859375,11138.306351024306,10294.763766163194,-0.1474797886974577
2018-01-29,11130.400390625,11130.400390625,11171.5498046875,11075.9501953125,11079.349609375,241700,10749.16005859375,10489.20302734375,10914.226322083017,10736.086472889441,178.13984919357608,143.28906400567976,90.1395312862557,10749.16005859375,11193.547882486308,10304.772234701193,0.5487978197707966
2018-01-30,11049.650390625,11049.650390625,11121.099609375,11033.900390625,11120.849609375,228000,10775.107568359375,10505.90103515625,10935.0607941664,10759.313429758742,175.7473644076581,149.78072408607545,79.532048486475,10775.107568359375,11226.336724316498,10323.878412402253,-0.7254905229466369
2018-01-31,11027.7001953125,11027.7001953125,11058.5,10979.2998046875,11018.7998046875,245900,10804.382568359375,10520.783046875,10949.313009727339,10779.193930910873,170.11907881646584,153.84839503215352,77.6264771930399,10804.382568359375,11240.38643647223,10368.37870024652,-0.1986505865481769
2018-02-01,11016.900390625,11016.900390625,11117.349609375,10878.7998046875,11044.5498046875,306200,10833.067578125,10535.1460546875,10959.711068326978,10796.801816815623,162.90925151135525,155.66056632799388,75.84093427787921,10833.067578125,11243.773400433289,10422.36175581671,-0.0979334267002474
2018-02-02,10760.599609375,10760.599609375,10954.9501953125,10736.099609375,10938.2001953125,282700,10845.857568359375,10543.8200390625,10929.078536180521,10794.120171820021,134.95836436050013,151.52012593449513,54.248521848614715,10845.857568359375,11228.49295690168,10463.22217981707,-2.326432772943132
2018-02-05,10666.5498046875,10666.5498046875,10702.75,10586.7998046875,10604.2998046875,240100,10851.242578125,10550.3050390625,10888.68950056621,10784.67051499539,104.0189855708195,142.01989786176,46.124430018711735,10851.242578125,11219.637241116367,10482.847915133634,-0.8740201113473289
2018-02-06,10498.25,10498.25,10594.150390625,10276.2998046875,10295.150390625,266500,10844.97509765625,10553.2950390625,10828.621885094486,10763.454180551287,65.16770454319885,126.64945919804777,40.76542604196865,10844.97509765625,11233.397356879104,10456.552838433396,-1.5778279553294694
2018-02-07,10476.7001953125,10476.7001953125,10614.0,10446.400390625,10607.2001953125,250400,10836.960107421875,10555.0350390625,10774.480086666488,10742.213144607675,32.266942058813584,107.77295577020094,34.83590520909311,10836.960107421875,11249.329194914091,10424.59101992966,-0.20527044686019513
2018-02-08,10576.849609375,10576.849609375,10637.7998046875,10479.5498046875,10518.5,232200,10834.192578125,10558.58103515625,10744.075397852414,10729.963993849698,14.111404002715062,89.04064541670377,39.083569198862165,10834.192578125,11253.039848552075,10415.345307697924,0.9559251691416026
2018-02-09,10454.9501953125,10454.9501953125,10480.2001953125,10398.2001953125,10416.5,191600,10824.380078125,10560.2750390625,10699.594597461659,10709.592601365463,-9.998003903803692,69.23291555260228,30.782650852503565,10824.380078125,11269.640449111854,10379.119707138145,-1.1525115565078292
2018-02-12,10539.75,10539.75,10555.5,10485.400390625,10518.2001953125,217400,10817.305078125,10563.84404296875,10675.003120929096,10697.011667930985,-22.008547001889383,50.98462304170395,31.578001513634106,10817.305078125,11276.422478538881,10358.18767771112,0.8110971654893273
2018-02-14,10500.900390625,10500.900390625,10590.5498046875,10456.650390625,10585.75,229200,10805.272607421875,10569.3310546875,10648.218085497696,10682.48490664906,-34.26682115136464,33.93433420309023,22.988461005767235,10805.272607421875,11284.904966140457,10325.640248703294,-0.3686008622120984
2018-02-15,10545.5,10545.5,10618.099609375,10511.0498046875,10537.900390625,210600,10797.52509765625,10577.80505859375,10632.415303113436,10672.337876526908,-39.92257341347249,19.162952679777685,25.894160647523876,10797.52509765625,11289.14279017806,10305.907405134438,0.4247217640005241
2018-02-16,10452.2998046875,10452.2998046875,10612.900390625,10434.0498046875,10596.2001953125,184300,10780.71259765625,10584.2960546875,10604.705226432521,10656.03876009436,-51.33353366183837,5.063655411454475,24.233002554008763,10780.71259765625,11296.048876828707,10265.376318483792,-0.883791146104973
2018-02-19,10378.400390625,10378.400390625,10489.349609375,10302.75,10488.900390625,187300,10758.7826171875,10589.4990625,10569.889097846748,10635.47295494848,-65.58385710173206,-9.065847091182833,18.953783531855464,10758.7826171875,11304.0752741958,10213.4899601792,-0.7070158285103822
2018-02-20,10360.400390625,10360.400390625,10429.349609375,10347.650390625,10391.0,187700,10732.067626953125,10595.825078125,10537.660065966478,10615.097209443038,-77.43714347655987,-22.740106368258242,19.98948897362719,10732.067626953125,11301.156535892977,10162.978718013273,-0.1734371321447492
2018-02-21,10397.4501953125,10397.4501953125,10426.099609375,10349.599609375,10426.0,234100,10703.630126953125,10600.440078125,10516.089316635098,10598.975208396332,-82.88589176123423,-34.769263446853444,22.91454376054459,10703.630126953125,11280.248640391312,10127.011613514938,0.3576097765586983
2018-02-22,10382.7001953125,10382.7001953125,10397.5498046875,10340.650390625,10354.349609375,313600,10668.580126953126,10602.78107421875,10495.567913354698,10582.95483705679,-87.38692370209174,-45.2927954979011,22.837006395268588,10668.580126953126,11233.016508496901,10104.14374540935,-0.1418617038112857
2018-02-23,10491.0498046875,10491.0498046875,10499.099609375,10396.650390625,10408.099609375,210600,10638.8326171875,10606.1570703125,10494.87281971359,10576.147056881287,-81.27423716769772,-52.48908383186043,36.77959753351094,10638.8326171875,11172.513857553393,10105.151376821606,1.0435590678416817
2018-02-26,10582.599609375,10582.599609375,10592.9501953125,10520.2001953125,10526.5498046875,171900,10614.480078125,10613.0060546875,10508.369248892268,10576.625023732673,-68.25577484040514,-55.642422033569375,45.87243710826204,10614.480078125,11108.35235845986,10120.607797790139,0.8726467454819975
2018-02-27,10554.2998046875,10554.2998046875,10631.650390625,10537.25,10615.2001953125,187500,10585.675048828125,10620.233046875,10515.43548824538,10574.9713038034,-59.53581555801975,-56.42110073845945,53.19573760597243,10585.675048828125,11015.956472354159,10155.393625302091,-0.26741826897078713
2018-02-28,10492.849609375,10492.849609375,10535.5,10461.5498046875,10488.9501953125,286000,10557.835009765626,10625.048046875,10511.960737649937,10568.888215327222,-56.927477677285424,-56.52237612622464,50.8807041798965,10557.835009765626,10929.818903082525,10185.851116448726,-0.5822290104475547
2018-03-01,10458.349609375,10458.349609375,10525.5,10447.150390625,10479.9501953125,176000,10529.36748046875,10627.5500390625,10503.712871761485,10560.700170441873,-56.98729868038754,-56.61536063705722,43.039216361145726,10529.36748046875,10830.30745630962,10228.427504627882,-0.32879533476946055
2018-03-05,10358.849609375,10358.849609375,10428.7001953125,10323.900390625,10428.2998046875,194000,10496.46494140625,10626.95203125,10481.426216009717,10545.748277029512,-64.322061019795,-58.15670071360478,44.20241101275025,10496.46494140625,10701.619359434031,10291.310523378468,-0.9513929416818057
2018-03-06,10249.25,10249.25,10441.349609375,10215.900390625,10420.5,222900,10470.8974609375,10622.67302734375,10445.706798162068,10523.785441693994,-78.07864353192599,-62.141089277269025,32.98378645530636,10470.8974609375,10664.584009476586,10277.210912398414,-1.0580287725753812
2018-03-07,10154.2001953125,10154.2001953125,10243.349609375,10141.5498046875,10232.9501953125,249500,10445.27998046875,10616.87302734375,10400.859628492904,10496.408756776846,-95.54912828394117,-68.82269707860345,30.946306109809328,10445.27998046875,10663.929417735875,10226.630543201623,-0.9273830249774351
2018-03-08,10242.650390625,10242.650390625,10270.349609375,10146.400390625,10216.25,226400,10432.5,10612.9200390625,10376.519745743995,10477.611840765598,-101.09209502160229,-75.27657666720322,34.12152752177083,10432.5,10667.38960796951,10197.61039203049,0.8710700361544088
2018-03-09,10226.849609375,10226.849609375,10296.7001953125,10211.900390625,10271.2998046875,186500,10420.007470703125,10607.59703125,10353.493570917995,10459.03686066259,-105.54328974459531,-81.32991928268164,37.135495202718445,10420.007470703125,10671.02205103504,10168.992890371212,-0.1542645765246653
2018-03-12,10421.400390625,10421.400390625,10433.650390625,10295.4501953125,10301.599609375,216400,10412.235009765625,10605.3950390625,10363.940773949842,10456.248973993139,-92.30820004329689,-83.5255754348047,52.156684880675066,10412.235009765625,10652.18403005008,10172.28598948117,1.9023530088059015
2018-03-13,10426.849609375,10426.849609375,10478.599609375,10377.849609375,10389.5,266700,10410.82998046875,10604.11703125,10373.619056322943,10454.071243280685,-80.45218695774201,-82.91089773939217,53.37528547363324,10410.82998046875,10650.053855308077,10171.606105629424,0.052288738036598836
2018-03-14,10410.900390625,10410.900390625,10420.349609375,10336.2998046875,10393.0498046875,181400,10404.3875,10602.77703125,10379.354646215566,10450.873402343228,-71.51875612766162,-80.63246941704607,50.69816812606261,10404.3875,10635.805471518057,10172.969528481945,-0.1529629691374823
2018-03-15,10360.150390625,10360.150390625,10420.0,10346.2001953125,10405.4501953125,173900,10397.35,10599.36603515625,10376.40014535548,10444.15317925299,-67.75303389751025,-78.0565823131389,48.871662410540736,10397.35,10624.938952643899,10169.761047356102,-0.4874698450260895
2018-03-16,10195.150390625,10195.150390625,10346.2998046875,10180.25,10345.150390625,328500,10379.83251953125,10594.4250390625,10348.515567704637,10425.70852824351,-77.19296053887228,-77.88385795828559,35.98827643420847,10379.83251953125,10613.26615309686,10146.39888596564,-1.592640973139836
2018-03-19,10094.25,10094.25,10224.5498046875,10075.2998046875,10215.349609375,210200,10361.930029296875,10587.44603515625,10309.39778805777,10401.156044669917,-91.7582566121473,-80.65873768905794,27.07816900375498,10361.930029296875,10625.000712610368,10098.859345983381,-0.9896900659531527
2018-03-20,10124.349609375,10124.349609375,10155.650390625,10049.099609375,10051.5498046875,203000,10349.227490234374,10579.83703125,10280.92883749119,10380.651864277701,-99.72302678651067,-84.47159550854849,29.853321118482526,10349.227490234374,10632.693061947166,10065.761918521583,0.2981856935879268
2018-03-21,10155.25,10155.25,10227.2998046875,10132.9501953125,10181.9501953125,204800,10338.969970703125,10571.7650390625,10261.593631723315,10363.95542988676,-102.3617981634452,-88.04963603952783,33.71444238422576,10338.969970703125,10635.28899082964,10042.65095057661,0.3052086486265315
2018-03-22,10114.75,10114.75,10207.849609375,10105.400390625,10167.5,230500,10324.8349609375,10561.588046875,10239.002303765883,10345.495768413668,-106.493464647785,-91.73840176117928,33.52040242805755,10324.8349609375,10636.006687630344,10013.663234244656,-0.3988084980675044
2018-03-23,9998.0498046875,9998.0498046875,10027.7001953125,9951.900390625,9968.7998046875,285700,10305.60244140625,10548.80904296875,10201.932688523055,10319.759030359879,-117.82634183682421,-96.95598977630826,32.9763264042288,10305.60244140625,10647.724184415176,9963.480698397325,-1.1537625281148767
2018-03-26,10130.650390625,10130.650390625,10143.5,9958.5498046875,9989.150390625,262600,10287.582470703124,10538.778046875,10190.966181154123,10305.750982972111,-114.78480181798841,-100.5217521846443,44.52297584708384,10287.582470703124,10626.527497166197,9948.637444240052,1.3262645068574441
2018-03-27,10184.150390625,10184.150390625,10207.900390625,10139.650390625,10188.0,225700,10267.660009765625,10529.43705078125,10189.917597995796,10296.74353168714,-106.82593369134338,-101.78258848598412,51.43832089436743,10267.660009765625,10579.335521243858,9955.984498287391,0.5281003483202706
2018-03-28,10113.7001953125,10113.7001953125,10158.349609375,10096.900390625,10143.599609375,344400,10245.630029296875,10518.0860546875,10178.191843736828,10283.184766029759,-104.99292229293133,-102.42465524737356,43.698381322258996,10245.630029296875,10533.364397954325,9957.895660639426,-0.6917631084606968
2018-04-02,10211.7998046875,10211.7998046875,10220.099609375,10127.75,10151.650390625,225400,10231.5775390625,10507.4910546875,10183.3622992677,10277.896991115516,-94.53469184781716,-100.84666256746229,49.31929069480848,10231.5775390625,10494.890473357806,9968.264604767195,0.9699675438319622
2018-04-03,10245.0,10245.0,10255.349609375,10171.0498046875,10186.849609375,205300,10220.91005859375,10498.38205078125,10192.845022457283,10275.460176958812,-82.6151545015291,-97.20036095427567,40.657744751013176,10220.91005859375,10461.879053885677,9979.941063301823,0.32511600254110373
2018-04-04,10128.400390625,10128.400390625,10279.849609375,10111.2998046875,10274.599609375,231100,10209.38759765625,10485.1790625,10182.930463713856,10264.566859452603,-81.63639573874752,-94.08756791117004,35.85883824923005,10209.38759765625,10444.553450066325,9974.221745246175,-1.138112341386044
2018-04-05,10325.150390625,10325.150390625,10331.7998046875,10227.4501953125,10228.4501953125,236800,10213.1826171875,10475.3420703125,10204.810452469417,10269.054528428336,-64.24407595891898,-88.11886952071984,46.53129137974079,10213.1826171875,10453.45137714921,9972.91385722579,1.9425574859986305
2018-04-06,10331.599609375,10331.599609375,10350.4501953125,10290.849609375,10322.75,200200,10222.052587890625,10464.08005859375,10224.316476608738,10273.687497387347,-49.37102077860982,-80.36929977229785,48.80214888818964,10222.052587890625,10466.219591203522,9977.885584577727,0.06246125727966678
2018-04-09,10379.349609375,10379.349609375,10397.7001953125,10328.5,10333.7001953125,221600,10228.887548828125,10452.343046875,10248.167727803548,10281.514320497543,-33.34659269399526,-70.96475835663733,58.571392217310375,10228.887548828125,10482.935615489088,9974.83948216716,0.4621743176794313
2018-04-10,10402.25,10402.25,10424.849609375,10381.5,10412.900390625,251700,10237.657568359375,10438.71404296875,10271.872692756848,10290.457704164392,-18.58501140754379,-60.488808966818624,65.45408931259408,10237.657568359375,10503.256838037687,9972.058298681062,0.2206341580816895
2018-04-11,10417.150390625,10417.150390625,10428.150390625,10355.599609375,10428.150390625,250400,10237.445068359375,10425.33705078125,10294.223107813486,10299.842347605918,-5.619239792431472,-49.514895131941195,64.91901294917062,10237.445068359375,10502.431448402853,9972.458688315897,0.14324199692374862
2018-04-12,10458.650390625,10458.650390625,10469.900390625,10395.25,10410.650390625,238600,10239.035107421874,10413.11705078125,10319.519612861412,10311.605906348072,7.913706513340003,-38.02917480288496,65.29389409927676,10239.035107421874,10509.139029955206,9968.931184888543,0.3983815001590951
2018-04-13,10480.599609375,10480.599609375,10519.900390625,10451.4501953125,10495.2998046875,213100,10242.520068359376,10400.12103515625,10344.301150786578,10324.12395842414,20.17719236243829,-26.38790136982031,68.79333005588386,10242.520068359376,10523.538684178828,9961.501452539924,0.2098666456015641
2018-04-16,10528.349609375,10528.349609375,10540.150390625,10396.349609375,10398.2998046875,195000,10250.930029296875,10389.69501953125,10372.616298261719,10339.2517844205,33.36451384121938,-14.437418327612374,79.31778793981243,10250.930029296875,10555.823982048909,9946.03607654484,0.4556037037927396
2018-04-17,10548.7001953125,10548.7001953125,10560.4501953125,10495.650390625,10557.2998046875,206100,10268.60751953125,10380.11501953125,10399.706128577223,10354.76648152361,44.93964705361395,-2.5620052513671094,76.38705509757003,10268.60751953125,10599.751425910166,9937.463613152333,0.1932932196645476
2018-04-18,10526.2001953125,10526.2001953125,10594.2001953125,10509.7001953125,10578.900390625,205400,10290.205029296874,10370.301015625,10419.166754228803,10367.465275137602,51.70147909120169,8.290691617146651,72.46929435719261,10290.205029296874,10629.706755643614,9950.703302950134,-0.2132964212026689
2018-04-19,10565.2998046875,10565.2998046875,10572.2001953125,10546.2001953125,10563.650390625,262600,10312.2525390625,10366.39501953125,10441.64876199168,10382.11968473389,59.52907725779005,18.53836874527533,80.94000647652794,10312.2525390625,10663.472673003536,9961.032405121463,0.37145036812440413
2018-04-20,10564.0498046875,10564.0498046875,10582.349609375,10527.4501953125,10560.349609375,244600,10332.692529296875,10364.34501953125,10460.47969163719,10395.595989915639,64.88370172155192,27.807435340530652,77.82608695652173,10332.692529296875,10692.907441316123,9972.477617277627,-0.011831183431687542
2018-04-23,10584.7001953125,10584.7001953125,10638.349609375,10514.9501953125,10592.7998046875,194200,10356.1900390625,10366.0740234375,10479.590538356468,10409.603708833925,69.9868295225424,36.243314176933005,77.37753998573876,10356.1900390625,10717.853295303497,9994.526782821502,0.19547797489403163
2018-04-24,10614.349609375,10614.349609375,10636.7998046875,10569.0,10578.099609375,219200,10387.005029296875,10368.82701171875,10500.32270312855,10424.770071836969,75.55263129158084,44.10517759986257,95.54784238776243,10387.005029296875,10724.3919353069,10049.618123286851,0.28011576629851653
2018-04-25,10570.5498046875,10570.5498046875,10612.599609375,10536.4501953125,10612.400390625,189200,10409.0,10368.701015625,10511.126872599158,10435.568570566638,75.55830203251935,50.39580248639393,82.24704913110097,10409.0,10733.114193563184,10084.885806436816,-0.41264708907660097
2018-04-26,10617.7998046875,10617.7998046875,10628.400390625,10559.650390625,10586.5,335100,10430.682470703125,10371.9580078125,10527.53809292044,10449.067180501517,78.47091241892304,56.010824472899756,83.96633372816177,10430.682470703125,10749.438265899607,10111.926675506642,0.44699661676110836
2018-04-27,10692.2998046875,10692.2998046875,10719.7998046875,10647.5498046875,10651.650390625,0,10459.612451171875,10375.00900390625,10552.886048576911,10467.0844119227,85.8016366542106,61.96898690916193,84.92359465827381,10459.612451171875,10761.83299167854,10157.39191066521,0.7016519558704637
2018-04-30,10739.349609375,10739.349609375,10759.0,10704.599609375,10705.75,173800,10485.98994140625,10379.77798828125,10581.572750238156,10487.252204326574,94.32054591158158,68.43929870964585,85.69463861750619,10485.98994140625,10789.228007286863,10182.751875525635,0.4400344691688707
2018-05-02,10718.0498046875,10718.0498046875,10784.650390625,10689.7998046875,10783.849609375,229700,10509.642431640625,10383.228984375,10602.56922015344,10504.348322871827,98.22089728161336,74.39561842403936,81.43546527643164,10509.642431640625,10807.482061482868,10211.802801798382,-0.19833421447520427
2018-05-03,10679.650390625,10679.650390625,10720.599609375,10647.4501953125,10720.150390625,185200,10537.204931640625,10387.77599609375,10614.427861764449,10517.333661223915,97.09420054053408,78.93533484733831,73.23879156312255,10537.204931640625,10784.17754823561,10290.23231504564,-0.3582686660562606
2018-05-04,10618.25,10618.25,10700.4501953125,10601.599609375,10700.4501953125,186500,10551.859912109376,10392.57298828125,10615.015883031458,10524.808945577699,90.20693745375866,81.18965536862238,63.36543348479447,10551.859912109376,10779.910831673245,10323.808992545506,-0.5749288448515077
2018-05-07,10715.5,10715.5,10725.650390625,10635.650390625,10653.150390625,168400,10571.054931640625,10399.67498046875,10630.474977949694,10538.93420886824,91.54076908145362,83.25987811118864,66.57814240929002,10571.054931640625,10785.250516635786,10356.859346645464,0.915875968262192
2018-05-08,10717.7998046875,10717.7998046875,10758.5498046875,10689.400390625,10757.900390625,269800,10587.97744140625,10406.08197265625,10643.909566678587,10552.18351226226,91.72605441632732,84.95311337221638,65.4740202176182,10587.97744140625,10791.620321000302,10384.334561812198,0.021462411343375898
2018-05-09,10741.7001953125,10741.7001953125,10766.25,10689.849609375,10693.349609375,215400,10604.949951171875,10413.26197265625,10658.954278776113,10566.221785080797,92.7324936953155,86.5089894368362,69.6696295187059,10604.949951171875,10799.809785961022,10410.090116382728,0.22299717349214543
2018-05-10,10716.5498046875,10716.5498046875,10785.5498046875,10705.0,10779.650390625,192100,10619.919921875,10417.77197265625,10667.815128916327,10577.357193940552,90.45793497577506,87.29877854462397,64.16597458758795,10619.919921875,10799.429803833042,10440.410039916958,-0.23413789407356056
2018-05-11,10806.5,10806.5,10812.0498046875,10724.4501953125,10741.9501953125,203100,10637.31240234375,10422.24998046875,10689.1512629292,10594.330735130141,94.82052779905825,88.80312839551084,69.47235333518434,10637.31240234375,10818.43018052847,10456.19462415903,0.839357787271755
2018-05-14,10806.599609375,10806.599609375,10834.849609375,10774.75,10815.150390625,171400,10653.61240234375,10427.2959765625,10707.220239305476,10610.054355444576,97.16588386090007,90.4756794885887,68.43021378966887,10653.61240234375,10834.022925122137,10473.201879565362,0.0009217542682682378
2018-05-15,10801.849609375,10801.849609375,10929.2001953125,10781.400390625,10812.599609375,254300,10667.28740234375,10433.4759765625,10721.778603931558,10624.261411291274,97.51719264028361,91.88398211892768,66.24502919028683,10667.28740234375,10849.175849481084,10485.398955206418,-0.04395462191344457
2018-05-16,10741.099609375,10741.099609375,10790.4501953125,10699.7001953125,10751.9501953125,231100,10676.907373046875,10439.1309765625,10724.751066307472,10632.91609263081,91.83497367666132,91.87418043047441,64.35484056570121,10676.907373046875,10852.634807755114,10501.179938338637,-0.5624036826737067
2018-05-17,10682.7001953125,10682.7001953125,10777.25,10664.5,10775.599609375,214100,10684.732373046874,10445.60798828125,10718.281701539014,10636.603803940567,81.67789759844709,89.83492386406895,55.36190304070844,10684.732373046874,10845.50479447578,10523.959951617968,-0.5437005165795927
2018-05-18,10596.400390625,10596.400390625,10674.9501953125,10589.099609375,10671.849609375,223000,10686.28740234375,10452.55099609375,10699.530730629165,10633.6257733246,65.90495730456496,85.04893055216816,42.22856030401689,10686.28740234375,10842.739482109186,10529.835322578316,-0.8078463600931896
2018-05-21,10516.7001953125,10516.7001953125,10621.7001953125,10505.7998046875,10616.7001953125,0,10683.919921875,10459.80099609375,10671.402955965063,10624.964619397777,46.43833656728566,77.32681175519167,32.86387940610997,10683.919921875,10849.336553274188,10518.503290475812,-0.7521440524559053
2018-05-22,10536.7001953125,10536.7001953125,10558.599609375,10490.5498046875,10518.4501953125,241700,10681.519921875,10465.6819921875,10650.679454326206,10618.426513909979,32.25294041622692,68.31203748739873,36.01452004036692,10681.519921875,10854.229924012086,10508.809919737914,0.19017372016476575
2018-05-23,10430.349609375,10430.349609375,10533.5498046875,10417.7998046875,10521.099609375,290900,10672.319921875,10469.7519921875,10616.782555102942,10604.494891351833,12.287663751108994,57.10716274014079,32.59803787907707,10672.319921875,10876.77988474583,10467.859959004169,-1.0093348388598211
2018-05-24,10513.849609375,10513.849609375,10535.150390625,10419.7998046875,10464.849609375,297600,10669.484912109376,10471.6009765625,10600.946717298642,10597.780426020216,3.1662912784267974,46.31898844779799,42.930638177436975,10669.484912109376,10881.325642036114,10457.644182182637,0.8005484296034426
2018-05-25,10605.150390625,10605.150390625,10628.0498046875,10524.0,10533.0498046875,260800,10668.85244140625,10475.1669921875,10601.593436271927,10598.326349324274,3.267086947653297,37.708608147769056,42.46710131594736,10668.85244140625,10881.417195877917,10456.287686934584,0.8683858400313049
2018-05-28,10688.650390625,10688.650390625,10709.7998046875,10640.5498046875,10648.349609375,232600,10668.669970703126,10480.7219921875,10614.986813864707,10605.017019050254,9.969794814453053,32.16084548110586,48.208728256473094,10668.669970703126,10881.156227618163,10456.183713788088,0.7873532851907061
2018-05-29,10633.2998046875,10633.2998046875,10717.25,10616.099609375,10689.400390625,225800,10663.36748046875,10486.18498046875,10617.804197068213,10607.112040208569,10.692156859644456,27.86710775681358,43.5865465504331,10663.36748046875,10873.709334457293,10453.025626480208,-0.5178444790938985
2018-05-30,10614.349609375,10614.349609375,10648.7001953125,10558.4501953125,10579.0,238700,10658.182470703125,10494.56896484375,10617.272722038488,10607.64815644312,9.62456559536804,24.218599324524476,43.90868823738264,10658.182470703125,10867.960530060132,10448.404411346117,-0.17821556488181178
2018-05-31,10736.150390625,10736.150390625,10763.7998046875,10620.400390625,10670.099609375,610300,10661.007470703125,10507.40697265625,10635.561594128721,10617.166840456592,18.39475367212981,23.053830194045545,45.96041047496215,10661.007470703125,10873.50687000493,10448.50807140132,1.1475105468772284
2018-06-01,10696.2001953125,10696.2001953125,10764.75,10681.5,10738.4501953125,220600,10664.90498046875,10518.843984375,10644.890609695458,10623.021163038511,21.86944665694682,22.816953486625803,43.938111891486685,10664.90498046875,10876.961323408306,10452.848637529192,-0.37210912532843476
2018-06-04,10628.5,10628.5,10770.2998046875,10618.349609375,10765.9501953125,203800,10660.55498046875,10528.308984375,10642.368977434619,10623.427002813436,18.941974621182453,22.041957713537133,41.097061142441,10660.55498046875,10871.809133395023,10449.300827542478,-0.6329368754912523
2018-06-05,10593.150390625,10593.150390625,10633.150390625,10550.900390625,10630.7001953125,167700,10654.322509765625,10537.8769921875,10634.796887156215,10621.184290799478,13.612596356737413,20.35608544217719,42.198024941601055,10654.322509765625,10865.820446235193,10442.824573296057,-0.3325926459519235
2018-06-06,10684.650390625,10684.650390625,10698.349609375,10587.5,10603.4501953125,189900,10651.47001953125,10551.60900390625,10642.466656920644,10625.885483379147,16.581173541497265,19.601103062041208,50.09937271286014,10651.47001953125,10859.516688276943,10443.423350785559,0.86376570355291
2018-06-07,10768.349609375,10768.349609375,10818.0,10722.599609375,10722.599609375,220900,10654.060009765624,10564.36298828125,10661.833264990544,10636.438381601061,25.394883389482857,20.759859127529538,58.78500009978646,10654.060009765624,10866.755753362275,10441.364266168974,0.7833594520176401
2018-06-08,10767.650390625,10767.650390625,10779.4501953125,10709.0498046875,10736.400390625,209400,10652.117529296875,10576.03298828125,10678.112822780462,10646.157789676909,31.955033103553433,22.998893922734318,63.94708019491057,10652.117529296875,10859.597083789067,10444.637974804682,-0.006493276828523076
2018-06-11,10786.9501953125,10786.9501953125,10850.5498046875,10777.0498046875,10781.849609375,211400,10651.13505859375,10589.49798828125,10694.857033939237,10656.586856761025,38.27017717821218,26.05315057382989,63.91899848564842,10651.13505859375,10855.700176814044,10446.569940373458,0.17923877528847054
2018-06-12,10842.849609375,10842.849609375,10856.5498046875,10789.400390625,10816.150390625,198300,10653.18505859375,10602.118984375,10717.625122467816,10670.384097695394,47.24102477242195,30.2907254135483,74.30760164997054,10653.18505859375,10864.809482230656,10441.560634956844,0.5182133323169635
2018-06-13,10856.7001953125,10856.7001953125,10893.25,10842.650390625,10887.5,213400,10658.965087890625,10614.35298828125,10739.021287520844,10684.185290111476,54.83599740936734,35.19977981271211,72.01003582251991,10658.965087890625,10886.422210322859,10431.507965458391,0.12773935299743577
2018-06-14,10808.0498046875,10808.0498046875,10833.7001953125,10773.5498046875,10832.900390625,184300,10665.232568359375,10627.9459765625,10749.641059392636,10693.36043933933,56.28062005330503,39.41594786083069,63.78017931497382,10665.232568359375,10902.15440682271,10428.31072989604,-0.44811397339686865
2018-06-15,10817.7001953125,10817.7001953125,10834.0,10755.400390625,10808.650390625,305400,10676.29755859375,10637.79697265625,10760.111695688,10702.57079163364,57.54090405436,43.04093909953655,59.74180497665306,10676.29755859375,10920.250369698611,10432.344747488887,0.0892889170515776
2018-06-18,10799.849609375,10799.849609375,10830.2001953125,10787.349609375,10830.2001953125,196600,10690.455029296874,10647.16197265625,10766.225220870614,10709.776629984852,56.448590885762314,45.72246945678171,63.32717040167415,10690.455029296874,10928.195151929725,10452.714906664023,-0.165012762557748
2018-06-19,10710.4501953125,10710.4501953125,10789.4501953125,10701.2001953125,10789.4501953125,224500,10699.142529296874,10653.783984375,10757.644447707828,10709.826523712825,47.817923995002275,46.14156036442583,56.9107301116453,10699.142529296874,10925.659191928064,10472.625866665685,-0.8277838793689818
2018-06-20,10772.0498046875,10772.0498046875,10781.7998046875,10724.0498046875,10734.650390625,193500,10716.2275390625,10661.17998046875,10759.860656473931,10714.435655636875,45.42500083705636,45.998248458951934,52.82628651738088,10716.2275390625,10905.93614024163,10526.51893788337,0.5751355755517995
2018-06-21,10741.099609375,10741.099609375,10809.599609375,10725.900390625,10808.4501953125,223600,10727.5900390625,10667.65896484375,10756.974341535633,10716.41076332118,40.56357821445272,44.91131441005209,53.58565022421524,10727.5900390625,10891.765230340723,10563.414847784275,-0.28731945983977436
2018-06-22,10821.849609375,10821.849609375,10837.0,10710.4501953125,10742.7001953125,229800,10738.425,10674.92294921875,10766.95515197246,10724.221048214056,42.73410375840285,44.475872279722246,65.12556379948907,10738.425,10897.08688167828,10579.763118321718,0.7517852262492797
2018-06-25,10762.4501953125,10762.4501953125,10831.0498046875,10753.0498046875,10822.900390625,229600,10742.114990234375,10680.5599609375,10766.262081717081,10727.052836888015,39.20924482906594,43.42254678959098,62.76389124080605,10742.114990234375,10899.3288526383,10584.90112783045,-0.5488841206131911
2018-06-26,10769.150390625,10769.150390625,10805.25,10732.5498046875,10742.7001953125,220000,10748.90751953125,10685.3759765625,10766.706436933684,10730.171174201865,36.535262731818875,42.045089978036565,57.30465320456541,10748.90751953125,10897.847169768313,10599.967869294189,0.06225529680423669
2018-06-27,10671.400390625,10671.400390625,10785.5,10652.400390625,10785.5,246000,10751.76005859375,10687.82998046875,10752.04396827081,10725.817782825801,26.226185445008014,38.881309071430856,41.817930070483364,10751.76005859375,10891.766168591335,10611.753948596166,-0.9076853461448153
2018-06-28,10589.099609375,10589.099609375,10674.2001953125,10557.7001953125,10660.7998046875,352300,10744.40751953125,10689.08796875,10726.975605363761,10715.690510718336,11.285094645425488,33.36206618622978,36.755390972258446,10744.40751953125,10902.182635884783,10586.632403177719,-0.7712275637441368
2018-06-29,10714.2998046875,10714.2998046875,10723.0498046875,10612.349609375,10612.849609375,242800,10745.3125,10692.06796875,10725.025482182798,10715.587495456792,9.437986726006784,28.577250294185184,45.342632125909326,10745.3125,10902.128072842794,10588.496927157206,1.1823497741172861
2018-07-02,10657.2998046875,10657.2998046875,10736.150390625,10604.650390625,10732.349609375,295400,10746.752490234376,10693.93296875,10714.606147183522,10711.26988873314,3.3362584503811377,23.529051925424376,38.12179840634561,10746.752490234376,10899.528515772266,10593.976464696485,-0.5319993003655044
2018-07-03,10699.900390625,10699.900390625,10713.2998046875,10630.25,10668.599609375,202100,10752.089990234375,10696.23697265625,10712.343723097596,10710.427703688094,1.9160194095020415,19.20644542223991,40.318630258900654,10752.089990234375,10888.895020543072,10615.284959925679,0.39973151471972557
2018-07-04,10769.900390625,10769.900390625,10777.150390625,10677.75,10715.0,173900,10756.352490234374,10699.34798828125,10721.198595024889,10714.833087905641,6.365507119247923,16.638257761641512,47.705026089796846,10756.352490234374,10889.57561937135,10623.129361097399,0.6542116977213297
2018-07-05,10749.75,10749.75,10786.0498046875,10726.25,10786.0498046875,220500,10755.422509765625,10702.9319921875,10725.591118867214,10717.419525838557,8.171593028657298,14.94492481504467,45.96328135605806,10755.422509765625,10888.552659687975,10622.292359843275,-0.18709913642785958
2018-07-06,10772.650390625,10772.650390625,10816.349609375,10735.0498046875,10744.150390625,0,10755.672509765625,10706.02900390625,10732.83100682995,10721.510701007923,11.320305822027876,14.220001016441312,48.39381238307678,10755.672509765625,10888.918071513175,10622.426948018076,0.21303184376380013
2018-07-09,10852.900390625,10852.900390625,10860.349609375,10807.150390625,10838.2998046875,183600,10758.97001953125,10709.241015625,10751.303219721496,10731.243270609188,20.05994911230846,15.387990635614742,58.503963724256785,10758.97001953125,10898.58663706572,10619.353401996781,0.7449420253147654
2018-07-10,10947.25,10947.25,10956.900390625,10876.650390625,10902.75,197000,10764.1900390625,10713.3990234375,10781.448878225881,10747.243769082581,34.20510914330043,19.15141433715188,60.065485547958964,10764.1900390625,10923.43787164179,10604.942206483209,0.8693492612951825
2018-07-11,10948.2998046875,10948.2998046875,10976.650390625,10923.0,10956.400390625,222300,10768.77001953125,10718.0040234375,10807.118251527669,10762.136808757019,44.981442770649664,24.31742002385144,62.32745467834729,10768.77001953125,10943.715511931427,10593.824527131073,0.009589665783638068
2018-07-12,11023.2001953125,11023.2001953125,11078.2998046875,10999.650390625,11006.9501953125,248300,10779.5275390625,10724.87501953125,10840.361627494565,10781.474837390757,58.88679010380838,31.23129403984283,62.06339715018237,10779.5275390625,10987.90749239914,10571.14758572586,0.6841280560560881
2018-07-13,11018.900390625,11018.900390625,11071.349609375,10999.75,11056.900390625,0,10789.587548828125,10732.88802734375,10867.829129514632,10799.061915408109,68.76721410652317,38.738478053178895,66.45066960342488,10789.587548828125,11023.579725024385,10555.595372631866,-0.03900686380828855
2018-07-16,10936.849609375,10936.849609375,11019.5,10926.25,11018.9501953125,210500,10796.437548828126,10737.31501953125,10878.447664877765,10809.268411257508,69.17925362025744,44.826633166594604,59.80923504372126,10796.437548828126,11039.538551257321,10553.33654639893,-0.744636745421623
2018-07-17,11008.0498046875,11008.0498046875,11018.5,10925.599609375,10939.650390625,210600,10811.317529296875,10743.12001953125,10898.386455617723,10823.992958918989,74.39349669873445,50.74000587302258,70.322862859629,10811.317529296875,11068.293304544733,10554.341754049017,0.6510119262449043
2018-07-18,10980.4501953125,10980.4501953125,11076.2001953125,10956.2998046875,11060.2001953125,225500,10821.737548828125,10747.89501953125,10911.011646339995,10835.582383837027,75.42926250296841,55.67785719901175,75.2956949541545,10821.737548828125,11088.715165249247,10554.759932407003,-0.2507220612614547
2018-07-19,10957.099609375,10957.099609375,11006.5,10935.4501953125,10999.5,215400,10832.537548828124,10752.706015625,10918.102102191535,10844.583659802804,73.51844238873127,59.245974236955654,68.07347239042602,10832.537548828124,11103.23006679222,10561.845030864028,-0.21265599790679657
2018-07-20,11010.2001953125,11010.2001953125,11030.25,10946.2001953125,10963.5,187300,10841.955078125,10756.78001953125,10932.27103959476,10856.85155132204,75.41948827271881,62.48067704410829,76.42250266879195,10841.955078125,11123.951559377105,10559.958596872895,0.484622644956767
2018-07-23,11084.75,11084.75,11093.400390625,11010.9501953125,11019.849609375,229100,10858.070068359375,10762.34302734375,10955.729341195567,10873.732917890778,81.99642330478855,66.38382629624434,77.49900215757258,10858.070068359375,11157.249318563508,10558.890818155242,0.6770976309698584
2018-07-24,11134.2998046875,11134.2998046875,11143.400390625,11092.5,11109.0,205800,10876.3275390625,10768.99203125,10983.201720194325,10893.03416876461,90.16755142971488,71.14057132293846,76.82161571581572,10876.3275390625,11196.489838772592,10556.16523935241,0.447008770495505
2018-07-25,11132.0,11132.0,11157.150390625,11113.25,11148.400390625,205900,10899.35751953125,10776.8100390625,11006.093763241352,10910.735341448713,95.35842179263818,75.9841414168784,78.89480102638906,10899.35751953125,11223.689768717864,10575.025270344635,-0.02065513528324292
2018-07-26,11167.2998046875,11167.2998046875,11185.849609375,11125.7001953125,11132.9501953125,365400,10928.267529296874,10786.50203125,11030.894692694605,10929.740116503439,101.15457619116569,81.01822837173586,79.28315432963828,10928.267529296874,11238.9464162911,10617.588642302648,0.3171020902578148
2018-07-27,11278.349609375,11278.349609375,11283.400390625,11210.25,11232.75,314600,10956.47001953125,10800.141015625,11068.964679876204,10955.563041901332,113.40163797487185,87.49491029236306,80.18867401553851,10956.47001953125,11287.129385654138,10625.810653408364,0.9944194803553685
2018-07-30,11319.5498046875,11319.5498046875,11328.099609375,11261.4501953125,11296.650390625,278800,10989.58251953125,10816.1980078125,11107.516237539481,10982.525024329938,124.99121320954328,94.99417087579911,78.5724671244437,10989.58251953125,11326.672086806362,10652.492952256138,0.3653034064332594
2018-07-31,11356.5,11356.5,11366.0,11267.75,11311.0498046875,256500,11022.4125,10832.59400390625,11145.821431764176,11010.226874379572,135.59455738460383,103.11424817756007,79.69154665655158,11022.4125,11368.487054502339,10676.337945497662,0.3264281349528497
2018-08-01,11346.2001953125,11346.2001953125,11390.5498046875,11313.5498046875,11359.7998046875,269700,11051.227490234374,10850.911015625,11176.648933848533,11035.113787041271,141.5351468072622,110.79842790350051,75.93124557035067,11051.227490234374,11404.666570092502,10697.788410376246,-0.09069523785937283
2018-08-02,11244.7001953125,11244.7001953125,11328.900390625,11234.9501953125,11328.900390625,210000,11075.975,10865.52802734375,11187.118358689144,11050.638706172474,136.47965251666938,115.93467282613429,65.68052072412011,11075.975,11409.271247475925,10742.678752524076,-0.8945726168478219
2018-08-03,11360.7998046875,11360.7998046875,11368.0,11294.5498046875,11297.7998046875,218300,11105.382470703125,10880.641015625,11213.83858115043,11073.613602358773,140.22497879165712,120.79273401923886,78.11155129787463,11105.382470703125,11429.65776304524,10781.107178361011,1.0324829240302646
2018-08-06,11387.099609375,11387.099609375,11427.650390625,11370.599609375,11401.5,203700,11132.092431640625,10894.61,11240.49412395421,11096.83478806368,143.6593358905302,125.36605439349714,76.72566578854233,11132.092431640625,11456.80529751548,10807.37956576577,0.23149606664707445
2018-08-07,11389.4501953125,11389.4501953125,11428.9501953125,11359.7001953125,11423.150390625,226400,11154.20244140625,10909.7330078125,11263.410442624716,11118.510003415444,144.900439209272,129.27293135665212,79.90201538167165,11154.20244140625,11486.062227383709,10822.342655428793,0.020642534254866618
2018-08-08,11450.0,11450.0,11459.9501953125,11379.2998046875,11412.5,210500,11179.287451171875,10926.446015625,11292.11652837476,11143.064817977263,149.0517103974962,133.22868716482094,84.176997478352,11179.287451171875,11521.305303559486,10837.269598784264,0.5316306199962151
2018-08-09,11470.7001953125,11470.7001953125,11495.2001953125,11454.099609375,11493.25,302200,11201.662451171875,10941.13701171875,11319.590938672874,11167.334105187281,152.25683348559323,137.03431642897542,83.43259201279587,11201.662451171875,11558.898138499488,10844.426763844262,0.1807877319869089
2018-08-10,11429.5,11429.5,11478.75,11419.650390625,11474.9501953125,0,11222.192431640626,10955.8030078125,11336.500025030893,11186.753801099334,149.74622393155914,139.57669792949216,76.30275467233317,11222.192431640626,11582.385573790707,10861.999289490544,-0.3591776841080363
2018-08-13,11355.75,11355.75,11406.2998046875,11340.2998046875,11369.599609375,246900,11243.137451171875,10970.3480078125,11339.461559641524,11199.272038054938,140.18952158658612,139.69926266091096,66.29388999783004,11243.137451171875,11581.52494140071,10904.74996094304,-0.6452600726191027
2018-08-14,11435.099609375,11435.099609375,11452.4501953125,11370.7998046875,11381.7001953125,232600,11264.48994140625,10987.1869921875,11354.175105754366,11216.74074704161,137.43435871275688,139.24628187128016,70.03038368109785,11264.48994140625,11594.200703390541,10934.779179421957,0.6987615029830696
2018-08-16,11385.0498046875,11385.0498046875,11449.849609375,11366.25,11397.150390625,290600,11284.719921875,11001.19498046875,11358.925059436388,11229.208084645008,129.71697479137947,137.34042045530003,64.11487069893221,11284.719921875,11589.778914367409,10979.66092938259,-0.4376857779749166
2018-08-17,11470.75,11470.75,11486.4501953125,11431.7998046875,11437.150390625,234700,11310.40244140625,11015.24298828125,11376.128896446175,11247.100078375006,129.02881807116864,135.67809997847377,62.895468540549594,11310.40244140625,11584.21374096641,11036.59114184609,0.7527432622843166
2018-08-20,11551.75,11551.75,11565.2998046875,11499.650390625,11502.099609375,232600,11337.479931640624,11030.92498046875,11403.147527762148,11269.666739236116,133.48078852603248,135.23863768798552,64.77476794517926,11337.479931640624,11592.774777826864,11082.185085454385,0.7061438877143944
2018-08-21,11570.900390625,11570.900390625,11581.75,11539.599609375,11576.2001953125,224200,11361.787451171875,11046.603984375,11428.955660510279,11291.9803430427,136.97531746757886,135.5859736439042,63.958358764648445,11361.787451171875,11608.184225772306,11115.390676571444,0.165779129785526
2018-08-23,11582.75,11582.75,11620.7001953125,11546.7001953125,11620.7001953125,248500,11384.2099609375,11061.4019921875,11452.616328124082,11313.518836150648,139.09749197343444,136.28827730981027,65.3693629214524,11384.2099609375,11624.997025562927,11143.422896312073,0.10240870610727093
2018-08-24,11557.099609375,11557.099609375,11604.599609375,11532.0,11566.599609375,218800,11405.46494140625,11075.40998046875,11468.690679085761,11331.561856389488,137.12882269627335,136.4563863871029,72.5168895852602,11405.46494140625,11626.773457701634,11184.156425110865,-0.22145337355118366
2018-08-27,11691.9501953125,11691.9501953125,11700.9501953125,11595.599609375,11605.849609375,199500,11431.6974609375,11093.08798828125,11503.038296966797,11358.257288902305,144.7810080644922,138.12131072258074,73.24021657185936,11431.6974609375,11658.450839054925,11204.944082820073,1.1668203138797129
2018-08-28,11738.5,11738.5,11760.2001953125,11710.5,11731.9501953125,241900,11454.70498046875,11111.503984375,11539.263174356522,11386.423415650283,152.83975870623908,141.06500031931242,73.97978904044591,11454.70498046875,11707.79390351989,11201.61605741761,0.39813550271674547
2018-08-29,11691.900390625,11691.900390625,11753.2001953125,11678.849609375,11744.9501953125,251600,11473.322509765625,11129.345,11562.74582301321,11409.051339722484,153.69448329072657,143.59089691359526,69.4639371440566,11473.322509765625,11739.01683640095,11207.6281831303,-0.39698095476423667
2018-08-30,11676.7998046875,11676.7998046875,11698.7998046875,11639.7001953125,11694.75,313800,11489.3375,11148.6719921875,11580.29258942464,11428.88455934952,151.4080300751193,145.15432354590007,65.50235829850064,11489.3375,11763.849476441283,11214.825523558717,-0.12915424723947133
2018-08-31,11680.5,11680.5,11727.650390625,11640.099609375,11675.849609375,346500,11506.052490234375,11166.84099609375,11595.709114128542,11447.522740138445,148.1863739900964,145.76073363473935,64.6815617871411,11506.052490234375,11784.549174590864,11227.555805877886,0.031688436681198695
2018-09-03,11582.349609375,11582.349609375,11751.7998046875,11567.400390625,11751.7998046875,234400,11522.9349609375,11183.66599609375,11593.65380570492,11457.509915637449,136.14389006747115,143.8373649212857,59.90662889288907,11522.9349609375,11774.342697357328,11271.527224517673,-0.840292715423141
2018-09-04,11520.2998046875,11520.2998046875,11602.5498046875,11496.849609375,11598.75,254800,11530.9099609375,11197.635,11582.368574779164,11462.161018530045,120.20755624911908,139.11140318685239,60.82919336491063,11530.9099609375,11770.503876083862,11291.31604579114,-0.535727264157837
2018-09-05,11476.9501953125,11476.9501953125,11542.650390625,11393.849609375,11514.849609375,246100,11535.402490234375,11211.925,11566.150362553522,11463.256513106522,102.89384944700032,131.867892438882,52.89122828795838,11535.402490234375,11766.874435803833,11303.930544664918,-0.37628889968090995
2018-09-06,11536.900390625,11536.900390625,11562.25,11436.0498046875,11514.150390625,247900,11542.775,11227.28,11561.65036687221,11468.711615144928,92.93875172728258,124.08206429656211,60.34896087767335,11542.775,11763.832070906728,11321.71792909327,0.5223530144531363
2018-09-07,11589.099609375,11589.099609375,11603.0,11484.400390625,11558.25,295900,11549.72998046875,11245.633984375,11565.873327257255,11477.629244347156,88.24408291009968,116.91446801926962,58.451727725907105,11549.72998046875,11767.220897197254,11332.239063740246,0.45245444601755835
2018-09-10,11438.099609375,11438.099609375,11573.0,11427.2998046875,11570.25,286700,11548.099951171875,11262.613984375,11546.215832198448,11474.701123238108,71.5147089603397,107.83451620748365,42.62154560924333,11548.099951171875,11768.553270006969,11327.64663233678,-1.3029485041085365
2018-09-11,11287.5,11287.5,11479.400390625,11274.0,11476.849609375,0,11540.999951171874,11274.07798828125,11506.41339647561,11460.83437336862,45.57902310698955,95.38341758738484,34.28346753491516,11540.999951171874,11785.383859081026,11296.616043262722,-1.3166488710376734
2018-09-12,11369.900390625,11369.900390625,11380.75,11250.2001953125,11340.099609375,268200,11541.707470703124,11288.33,11485.411395575517,11454.098522795019,31.312872780497855,82.56930862600744,39.0526398267372,11541.707470703124,11783.905346371115,11299.509595035133,0.7300145348837273
2018-09-14,11515.2001953125,11515.2001953125,11523.25,11430.5498046875,11443.5,276600,11545.7125,11304.63599609375,11489.994287842745,11458.624572611128,31.369715231616283,72.32938994712921,48.08117688414074,11545.7125,11783.088815274963,11308.336184725036,1.2779338401883056
2018-09-17,11377.75,11377.75,11464.9501953125,11366.900390625,11464.9501953125,201400,11545.347509765625,11316.79298828125,11472.725935866936,11452.633863528821,20.09207233811503,61.88192642532638,35.64508573034762,11545.347509765625,11783.7840540717,11306.910965459549,-1.1936413868727347
2018-09-18,11278.900390625,11278.900390625,11411.4501953125,11268.9501953125,11381.5498046875,240900,11535.755029296875,11327.37599609375,11442.906621214332,11439.764717387798,3.1419038265339623,50.133921905567895,29.959888266253344,11535.755029296875,11800.781700086702,11270.728358507049,-0.8687975159851424
2018-09-19,11234.349609375,11234.349609375,11332.0498046875,11210.900390625,11326.650390625,250600,11519.885009765625,11336.60998046875,11410.820927085204,11424.548783460923,-13.727856375719057,37.361566249310506,30.013513951619373,11519.885009765625,11816.954250237577,11222.815769293673,-0.3949922395540484
2018-09-21,11143.099609375,11143.099609375,11346.7998046875,10866.4501953125,11271.2998046875,719000,11498.494970703125,11342.41396484375,11369.633032052865,11403.700696491594,-34.06766443872948,23.07572011170251,28.141371203400695,11498.494970703125,11838.588495984093,11158.401445422156,-0.812241056873042
2018-09-24,10967.400390625,10967.400390625,11170.150390625,10943.599609375,11164.400390625,0,11467.727490234374,11342.81697265625,11307.751087217808,11371.38215531629,-63.6310680984825,5.734362469665506,24.400480709228404,11467.727490234374,11879.50973062858,11055.945249840168,-1.5767535507102526
2018-09-25,11067.4501953125,11067.4501953125,11080.599609375,10882.849609375,10969.9501953125,405000,11443.24501953125,11345.19998046875,11270.781719232375,11348.868676797492,-78.0869575651177,-11.029901537291137,31.54083089489984,11443.24501953125,11889.44030928913,10997.049729773371,0.9122472156029238
2018-09-26,11053.7998046875,11053.7998046875,11145.5498046875,10993.0498046875,11145.5498046875,340500,11411.3375,11345.81197265625,11237.399886225472,11327.011723307864,-89.6118370823915,-26.746288646311214,32.67472309064928,11411.3375,11873.62702848818,10949.04797151182,-0.12333817079910325
2018-09-27,10977.5498046875,10977.5498046875,11089.4501953125,10953.349609375,11079.7998046875,405700,11373.289990234374,11344.9849609375,11197.422950604247,11301.12565526191,-103.70270465766407,-42.137571848581786,31.895277207392198,11373.289990234374,11847.312939250818,10899.26704121793,-0.6898080420062014
2018-09-28,10930.4501953125,10930.4501953125,11034.099609375,10850.2998046875,11008.099609375,478100,11335.21748046875,11344.85697265625,11156.350219020902,11273.668213784176,-117.31799476327433,-57.1736564315203,27.80763339792057,11335.21748046875,11823.591478365961,10846.843482571538,-0.4290539347394984